ISO-10303-21;
HEADER;
FILE_DESCRIPTION (( 'STEP AP214' ),
    '1' );
FILE_NAME ('CDRH3D14-HPNP-100NC.STEP',
    '2024-02-15T18:26:13',
    ( '' ),
    ( '' ),
    'SwSTEP 2.0',
    'SolidWorks 2022',
    '' );
FILE_SCHEMA (( 'AUTOMOTIVE_DESIGN' ));
ENDSEC;

DATA;
#1 = FILL_AREA_STYLE_COLOUR ( '', #2255 ) ;
#2 = ORIENTED_EDGE ( 'NONE', *, *, #194, .T. ) ;
#3 = ORIENTED_EDGE ( 'NONE', *, *, #1925, .F. ) ;
#4 = CARTESIAN_POINT ( 'NONE',  ( 1.929289321881344499, 0.5000000000000000000, 0.9292893218813452760 ) ) ;
#5 = SURFACE_SIDE_STYLE ('',( #3026 ) ) ;
#6 =( NAMED_UNIT ( * ) PLANE_ANGLE_UNIT ( ) SI_UNIT ( $, .RADIAN. ) );
#7 = VERTEX_POINT ( 'NONE', #2221 ) ;
#8 = UNCERTAINTY_MEASURE_WITH_UNIT (LENGTH_MEASURE( 1.000000000000000082E-05 ), #1134, 'distance_accuracy_value', 'NONE');
#9 = ORIENTED_EDGE ( 'NONE', *, *, #2300, .T. ) ;
#10 = CARTESIAN_POINT ( 'NONE',  ( -1.930659245424389825, 0.5000000000000000000, -1.328455888110519068 ) ) ;
#11 = DIRECTION ( 'NONE',  ( -1.000000000000000000, 0.000000000000000000, 0.000000000000000000 ) ) ;
#12 = PRESENTATION_STYLE_ASSIGNMENT (( #323 ) ) ;
#13 = CARTESIAN_POINT ( 'NONE',  ( -1.252022464443368177, 0.5000000000000000000, -1.833101546995083320 ) ) ;
#14 = VERTEX_POINT ( 'NONE', #3183 ) ;
#15 = DIRECTION ( 'NONE',  ( 0.000000000000000000, 1.000000000000000000, 0.000000000000000000 ) ) ;
#16 = SURFACE_SIDE_STYLE ('',( #2708 ) ) ;
#17 = SURFACE_STYLE_USAGE ( .BOTH. , #918 ) ;
#18 = EDGE_CURVE ( 'NONE', #919, #2324, #373, .T. ) ;
#19 = ORIENTED_EDGE ( 'NONE', *, *, #1059, .F. ) ;
#20 = EDGE_CURVE ( 'NONE', #88, #2525, #1366, .T. ) ;
#21 = SURFACE_STYLE_FILL_AREA ( #3072 ) ;
#22 = ORIENTED_EDGE ( 'NONE', *, *, #2881, .F. ) ;
#23 = FACE_OUTER_BOUND ( 'NONE', #3145, .T. ) ;
#24 = CARTESIAN_POINT ( 'NONE',  ( 1.920172494404391639, 0.5000000000000000000, 1.197721858797649475 ) ) ;
#25 = EDGE_CURVE ( 'NONE', #1219, #1799, #1048, .T. ) ;
#26 = ORIENTED_EDGE ( 'NONE', *, *, #855, .T. ) ;
#27 = ORIENTED_EDGE ( 'NONE', *, *, #809, .F. ) ;
#28 = VECTOR ( 'NONE', #2811, 1000.000000000000000 ) ;
#29 = FILL_AREA_STYLE_COLOUR ( '', #1712 ) ;
#30 = DIRECTION ( 'NONE',  ( 0.000000000000000000, 1.000000000000000000, 0.000000000000000000 ) ) ;
#31 = CARTESIAN_POINT ( 'NONE',  ( -2.000000000000000888, 0.5000000000000000000, -1.000000000000000000 ) ) ;
#32 = FILL_AREA_STYLE ('',( #417 ) ) ;
#33 = PRESENTATION_LAYER_ASSIGNMENT (  '', '', ( #1751 ) ) ;
#34 = PLANE ( 'NONE',  #3491 ) ;
#35 = VERTEX_POINT ( 'NONE', #1625 ) ;
#36 = FILL_AREA_STYLE ('',( #3389 ) ) ;
#37 =( GEOMETRIC_REPRESENTATION_CONTEXT ( 3 ) GLOBAL_UNCERTAINTY_ASSIGNED_CONTEXT ( ( #2173 ) ) GLOBAL_UNIT_ASSIGNED_CONTEXT ( ( #1172, #474, #519 ) ) REPRESENTATION_CONTEXT ( 'NONE', 'WORKASPACE' ) );
#38 =( GEOMETRIC_REPRESENTATION_CONTEXT ( 3 ) GLOBAL_UNCERTAINTY_ASSIGNED_CONTEXT ( ( #45 ) ) GLOBAL_UNIT_ASSIGNED_CONTEXT ( ( #235, #1237, #2376 ) ) REPRESENTATION_CONTEXT ( 'NONE', 'WORKASPACE' ) );
#39 =( LENGTH_UNIT ( ) NAMED_UNIT ( * ) SI_UNIT ( .MILLI., .METRE. ) );
#40 = VECTOR ( 'NONE', #559, 1000.000000000000114 ) ;
#41 = ORIENTED_EDGE ( 'NONE', *, *, #3219, .T. ) ;
#42 = PRESENTATION_LAYER_ASSIGNMENT (  '', '', ( #2021 ) ) ;
#43 = ORIENTED_EDGE ( 'NONE', *, *, #3317, .F. ) ;
#44 = ORIENTED_EDGE ( 'NONE', *, *, #3760, .T. ) ;
#45 = UNCERTAINTY_MEASURE_WITH_UNIT (LENGTH_MEASURE( 1.000000000000000082E-05 ), #235, 'distance_accuracy_value', 'NONE');
#46 = ORIENTED_EDGE ( 'NONE', *, *, #676, .T. ) ;
#47 = PRESENTATION_STYLE_ASSIGNMENT (( #2413 ) ) ;
#48 = DIRECTION ( 'NONE',  ( -0.7081841406410490647, 0.000000000000000000, 0.7060277777428440871 ) ) ;
#49 = VECTOR ( 'NONE', #2770, 1000.000000000000000 ) ;
#50 = FACE_OUTER_BOUND ( 'NONE', #3331, .T. ) ;
#51 = VECTOR ( 'NONE', #923, 1000.000000000000000 ) ;
#52 = CARTESIAN_POINT ( 'NONE',  ( -1.944672800657279765, 1.000000000000000000, -1.172762213103988538 ) ) ;
#53 = ORIENTED_EDGE ( 'NONE', *, *, #1664, .T. ) ;
#54 = CARTESIAN_POINT ( 'NONE',  ( 0.000000000000000000, 1.000000000000000000, 0.000000000000000000 ) ) ;
#55 = FILL_AREA_STYLE_COLOUR ( '', #1186 ) ;
#56 = ORIENTED_EDGE ( 'NONE', *, *, #3517, .T. ) ;
#57 = AXIS2_PLACEMENT_3D ( 'NONE', #2301, #2703, #1765 ) ;
#58 = ORIENTED_EDGE ( 'NONE', *, *, #2530, .T. ) ;
#59 = DIRECTION ( 'NONE',  ( 0.7071067811865474617, -0.000000000000000000, -0.7071067811865475727 ) ) ;
#60 = ORIENTED_EDGE ( 'NONE', *, *, #3393, .T. ) ;
#61 = CARTESIAN_POINT ( 'NONE',  ( 1.833101546995083542, 0.5000000000000000000, 1.252022464443367733 ) ) ;
#62 = FACE_OUTER_BOUND ( 'NONE', #3165, .T. ) ;
#63 = DIRECTION ( 'NONE',  ( 0.000000000000000000, -1.000000000000000000, 0.000000000000000000 ) ) ;
#64 = EDGE_CURVE ( 'NONE', #1209, #2460, #3416, .T. ) ;
#65 = ORIENTED_EDGE ( 'NONE', *, *, #713, .T. ) ;
#66 = VERTEX_POINT ( 'NONE', #3164 ) ;
#67 = CARTESIAN_POINT ( 'NONE',  ( -1.908725116671069699, 0.5000000000000000000, -1.165165229309751416 ) ) ;
#68 = EDGE_CURVE ( 'NONE', #3450, #935, #784, .T. ) ;
#69 = DIRECTION ( 'NONE',  ( 0.000000000000000000, 1.000000000000000000, 0.000000000000000000 ) ) ;
#70 = CARTESIAN_POINT ( 'NONE',  ( -0.5762133289941131498, 0.000000000000000000, -1.275922489608801502 ) ) ;
#71 = FILL_AREA_STYLE ('',( #1878 ) ) ;
#72 = VERTEX_POINT ( 'NONE', #2257 ) ;
#73 = DIRECTION ( 'NONE',  ( -1.000000000000000000, 0.000000000000000000, 0.000000000000000000 ) ) ;
#74 = CARTESIAN_POINT ( 'NONE',  ( -1.353176370287435759, 1.000000000000000000, -1.934207974095810023 ) ) ;
#75 = ADVANCED_FACE ( 'NONE', ( #2854 ), #2875, .F. ) ;
#76 = ORIENTED_EDGE ( 'NONE', *, *, #1158, .F. ) ;
#77 = CARTESIAN_POINT ( 'NONE',  ( 1.833101546995083542, 0.5000000000000000000, 1.252022464443367733 ) ) ;
#78 = ORIENTED_EDGE ( 'NONE', *, *, #3630, .F. ) ;
#79 = SURFACE_STYLE_FILL_AREA ( #432 ) ;
#80 = CARTESIAN_POINT ( 'NONE',  ( -1.280489394457767771, -0.2500000000000000000, -0.5659919705094583753 ) ) ;
#81 = CARTESIAN_POINT ( 'NONE',  ( 1.934336177217212738, 0.5000000000000000000, 1.183601303242792779 ) ) ;
#82 = DIRECTION ( 'NONE',  ( -0.7081841406410523954, 0.000000000000000000, -0.7060277777428407564 ) ) ;
#83 = SURFACE_STYLE_FILL_AREA ( #2539 ) ;
#84 = VECTOR ( 'NONE', #95, 1000.000000000000000 ) ;
#85 = FACE_OUTER_BOUND ( 'NONE', #2949, .T. ) ;
#86 = STYLED_ITEM ( 'NONE', ( #2870 ), #275 ) ;
#87 = FILL_AREA_STYLE ('',( #3804 ) ) ;
#88 = VERTEX_POINT ( 'NONE', #514 ) ;
#89 = CARTESIAN_POINT ( 'NONE',  ( -1.929289321881345609, 0.5000000000000000000, -0.9292893218813448319 ) ) ;
#90 = FILL_AREA_STYLE ('',( #3388 ) ) ;
#91 = STYLED_ITEM ( 'NONE', ( #3541 ), #517 ) ;
#92 = DIRECTION ( 'NONE',  ( -0.000000000000000000, -1.000000000000000000, -0.000000000000000000 ) ) ;
#93 = CARTESIAN_POINT ( 'NONE',  ( 0.000000000000000000, 0.000000000000000000, 0.000000000000000000 ) ) ;
#94 = ORIENTED_EDGE ( 'NONE', *, *, #1388, .F. ) ;
#95 = DIRECTION ( 'NONE',  ( 0.000000000000000000, 1.000000000000000000, 0.000000000000000000 ) ) ;
#96 = PRESENTATION_LAYER_ASSIGNMENT (  '', '', ( #2269 ) ) ;
#97 = EDGE_CURVE ( 'NONE', #2207, #2344, #2015, .T. ) ;
#98 = AXIS2_PLACEMENT_3D ( 'NONE', #1034, #1012, #414 ) ;
#99 = VERTEX_POINT ( 'NONE', #2911 ) ;
#100 = VECTOR ( 'NONE', #2588, 1000.000000000000000 ) ;
#101 = CARTESIAN_POINT ( 'NONE',  ( -1.951569203483446202, -0.2500000000000000000, -1.235028396297816800 ) ) ;
#102 = PLANE ( 'NONE',  #2793 ) ;
#103 = AXIS2_PLACEMENT_3D ( 'NONE', #2240, #3825, #2590 ) ;
#104 = CARTESIAN_POINT ( 'NONE',  ( 1.999999999999999112, 1.000000000000000000, -1.000000000000000000 ) ) ;
#105 =( GEOMETRIC_REPRESENTATION_CONTEXT ( 3 ) GLOBAL_UNCERTAINTY_ASSIGNED_CONTEXT ( ( #8 ) ) GLOBAL_UNIT_ASSIGNED_CONTEXT ( ( #1134, #2993, #1743 ) ) REPRESENTATION_CONTEXT ( 'NONE', 'WORKASPACE' ) );
#106 = LINE ( 'NONE', #1342, #3366 ) ;
#107 = DIRECTION ( 'NONE',  ( 0.000000000000000000, 0.000000000000000000, 1.000000000000000000 ) ) ;
#108 = CIRCLE ( 'NONE', #2348, 0.1200000000000000927 ) ;
#109 = LINE ( 'NONE', #734, #2378 ) ;
#110 = CARTESIAN_POINT ( 'NONE',  ( -1.197721858797649919, 0.5000000000000000000, -1.920172494404391417 ) ) ;
#111 =( LENGTH_UNIT ( ) NAMED_UNIT ( * ) SI_UNIT ( .MILLI., .METRE. ) );
#112 = CARTESIAN_POINT ( 'NONE',  ( -1.252022464443368177, 0.5000000000000000000, -1.833101546995083098 ) ) ;
#113 = CONICAL_SURFACE ( 'NONE', #2555, 1.399999999999999911, 0.2617993877991500740 ) ;
#114 = SURFACE_STYLE_FILL_AREA ( #2872 ) ;
#115 = VERTEX_POINT ( 'NONE', #3838 ) ;
#116 = DIRECTION ( 'NONE',  ( 0.7060277777428440871, 0.000000000000000000, 0.7081841406410490647 ) ) ;
#117 = DIRECTION ( 'NONE',  ( 0.7060277777428408674, 0.000000000000000000, 0.7081841406410522843 ) ) ;
#118 = PRESENTATION_LAYER_ASSIGNMENT (  '', '', ( #2356 ) ) ;
#119 =( NAMED_UNIT ( * ) PLANE_ANGLE_UNIT ( ) SI_UNIT ( $, .RADIAN. ) );
#120 = EDGE_LOOP ( 'NONE', ( #2306, #2071 ) ) ;
#121 = COLOUR_RGB ( '',0.6470588235294117974, 0.6196078431372549211, 0.5882352941176470784 ) ;
#122 = UNCERTAINTY_MEASURE_WITH_UNIT (LENGTH_MEASURE( 1.000000000000000082E-05 ), #968, 'distance_accuracy_value', 'NONE');
#123 = FACE_OUTER_BOUND ( 'NONE', #3862, .T. ) ;
#124 =( NAMED_UNIT ( * ) PLANE_ANGLE_UNIT ( ) SI_UNIT ( $, .RADIAN. ) );
#125 = DIRECTION ( 'NONE',  ( -0.000000000000000000, -1.000000000000000000, -0.000000000000000000 ) ) ;
#126 = CARTESIAN_POINT ( 'NONE',  ( -1.930659245424389825, 0.5000000000000000000, -1.328455888110519068 ) ) ;
#127 = DIRECTION ( 'NONE',  ( 0.000000000000000000, 0.000000000000000000, -1.000000000000000000 ) ) ;
#128 =( NAMED_UNIT ( * ) SI_UNIT ( $, .STERADIAN. ) SOLID_ANGLE_UNIT ( ) );
#129 = ORIENTED_EDGE ( 'NONE', *, *, #1736, .F. ) ;
#130 = CYLINDRICAL_SURFACE ( 'NONE', #541, 0.09999999999999982514 ) ;
#131 = CARTESIAN_POINT ( 'NONE',  ( 1.257744309980915798, 0.5000000000000000000, 1.959949467328139239 ) ) ;
#132 = EDGE_CURVE ( 'NONE', #2766, #1589, #775, .T. ) ;
#133 = CARTESIAN_POINT ( 'NONE',  ( 1.851721886059748412, 0.5000000000000000000, 1.153771342449179116 ) ) ;
#134 = ORIENTED_EDGE ( 'NONE', *, *, #779, .F. ) ;
#135 = EDGE_CURVE ( 'NONE', #2678, #1889, #210, .T. ) ;
#136 = FILL_AREA_STYLE_COLOUR ( '', #3128 ) ;
#137 =( LENGTH_UNIT ( ) NAMED_UNIT ( * ) SI_UNIT ( .MILLI., .METRE. ) );
#138 = DIRECTION ( 'NONE',  ( 0.000000000000000000, 1.000000000000000000, 0.000000000000000000 ) ) ;
#139 = CARTESIAN_POINT ( 'NONE',  ( -1.838122338896785335, 1.000000000000000000, -1.135983643373856600 ) ) ;
#140 = DIRECTION ( 'NONE',  ( 0.7060277777428395352, -0.000000000000000000, 0.7081841406410537276 ) ) ;
#141 = EDGE_CURVE ( 'NONE', #99, #66, #1999, .T. ) ;
#142 = EDGE_CURVE ( 'NONE', #2239, #2733, #2338, .T. ) ;
#143 = CARTESIAN_POINT ( 'NONE',  ( 1.762498769220799177, 0.5000000000000000000, 1.181204050379262460 ) ) ;
#144 =( GEOMETRIC_REPRESENTATION_CONTEXT ( 3 ) GLOBAL_UNCERTAINTY_ASSIGNED_CONTEXT ( ( #3563 ) ) GLOBAL_UNIT_ASSIGNED_CONTEXT ( ( #3234, #1839, #3939 ) ) REPRESENTATION_CONTEXT ( 'NONE', 'WORKASPACE' ) );
#145 = PRESENTATION_STYLE_ASSIGNMENT (( #3195 ) ) ;
#146 = EDGE_CURVE ( 'NONE', #2467, #675, #3214, .T. ) ;
#147 =( NAMED_UNIT ( * ) SI_UNIT ( $, .STERADIAN. ) SOLID_ANGLE_UNIT ( ) );
#148 = DIRECTION ( 'NONE',  ( 0.7060277777428419776, 0.000000000000000000, -0.7081841406410511741 ) ) ;
#149 = PLANE ( 'NONE',  #3472 ) ;
#150 =( GEOMETRIC_REPRESENTATION_CONTEXT ( 3 ) GLOBAL_UNCERTAINTY_ASSIGNED_CONTEXT ( ( #926 ) ) GLOBAL_UNIT_ASSIGNED_CONTEXT ( ( #2241, #3790, #2526 ) ) REPRESENTATION_CONTEXT ( 'NONE', 'WORKASPACE' ) );
#151 = CARTESIAN_POINT ( 'NONE',  ( 1.833101546995083542, 1.000000000000000000, 1.252022464443367733 ) ) ;
#152 = ORIENTED_EDGE ( 'NONE', *, *, #1372, .F. ) ;
#153 = FACE_OUTER_BOUND ( 'NONE', #777, .T. ) ;
#154 = ADVANCED_FACE ( 'NONE', ( #3574 ), #1458, .F. ) ;
#155 = FILL_AREA_STYLE ('',( #1986 ) ) ;
#156 =( GEOMETRIC_REPRESENTATION_CONTEXT ( 3 ) GLOBAL_UNCERTAINTY_ASSIGNED_CONTEXT ( ( #1852 ) ) GLOBAL_UNIT_ASSIGNED_CONTEXT ( ( #1905, #978, #389 ) ) REPRESENTATION_CONTEXT ( 'NONE', 'WORKASPACE' ) );
#157 = CARTESIAN_POINT ( 'NONE',  ( 0.000000000000000000, 1.000000000000000000, 0.000000000000000000 ) ) ;
#158 = COLOUR_RGB ( '',0.6470588235294117974, 0.6196078431372549211, 0.5882352941176470784 ) ;
#159 = ORIENTED_EDGE ( 'NONE', *, *, #3160, .F. ) ;
#160 = VECTOR ( 'NONE', #3173, 1000.000000000000114 ) ;
#161 = VECTOR ( 'NONE', #1643, 1000.000000000000000 ) ;
#162 = ORIENTED_EDGE ( 'NONE', *, *, #548, .T. ) ;
#163 = PLANE ( 'NONE',  #625 ) ;
#164 = MECHANICAL_DESIGN_GEOMETRIC_PRESENTATION_REPRESENTATION (  '', ( #3112 ), #3912 ) ;
#165 = LINE ( 'NONE', #768, #1770 ) ;
#166 = AXIS2_PLACEMENT_3D ( 'NONE', #2685, #2976, #2723 ) ;
#167 = UNCERTAINTY_MEASURE_WITH_UNIT (LENGTH_MEASURE( 1.000000000000000082E-05 ), #3495, 'distance_accuracy_value', 'NONE');
#168 = DIRECTION ( 'NONE',  ( -0.000000000000000000, -1.000000000000000000, -0.000000000000000000 ) ) ;
#169 = FACE_OUTER_BOUND ( 'NONE', #197, .T. ) ;
#170 = FILL_AREA_STYLE_COLOUR ( '', #213 ) ;
#171 = MECHANICAL_DESIGN_GEOMETRIC_PRESENTATION_REPRESENTATION (  '', ( #1708 ), #105 ) ;
#172 = LINE ( 'NONE', #1403, #2732 ) ;
#173 = PRESENTATION_LAYER_ASSIGNMENT (  '', '', ( #3919 ) ) ;
#174 = CARTESIAN_POINT ( 'NONE',  ( -1.858128143392687281, 1.000000000000000000, -1.141871856607312496 ) ) ;
#175 = COLOUR_RGB ( '',0.6470588235294117974, 0.6196078431372549211, 0.5882352941176470784 ) ;
#176 = AXIS2_PLACEMENT_3D ( 'NONE', #598, #1825, #2169 ) ;
#177 = CARTESIAN_POINT ( 'NONE',  ( -1.714505518806294391E-16, 0.000000000000000000, 1.399999999999999911 ) ) ;
#178 = ORIENTED_EDGE ( 'NONE', *, *, #3414, .T. ) ;
#179 = AXIS2_PLACEMENT_3D ( 'NONE', #2478, #957, #3385 ) ;
#180 = CIRCLE ( 'NONE', #958, 0.1000000000000000472 ) ;
#181 = EDGE_CURVE ( 'NONE', #2640, #3000, #528, .T. ) ;
#182 = ORIENTED_EDGE ( 'NONE', *, *, #680, .F. ) ;
#183 = PRESENTATION_STYLE_ASSIGNMENT (( #2364 ) ) ;
#184 = CARTESIAN_POINT ( 'NONE',  ( 1.162903662160836182, 1.000000000000000000, 1.670593587956011872 ) ) ;
#185 = ADVANCED_FACE ( 'NONE', ( #1067 ), #2282, .F. ) ;
#186 = PLANE ( 'NONE',  #2295 ) ;
#187 = EDGE_CURVE ( 'NONE', #1197, #1895, #590, .T. ) ;
#188 = SURFACE_STYLE_USAGE ( .BOTH. , #3581 ) ;
#189 = PLANE ( 'NONE',  #996 ) ;
#190 = CARTESIAN_POINT ( 'NONE',  ( -1.714505518806294391E-16, 1.000000000000000000, -1.399999999999999911 ) ) ;
#191 = CARTESIAN_POINT ( 'NONE',  ( -1.000000000000000888, 1.000000000000000000, -2.000000000000000000 ) ) ;
#192 = LINE ( 'NONE', #824, #933 ) ;
#193 = DIRECTION ( 'NONE',  ( 0.000000000000000000, 1.000000000000000000, 0.000000000000000000 ) ) ;
#194 = EDGE_CURVE ( 'NONE', #2487, #944, #475, .T. ) ;
#195 = EDGE_CURVE ( 'NONE', #233, #2589, #2443, .T. ) ;
#196 = FACE_OUTER_BOUND ( 'NONE', #562, .T. ) ;
#197 = EDGE_LOOP ( 'NONE', ( #1381, #3638, #3007, #2801 ) ) ;
#198 = ADVANCED_FACE ( 'NONE', ( #3587 ), #636, .F. ) ;
#199 = VERTEX_POINT ( 'NONE', #2375 ) ;
#200 = DIRECTION ( 'NONE',  ( 0.000000000000000000, -1.000000000000000000, 0.000000000000000000 ) ) ;
#201 = DIRECTION ( 'NONE',  ( -0.000000000000000000, -1.000000000000000000, -0.000000000000000000 ) ) ;
#202 = DIRECTION ( 'NONE',  ( -0.000000000000000000, -1.000000000000000000, -0.000000000000000000 ) ) ;
#203 = UNCERTAINTY_MEASURE_WITH_UNIT (LENGTH_MEASURE( 1.000000000000000082E-05 ), #3601, 'distance_accuracy_value', 'NONE');
#204 = DIRECTION ( 'NONE',  ( -0.7060277777428426438, 0.000000000000000000, 0.7081841406410503970 ) ) ;
#205 = LINE ( 'NONE', #3853, #2171 ) ;
#206 = COLOUR_RGB ( '',0.6470588235294117974, 0.6196078431372549211, 0.5882352941176470784 ) ;
#207 = CARTESIAN_POINT ( 'NONE',  ( 1.934336177217212738, 1.000000000000000000, 1.183601303242792779 ) ) ;
#208 = SURFACE_STYLE_USAGE ( .BOTH. , #2725 ) ;
#209 = SURFACE_STYLE_FILL_AREA ( #1423 ) ;
#210 = CIRCLE ( 'NONE', #529, 0.09999999999999982514 ) ;
#211 = DIRECTION ( 'NONE',  ( -0.000000000000000000, 1.000000000000000000, -0.000000000000000000 ) ) ;
#212 = VERTEX_POINT ( 'NONE', #303 ) ;
#213 = COLOUR_RGB ( '',0.6470588235294117974, 0.6196078431372549211, 0.5882352941176470784 ) ;
#214 = ADVANCED_FACE ( 'NONE', ( #872 ), #280, .F. ) ;
#215 = COLOUR_RGB ( '',0.6470588235294117974, 0.6196078431372549211, 0.5882352941176470784 ) ;
#216 = VECTOR ( 'NONE', #1286, 1000.000000000000000 ) ;
#217 = ORIENTED_EDGE ( 'NONE', *, *, #1470, .F. ) ;
#218 =( NAMED_UNIT ( * ) SI_UNIT ( $, .STERADIAN. ) SOLID_ANGLE_UNIT ( ) );
#219 = LINE ( 'NONE', #2676, #3798 ) ;
#220 = STYLED_ITEM ( 'NONE', ( #3878 ), #1534 ) ;
#221 =( NAMED_UNIT ( * ) SI_UNIT ( $, .STERADIAN. ) SOLID_ANGLE_UNIT ( ) );
#222 = VECTOR ( 'NONE', #1727, 1000.000000000000000 ) ;
#223 = VERTEX_POINT ( 'NONE', #2235 ) ;
#224 = EDGE_CURVE ( 'NONE', #2130, #1294, #2251, .T. ) ;
#225 = AXIS2_PLACEMENT_3D ( 'NONE', #2852, #1945, #1308 ) ;
#226 = SURFACE_STYLE_FILL_AREA ( #1615 ) ;
#227 = SURFACE_STYLE_FILL_AREA ( #1494 ) ;
#228 = LINE ( 'NONE', #3244, #1535 ) ;
#229 = COLOUR_RGB ( '',0.6470588235294117974, 0.6196078431372549211, 0.5882352941176470784 ) ;
#230 = PRESENTATION_STYLE_ASSIGNMENT (( #1996 ) ) ;
#231 =( NAMED_UNIT ( * ) PLANE_ANGLE_UNIT ( ) SI_UNIT ( $, .RADIAN. ) );
#232 = FILL_AREA_STYLE_COLOUR ( '', #1707 ) ;
#233 = VERTEX_POINT ( 'NONE', #2545 ) ;
#234 =( NAMED_UNIT ( * ) PLANE_ANGLE_UNIT ( ) SI_UNIT ( $, .RADIAN. ) );
#235 =( LENGTH_UNIT ( ) NAMED_UNIT ( * ) SI_UNIT ( .MILLI., .METRE. ) );
#236 = VECTOR ( 'NONE', #582, 1000.000000000000000 ) ;
#237 = VERTEX_POINT ( 'NONE', #1640 ) ;
#238 =( GEOMETRIC_REPRESENTATION_CONTEXT ( 3 ) GLOBAL_UNCERTAINTY_ASSIGNED_CONTEXT ( ( #1226 ) ) GLOBAL_UNIT_ASSIGNED_CONTEXT ( ( #3288, #1820, #638 ) ) REPRESENTATION_CONTEXT ( 'NONE', 'WORKASPACE' ) );
#239 = CIRCLE ( 'NONE', #1526, 0.1200000000000000927 ) ;
#240 =( GEOMETRIC_REPRESENTATION_CONTEXT ( 3 ) GLOBAL_UNCERTAINTY_ASSIGNED_CONTEXT ( ( #967 ) ) GLOBAL_UNIT_ASSIGNED_CONTEXT ( ( #683, #3445, #394 ) ) REPRESENTATION_CONTEXT ( 'NONE', 'WORKASPACE' ) );
#241 = ORIENTED_EDGE ( 'NONE', *, *, #846, .T. ) ;
#242 = AXIS2_PLACEMENT_3D ( 'NONE', #3154, #1937, #995 ) ;
#243 = VERTEX_POINT ( 'NONE', #2834 ) ;
#244 = FILL_AREA_STYLE_COLOUR ( '', #3621 ) ;
#245 = CARTESIAN_POINT ( 'NONE',  ( 1.257744309980915798, 0.5000000000000000000, 1.859949467328139372 ) ) ;
#246 = SURFACE_STYLE_USAGE ( .BOTH. , #560 ) ;
#247 = CARTESIAN_POINT ( 'NONE',  ( 1.848979459789416691, 0.5000000000000000000, 1.151020540210582865 ) ) ;
#248 = ORIENTED_EDGE ( 'NONE', *, *, #1388, .T. ) ;
#249 = VECTOR ( 'NONE', #932, 1000.000000000000000 ) ;
#250 = DIRECTION ( 'NONE',  ( -0.7081841406410521733, 0.000000000000000000, 0.7060277777428410895 ) ) ;
#251 = CARTESIAN_POINT ( 'NONE',  ( 1.942127013025817694, -0.2500000000000000000, 1.244452586400646377 ) ) ;
#252 =( NAMED_UNIT ( * ) PLANE_ANGLE_UNIT ( ) SI_UNIT ( $, .RADIAN. ) );
#253 = CARTESIAN_POINT ( 'NONE',  ( -1.181204050379262904, 0.5000000000000000000, -1.762498769220798955 ) ) ;
#254 = CARTESIAN_POINT ( 'NONE',  ( 1.999999999999999112, 1.000000000000000000, -1.000000000000000000 ) ) ;
#255 =( NAMED_UNIT ( * ) SI_UNIT ( $, .STERADIAN. ) SOLID_ANGLE_UNIT ( ) );
#256 = ORIENTED_EDGE ( 'NONE', *, *, #1522, .T. ) ;
#257 = FILL_AREA_STYLE ('',( #3876 ) ) ;
#258 = SURFACE_STYLE_USAGE ( .BOTH. , #16 ) ;
#259 = SURFACE_SIDE_STYLE ('',( #1187 ) ) ;
#260 = ORIENTED_EDGE ( 'NONE', *, *, #3448, .F. ) ;
#261 = EDGE_CURVE ( 'NONE', #3256, #2130, #1292, .T. ) ;
#262 = EDGE_CURVE ( 'NONE', #721, #2446, #1255, .T. ) ;
#263 = ORIENTED_EDGE ( 'NONE', *, *, #395, .T. ) ;
#264 = EDGE_LOOP ( 'NONE', ( #2575, #2114, #650, #2895 ) ) ;
#265 = ORIENTED_EDGE ( 'NONE', *, *, #556, .F. ) ;
#266 = CARTESIAN_POINT ( 'NONE',  ( 1.181981248396587691, 1.000000000000000000, 1.676597395366102861 ) ) ;
#267 =( NAMED_UNIT ( * ) PLANE_ANGLE_UNIT ( ) SI_UNIT ( $, .RADIAN. ) );
#268 = DIRECTION ( 'NONE',  ( 1.000000000000000000, 0.000000000000000000, -2.220446049250313081E-16 ) ) ;
#269 = ORIENTED_EDGE ( 'NONE', *, *, #1817, .F. ) ;
#270 = PRESENTATION_STYLE_ASSIGNMENT (( #188 ) ) ;
#271 = FACE_OUTER_BOUND ( 'NONE', #1170, .T. ) ;
#272 = EDGE_CURVE ( 'NONE', #430, #1830, #3178, .T. ) ;
#273 = DIRECTION ( 'NONE',  ( 0.7071157812960312539, 0.000000000000000000, -0.7070977809625083044 ) ) ;
#274 = DIRECTION ( 'NONE',  ( 0.000000000000000000, 0.000000000000000000, 1.000000000000000000 ) ) ;
#275 = ADVANCED_FACE ( 'NONE', ( #3693 ), #3467, .T. ) ;
#276 = PRESENTATION_LAYER_ASSIGNMENT (  '', '', ( #2452 ) ) ;
#277 = PRESENTATION_STYLE_ASSIGNMENT (( #2037 ) ) ;
#278 = EDGE_LOOP ( 'NONE', ( #3679, #2819, #501, #3898 ) ) ;
#279 = SURFACE_SIDE_STYLE ('',( #3039 ) ) ;
#280 = PLANE ( 'NONE',  #2656 ) ;
#281 = PRESENTATION_STYLE_ASSIGNMENT (( #3069 ) ) ;
#282 = ORIENTED_EDGE ( 'NONE', *, *, #3524, .F. ) ;
#283 = EDGE_CURVE ( 'NONE', #212, #2837, #1619, .T. ) ;
#284 = VECTOR ( 'NONE', #2646, 1000.000000000000000 ) ;
#285 = STYLED_ITEM ( 'NONE', ( #2520 ), #290 ) ;
#286 = ORIENTED_EDGE ( 'NONE', *, *, #1730, .T. ) ;
#287 = ORIENTED_EDGE ( 'NONE', *, *, #1585, .F. ) ;
#288 = DIRECTION ( 'NONE',  ( -0.3001903705045472770, 0.000000000000000000, 0.9538793117875775662 ) ) ;
#289 = PRESENTATION_LAYER_ASSIGNMENT (  '', '', ( #1691 ) ) ;
#290 = ADVANCED_FACE ( 'NONE', ( #1943 ), #1346, .T. ) ;
#291 = EDGE_LOOP ( 'NONE', ( #2777, #1225, #2674, #744, #489, #3133, #1485, #2840, #2054, #2146, #1737, #915, #1436 ) ) ;
#292 = CIRCLE ( 'NONE', #1700, 1.399999999999999689 ) ;
#293 = UNCERTAINTY_MEASURE_WITH_UNIT (LENGTH_MEASURE( 1.000000000000000082E-05 ), #2578, 'distance_accuracy_value', 'NONE');
#294 = CARTESIAN_POINT ( 'NONE',  ( -1.252022464443368177, 1.000000000000000000, -1.833101546995083320 ) ) ;
#295 = CARTESIAN_POINT ( 'NONE',  ( -1.951569203483446202, -0.2500000000000000000, -1.235028396297816800 ) ) ;
#296 = CARTESIAN_POINT ( 'NONE',  ( -0.9292893218813457201, 0.5000000000000000000, -1.929289321881344277 ) ) ;
#297 = CIRCLE ( 'NONE', #98, 0.1200000000000000927 ) ;
#298 = CARTESIAN_POINT ( 'NONE',  ( 1.848979459789416691, 1.000000000000000000, 1.151020540210582865 ) ) ;
#299 = FILL_AREA_STYLE ('',( #3908 ) ) ;
#300 = AXIS2_PLACEMENT_3D ( 'NONE', #1667, #1275, #965 ) ;
#301 = CARTESIAN_POINT ( 'NONE',  ( -1.000000000000000222, 0.5000000000000000000, -1.999999999999999556 ) ) ;
#302 = VERTEX_POINT ( 'NONE', #1173 ) ;
#303 = CARTESIAN_POINT ( 'NONE',  ( 1.342598203736440121, 0.5000000000000000000, 1.944801201043639516 ) ) ;
#304 = PRESENTATION_LAYER_ASSIGNMENT (  '', '', ( #3741 ) ) ;
#305 = ORIENTED_EDGE ( 'NONE', *, *, #3754, .F. ) ;
#306 = VECTOR ( 'NONE', #1351, 1000.000000000000000 ) ;
#307 = COLOUR_RGB ( '',0.6470588235294117974, 0.6196078431372549211, 0.5882352941176470784 ) ;
#308 = VERTEX_POINT ( 'NONE', #2077 ) ;
#309 = MECHANICAL_DESIGN_GEOMETRIC_PRESENTATION_REPRESENTATION (  '', ( #3919 ), #2222 ) ;
#310 = ORIENTED_EDGE ( 'NONE', *, *, #1390, .T. ) ;
#311 = FILL_AREA_STYLE ('',( #1532 ) ) ;
#312 = PLANE ( 'NONE',  #931 ) ;
#313 = FILL_AREA_STYLE_COLOUR ( '', #158 ) ;
#314 = STYLED_ITEM ( 'NONE', ( #2145 ), #2691 ) ;
#315 = ORIENTED_EDGE ( 'NONE', *, *, #1612, .T. ) ;
#316 = VERTEX_POINT ( 'NONE', #2988 ) ;
#317 = LINE ( 'NONE', #3927, #1764 ) ;
#318 = MECHANICAL_DESIGN_GEOMETRIC_PRESENTATION_REPRESENTATION (  '', ( #2426 ), #1019 ) ;
#319 = DIRECTION ( 'NONE',  ( 0.000000000000000000, 0.000000000000000000, -1.000000000000000000 ) ) ;
#320 = CARTESIAN_POINT ( 'NONE',  ( -1.929289321881345609, 0.5000000000000000000, -0.9292893218813448319 ) ) ;
#321 = EDGE_CURVE ( 'NONE', #115, #3332, #2299, .T. ) ;
#322 = DIRECTION ( 'NONE',  ( -0.7071067811865474617, -0.000000000000000000, -0.7071067811865474617 ) ) ;
#323 = SURFACE_STYLE_USAGE ( .BOTH. , #3035 ) ;
#324 = VECTOR ( 'NONE', #1907, 1000.000000000000114 ) ;
#325 = ORIENTED_EDGE ( 'NONE', *, *, #3843, .F. ) ;
#326 = FACE_OUTER_BOUND ( 'NONE', #1762, .T. ) ;
#327 = DIRECTION ( 'NONE',  ( 0.000000000000000000, 1.000000000000000000, 0.000000000000000000 ) ) ;
#328 = DIRECTION ( 'NONE',  ( 0.000000000000000000, 1.000000000000000000, 0.000000000000000000 ) ) ;
#329 = ORIENTED_EDGE ( 'NONE', *, *, #2319, .T. ) ;
#330 = ADVANCED_FACE ( 'NONE', ( #1716 ), #1995, .F. ) ;
#331 = SURFACE_STYLE_FILL_AREA ( #2731 ) ;
#332 = ORIENTED_EDGE ( 'NONE', *, *, #3554, .T. ) ;
#333 =( NAMED_UNIT ( * ) PLANE_ANGLE_UNIT ( ) SI_UNIT ( $, .RADIAN. ) );
#334 = SURFACE_SIDE_STYLE ('',( #1533 ) ) ;
#335 = VERTEX_POINT ( 'NONE', #2314 ) ;
#336 = VERTEX_POINT ( 'NONE', #2925 ) ;
#337 =( GEOMETRIC_REPRESENTATION_CONTEXT ( 3 ) GLOBAL_UNCERTAINTY_ASSIGNED_CONTEXT ( ( #2412 ) ) GLOBAL_UNIT_ASSIGNED_CONTEXT ( ( #374, #119, #1949 ) ) REPRESENTATION_CONTEXT ( 'NONE', 'WORKASPACE' ) );
#338 = CARTESIAN_POINT ( 'NONE',  ( -1.714505518806294391E-16, 1.000000000000000000, -1.399999999999999911 ) ) ;
#339 = DIRECTION ( 'NONE',  ( -0.7070977809625079713, -0.000000000000000000, 0.7071157812960314759 ) ) ;
#340 = DIRECTION ( 'NONE',  ( -0.000000000000000000, -1.000000000000000000, -0.000000000000000000 ) ) ;
#341 = MECHANICAL_DESIGN_GEOMETRIC_PRESENTATION_REPRESENTATION (  '', ( #1481 ), #337 ) ;
#342 = CARTESIAN_POINT ( 'NONE',  ( -0.5762133289941129277, -0.2500000000000000000, -1.275922489608801058 ) ) ;
#343 = SURFACE_STYLE_USAGE ( .BOTH. , #3080 ) ;
#344 = ORIENTED_EDGE ( 'NONE', *, *, #1522, .F. ) ;
#345 = DIRECTION ( 'NONE',  ( 0.000000000000000000, 0.000000000000000000, 1.000000000000000000 ) ) ;
#346 = FILL_AREA_STYLE_COLOUR ( '', #594 ) ;
#347 = SURFACE_STYLE_FILL_AREA ( #1862 ) ;
#348 = ORIENTED_EDGE ( 'NONE', *, *, #2759, .F. ) ;
#349 = ADVANCED_FACE ( 'NONE', ( #3595 ), #149, .T. ) ;
#350 = AXIS2_PLACEMENT_3D ( 'NONE', #1344, #2890, #770 ) ;
#351 = DIRECTION ( 'NONE',  ( 0.000000000000000000, -0.000000000000000000, 1.000000000000000000 ) ) ;
#352 = ORIENTED_EDGE ( 'NONE', *, *, #3453, .F. ) ;
#353 = EDGE_CURVE ( 'NONE', #35, #2362, #3316, .T. ) ;
#354 = DIRECTION ( 'NONE',  ( -0.7071157812960313649, 0.000000000000000000, 0.7070977809625080823 ) ) ;
#355 = VECTOR ( 'NONE', #3496, 1000.000000000000000 ) ;
#356 = ORIENTED_EDGE ( 'NONE', *, *, #2928, .F. ) ;
#357 = AXIS2_PLACEMENT_3D ( 'NONE', #77, #1584, #2201 ) ;
#358 = LINE ( 'NONE', #295, #3666 ) ;
#359 = FILL_AREA_STYLE ('',( #956 ) ) ;
#360 = EDGE_CURVE ( 'NONE', #2980, #3268, #1659, .T. ) ;
#361 = CARTESIAN_POINT ( 'NONE',  ( 1.929289321881344499, 0.5000000000000000000, 0.9292893218813452760 ) ) ;
#362 = COLOUR_RGB ( '',0.6470588235294117974, 0.6196078431372549211, 0.5882352941176470784 ) ;
#363 = ORIENTED_EDGE ( 'NONE', *, *, #809, .T. ) ;
#364 = FACE_OUTER_BOUND ( 'NONE', #1607, .T. ) ;
#365 = FILL_AREA_STYLE ('',( #55 ) ) ;
#366 = VECTOR ( 'NONE', #664, 1000.000000000000000 ) ;
#367 = AXIS2_PLACEMENT_3D ( 'NONE', #3772, #2203, #3144 ) ;
#368 = CARTESIAN_POINT ( 'NONE',  ( 1.934336177217212738, 1.000000000000000000, 1.183601303242792779 ) ) ;
#369 = FACE_OUTER_BOUND ( 'NONE', #2616, .T. ) ;
#370 = AXIS2_PLACEMENT_3D ( 'NONE', #1336, #658, #3764 ) ;
#371 = ORIENTED_EDGE ( 'NONE', *, *, #779, .T. ) ;
#372 = AXIS2_PLACEMENT_3D ( 'NONE', #524, #3933, #2109 ) ;
#373 = LINE ( 'NONE', #1666, #2851 ) ;
#374 =( LENGTH_UNIT ( ) NAMED_UNIT ( * ) SI_UNIT ( .MILLI., .METRE. ) );
#375 = ORIENTED_EDGE ( 'NONE', *, *, #2624, .F. ) ;
#376 = FILL_AREA_STYLE ('',( #136 ) ) ;
#377 =( NAMED_UNIT ( * ) SI_UNIT ( $, .STERADIAN. ) SOLID_ANGLE_UNIT ( ) );
#378 = MECHANICAL_DESIGN_GEOMETRIC_PRESENTATION_REPRESENTATION (  '', ( #1837 ), #3290 ) ;
#379 = ORIENTED_EDGE ( 'NONE', *, *, #3877, .F. ) ;
#380 = DIRECTION ( 'NONE',  ( 1.000000000000000000, 0.000000000000000000, -2.220446049250313081E-16 ) ) ;
#381 = LINE ( 'NONE', #1245, #1505 ) ;
#382 = VECTOR ( 'NONE', #1541, 1000.000000000000000 ) ;
#383 = PRESENTATION_LAYER_ASSIGNMENT (  '', '', ( #1454 ) ) ;
#384 = CARTESIAN_POINT ( 'NONE',  ( -1.167040367566442027, 1.000000000000000000, -1.748378213665942260 ) ) ;
#385 = AXIS2_PLACEMENT_3D ( 'NONE', #2922, #202, #3207 ) ;
#386 =( NAMED_UNIT ( * ) SI_UNIT ( $, .STERADIAN. ) SOLID_ANGLE_UNIT ( ) );
#387 = ORIENTED_EDGE ( 'NONE', *, *, #97, .F. ) ;
#388 = CARTESIAN_POINT ( 'NONE',  ( -1.908725116671069699, 0.5000000000000000000, -1.165165229309751416 ) ) ;
#389 =( NAMED_UNIT ( * ) SI_UNIT ( $, .STERADIAN. ) SOLID_ANGLE_UNIT ( ) );
#390 = DIRECTION ( 'NONE',  ( -0.7071067811865473507, 0.000000000000000000, -0.7071067811865477948 ) ) ;
#391 = ORIENTED_EDGE ( 'NONE', *, *, #3690, .T. ) ;
#392 = SURFACE_SIDE_STYLE ('',( #1970 ) ) ;
#393 = VERTEX_POINT ( 'NONE', #3786 ) ;
#394 =( NAMED_UNIT ( * ) SI_UNIT ( $, .STERADIAN. ) SOLID_ANGLE_UNIT ( ) );
#395 = EDGE_CURVE ( 'NONE', #2913, #2491, #903, .T. ) ;
#396 = FILL_AREA_STYLE_COLOUR ( '', #620 ) ;
#397 = CARTESIAN_POINT ( 'NONE',  ( -1.153771342449179560, 0.5000000000000000000, -1.851721886059747968 ) ) ;
#398 =( NAMED_UNIT ( * ) PLANE_ANGLE_UNIT ( ) SI_UNIT ( $, .RADIAN. ) );
#399 = EDGE_CURVE ( 'NONE', #504, #2411, #2064, .T. ) ;
#400 = EDGE_CURVE ( 'NONE', #3391, #66, #3052, .T. ) ;
#401 = FILL_AREA_STYLE_COLOUR ( '', #2805 ) ;
#402 = ORIENTED_EDGE ( 'NONE', *, *, #1829, .F. ) ;
#403 = CARTESIAN_POINT ( 'NONE',  ( 0.000000000000000000, 0.000000000000000000, 0.000000000000000000 ) ) ;
#404 = FACE_OUTER_BOUND ( 'NONE', #3352, .T. ) ;
#405 = CARTESIAN_POINT ( 'NONE',  ( 1.920172494404391639, 0.5000000000000000000, 1.197721858797649475 ) ) ;
#406 = DIRECTION ( 'NONE',  ( -0.7060277777428373147, 0.000000000000000000, -0.7081841406410557260 ) ) ;
#407 = LINE ( 'NONE', #2238, #2862 ) ;
#408 = ORIENTED_EDGE ( 'NONE', *, *, #1410, .F. ) ;
#409 = EDGE_LOOP ( 'NONE', ( #1903, #3632, #1125, #56, #1508, #2043, #986 ) ) ;
#410 = ADVANCED_FACE ( 'NONE', ( #3089 ), #1870, .T. ) ;
#411 = ORIENTED_EDGE ( 'NONE', *, *, #773, .T. ) ;
#412 = UNCERTAINTY_MEASURE_WITH_UNIT (LENGTH_MEASURE( 1.000000000000000082E-05 ), #2382, 'distance_accuracy_value', 'NONE');
#413 = PRESENTATION_LAYER_ASSIGNMENT (  '', '', ( #2056 ) ) ;
#414 = DIRECTION ( 'NONE',  ( -1.000000000000000000, 0.000000000000000000, 0.000000000000000000 ) ) ;
#415 = COLOUR_RGB ( '',0.6470588235294117974, 0.6196078431372549211, 0.5882352941176470784 ) ;
#416 = EDGE_CURVE ( 'NONE', #971, #455, #949, .T. ) ;
#417 = FILL_AREA_STYLE_COLOUR ( '', #553 ) ;
#418 = AXIS2_PLACEMENT_3D ( 'NONE', #3040, #2160, #3370 ) ;
#419 = VERTEX_POINT ( 'NONE', #2190 ) ;
#420 = DIRECTION ( 'NONE',  ( 0.000000000000000000, -1.000000000000000000, 0.000000000000000000 ) ) ;
#421 =( NAMED_UNIT ( * ) SI_UNIT ( $, .STERADIAN. ) SOLID_ANGLE_UNIT ( ) );
#422 = VECTOR ( 'NONE', #3188, 1000.000000000000000 ) ;
#423 = FILL_AREA_STYLE ('',( #3434 ) ) ;
#424 = CARTESIAN_POINT ( 'NONE',  ( 1.999999999999999556, 0.000000000000000000, 1.000000000000000000 ) ) ;
#425 = ORIENTED_EDGE ( 'NONE', *, *, #2107, .T. ) ;
#426 = AXIS2_PLACEMENT_3D ( 'NONE', #104, #3781, #2829 ) ;
#427 = DIRECTION ( 'NONE',  ( 0.000000000000000000, 0.000000000000000000, 1.000000000000000000 ) ) ;
#428 = ORIENTED_EDGE ( 'NONE', *, *, #1161, .T. ) ;
#429 = DIRECTION ( 'NONE',  ( 0.000000000000000000, 1.000000000000000000, 0.000000000000000000 ) ) ;
#430 = VERTEX_POINT ( 'NONE', #2513 ) ;
#431 = COLOUR_RGB ( '',0.6470588235294117974, 0.6196078431372549211, 0.5882352941176470784 ) ;
#432 = FILL_AREA_STYLE ('',( #1033 ) ) ;
#433 = CARTESIAN_POINT ( 'NONE',  ( -1.268324636571934283, 1.000000000000000000, -1.849354080340286366 ) ) ;
#434 = CIRCLE ( 'NONE', #492, 0.1000000000000000472 ) ;
#435 = CIRCLE ( 'NONE', #1391, 0.1199999999999998845 ) ;
#436 = CARTESIAN_POINT ( 'NONE',  ( 1.847006130239213784, 0.5000000000000000000, 1.152993869760785994 ) ) ;
#437 = CARTESIAN_POINT ( 'NONE',  ( -0.5762133289941130387, -0.2500000000000000000, -1.275922489608801058 ) ) ;
#438 = AXIS2_PLACEMENT_3D ( 'NONE', #2515, #751, #3800 ) ;
#439 = LINE ( 'NONE', #3485, #1654 ) ;
#440 = SURFACE_STYLE_FILL_AREA ( #87 ) ;
#441 = AXIS2_PLACEMENT_3D ( 'NONE', #2644, #1982, #1138 ) ;
#442 = FILL_AREA_STYLE ('',( #2250 ) ) ;
#443 = ADVANCED_FACE ( 'NONE', ( #2143 ), #579, .T. ) ;
#444 = FACE_OUTER_BOUND ( 'NONE', #264, .T. ) ;
#445 = DIRECTION ( 'NONE',  ( -0.3001903705045472770, 0.000000000000000000, 0.9538793117875775662 ) ) ;
#446 = EDGE_CURVE ( 'NONE', #1461, #302, #2599, .T. ) ;
#447 = DIRECTION ( 'NONE',  ( 0.7060277777428395352, 0.000000000000000000, 0.7081841406410537276 ) ) ;
#448 = AXIS2_PLACEMENT_3D ( 'NONE', #2519, #3727, #2215 ) ;
#449 = ORIENTED_EDGE ( 'NONE', *, *, #3554, .F. ) ;
#450 = LINE ( 'NONE', #2317, #803 ) ;
#451 = ADVANCED_FACE ( 'NONE', ( #1222 ), #2262, .T. ) ;
#452 = EDGE_LOOP ( 'NONE', ( #516, #3376, #1637, #78 ) ) ;
#453 = VECTOR ( 'NONE', #1618, 1000.000000000000000 ) ;
#454 = CARTESIAN_POINT ( 'NONE',  ( 1.000000000000000000, 0.5000000000000000000, 2.000000000000000000 ) ) ;
#455 = VERTEX_POINT ( 'NONE', #1337 ) ;
#456 = UNCERTAINTY_MEASURE_WITH_UNIT (LENGTH_MEASURE( 1.000000000000000082E-05 ), #2504, 'distance_accuracy_value', 'NONE');
#457 = EDGE_CURVE ( 'NONE', #2589, #613, #472, .T. ) ;
#458 = CARTESIAN_POINT ( 'NONE',  ( 1.181981248396587691, 0.5000000000000000000, 1.676597395366102861 ) ) ;
#459 = CARTESIAN_POINT ( 'NONE',  ( -1.908725116671069699, 1.000000000000000000, -1.165165229309751416 ) ) ;
#460 = EDGE_CURVE ( 'NONE', #3155, #2117, #3793, .T. ) ;
#461 = ADVANCED_FACE ( 'NONE', ( #1955 ), #102, .T. ) ;
#462 = PRESENTATION_STYLE_ASSIGNMENT (( #1302 ) ) ;
#463 =( NAMED_UNIT ( * ) SI_UNIT ( $, .STERADIAN. ) SOLID_ANGLE_UNIT ( ) );
#464 = EDGE_CURVE ( 'NONE', #3611, #2733, #2559, .T. ) ;
#465 = SURFACE_SIDE_STYLE ('',( #1994 ) ) ;
#466 = SURFACE_SIDE_STYLE ('',( #496 ) ) ;
#467 = LINE ( 'NONE', #3493, #538 ) ;
#468 = EDGE_LOOP ( 'NONE', ( #819, #2867, #616, #3122 ) ) ;
#469 = DIRECTION ( 'NONE',  ( 0.7081841406410521733, 0.000000000000000000, 0.7060277777428408674 ) ) ;
#470 = DIRECTION ( 'NONE',  ( -0.000000000000000000, 1.000000000000000000, -0.000000000000000000 ) ) ;
#471 = ORIENTED_EDGE ( 'NONE', *, *, #905, .T. ) ;
#472 = LINE ( 'NONE', #2915, #2396 ) ;
#473 = LINE ( 'NONE', #1036, #1450 ) ;
#474 =( NAMED_UNIT ( * ) PLANE_ANGLE_UNIT ( ) SI_UNIT ( $, .RADIAN. ) );
#475 = CIRCLE ( 'NONE', #1952, 0.1200000000000000927 ) ;
#476 = CARTESIAN_POINT ( 'NONE',  ( -1.152993869760786438, 0.5000000000000000000, -1.847006130239213562 ) ) ;
#477 = FILL_AREA_STYLE ('',( #1676 ) ) ;
#478 = COLOUR_RGB ( '',0.6470588235294117974, 0.6196078431372549211, 0.5882352941176470784 ) ;
#479 = CARTESIAN_POINT ( 'NONE',  ( 1.918083643872009247, 0.5000000000000000000, 1.167299131114226451 ) ) ;
#480 = CARTESIAN_POINT ( 'NONE',  ( -1.838122338896785335, 0.5000000000000000000, -1.115983643373856360 ) ) ;
#481 = CARTESIAN_POINT ( 'NONE',  ( -1.252022464443368177, 0.5000000000000000000, -1.833101546995083320 ) ) ;
#482 = PRESENTATION_LAYER_ASSIGNMENT (  '', '', ( #2916 ) ) ;
#483 = DIRECTION ( 'NONE',  ( 0.7071067811865474617, 0.000000000000000000, -0.7071067811865476838 ) ) ;
#484 = MECHANICAL_DESIGN_GEOMETRIC_PRESENTATION_REPRESENTATION (  '', ( #3902 ), #602 ) ;
#485 = ORIENTED_EDGE ( 'NONE', *, *, #3324, .T. ) ;
#486 = SURFACE_SIDE_STYLE ('',( #778 ) ) ;
#487 = VECTOR ( 'NONE', #1914, 1000.000000000000000 ) ;
#488 = MECHANICAL_DESIGN_GEOMETRIC_PRESENTATION_REPRESENTATION (  '', ( #220 ), #1002 ) ;
#489 = ORIENTED_EDGE ( 'NONE', *, *, #1405, .T. ) ;
#490 = AXIS2_PLACEMENT_3D ( 'NONE', #3512, #3837, #447 ) ;
#491 = CARTESIAN_POINT ( 'NONE',  ( -1.802099494436239180, 0.5000000000000000000, -1.121518125959347190 ) ) ;
#492 = AXIS2_PLACEMENT_3D ( 'NONE', #791, #2014, #427 ) ;
#493 = UNCERTAINTY_MEASURE_WITH_UNIT (LENGTH_MEASURE( 1.000000000000000082E-05 ), #2041, 'distance_accuracy_value', 'NONE');
#494 =( LENGTH_UNIT ( ) NAMED_UNIT ( * ) SI_UNIT ( .MILLI., .METRE. ) );
#495 = EDGE_CURVE ( 'NONE', #935, #3332, #3478, .T. ) ;
#496 = SURFACE_STYLE_FILL_AREA ( #772 ) ;
#497 = PLANE ( 'NONE',  #490 ) ;
#498 = FACE_OUTER_BOUND ( 'NONE', #2380, .T. ) ;
#499 = VECTOR ( 'NONE', #3873, 1000.000000000000114 ) ;
#500 =( NAMED_UNIT ( * ) PLANE_ANGLE_UNIT ( ) SI_UNIT ( $, .RADIAN. ) );
#501 = ORIENTED_EDGE ( 'NONE', *, *, #194, .F. ) ;
#502 = PRESENTATION_LAYER_ASSIGNMENT (  '', '', ( #3062 ) ) ;
#503 =( GEOMETRIC_REPRESENTATION_CONTEXT ( 3 ) GLOBAL_UNCERTAINTY_ASSIGNED_CONTEXT ( ( #1216 ) ) GLOBAL_UNIT_ASSIGNED_CONTEXT ( ( #771, #717, #421 ) ) REPRESENTATION_CONTEXT ( 'NONE', 'WORKASPACE' ) );
#504 = VERTEX_POINT ( 'NONE', #459 ) ;
#505 = DIRECTION ( 'NONE',  ( -0.7081841406410491757, 0.000000000000000000, -0.7060277777428439760 ) ) ;
#506 =( LENGTH_UNIT ( ) NAMED_UNIT ( * ) SI_UNIT ( .MILLI., .METRE. ) );
#507 = CARTESIAN_POINT ( 'NONE',  ( 1.275922489608801280, -0.2500000000000000000, 0.5762133289941127057 ) ) ;
#508 =( NAMED_UNIT ( * ) PLANE_ANGLE_UNIT ( ) SI_UNIT ( $, .RADIAN. ) );
#509 = DIRECTION ( 'NONE',  ( -0.000000000000000000, -1.000000000000000000, -0.000000000000000000 ) ) ;
#510 = LINE ( 'NONE', #1363, #100 ) ;
#511 = EDGE_CURVE ( 'NONE', #1352, #3794, #1671, .T. ) ;
#512 = DIRECTION ( 'NONE',  ( 0.000000000000000000, 1.000000000000000000, 0.000000000000000000 ) ) ;
#513 = LINE ( 'NONE', #3573, #3624 ) ;
#514 = CARTESIAN_POINT ( 'NONE',  ( -1.000000000000000888, 0.000000000000000000, -2.000000000000000000 ) ) ;
#515 = ADVANCED_FACE ( 'NONE', ( #2597 ), #1155, .T. ) ;
#516 = ORIENTED_EDGE ( 'NONE', *, *, #3036, .F. ) ;
#517 = ADVANCED_FACE ( 'NONE', ( #271 ), #861, .T. ) ;
#518 = VERTEX_POINT ( 'NONE', #251 ) ;
#519 =( NAMED_UNIT ( * ) SI_UNIT ( $, .STERADIAN. ) SOLID_ANGLE_UNIT ( ) );
#520 =( LENGTH_UNIT ( ) NAMED_UNIT ( * ) SI_UNIT ( .MILLI., .METRE. ) );
#521 = ORIENTED_EDGE ( 'NONE', *, *, #25, .F. ) ;
#522 = UNCERTAINTY_MEASURE_WITH_UNIT (LENGTH_MEASURE( 1.000000000000000082E-05 ), #1472, 'distance_accuracy_value', 'NONE');
#523 = DIRECTION ( 'NONE',  ( 0.000000000000000000, 0.000000000000000000, 1.000000000000000000 ) ) ;
#524 = CARTESIAN_POINT ( 'NONE',  ( -1.859949467328139594, 1.000000000000000000, -1.257744309980915354 ) ) ;
#525 = CARTESIAN_POINT ( 'NONE',  ( -1.859949467328139594, 0.5000000000000000000, -1.257744309980915354 ) ) ;
#526 = ORIENTED_EDGE ( 'NONE', *, *, #3323, .F. ) ;
#527 = CARTESIAN_POINT ( 'NONE',  ( -2.000000000000000888, 0.000000000000000000, -1.000000000000000000 ) ) ;
#528 = LINE ( 'NONE', #2688, #987 ) ;
#529 = AXIS2_PLACEMENT_3D ( 'NONE', #2304, #3249, #3201 ) ;
#530 = ORIENTED_EDGE ( 'NONE', *, *, #353, .T. ) ;
#531 = COLOUR_RGB ( '',0.6470588235294117974, 0.6196078431372549211, 0.5882352941176470784 ) ;
#532 = PRESENTATION_LAYER_ASSIGNMENT (  '', '', ( #1261 ) ) ;
#533 = ORIENTED_EDGE ( 'NONE', *, *, #1920, .F. ) ;
#534 = FACE_OUTER_BOUND ( 'NONE', #847, .T. ) ;
#535 = CARTESIAN_POINT ( 'NONE',  ( -1.247871026164795616, 0.5000000000000000000, -1.667300680597866513 ) ) ;
#536 = VECTOR ( 'NONE', #2596, 1000.000000000000000 ) ;
#537 = ORIENTED_EDGE ( 'NONE', *, *, #732, .F. ) ;
#538 = VECTOR ( 'NONE', #1699, 1000.000000000000114 ) ;
#539 = CARTESIAN_POINT ( 'NONE',  ( -1.268324636571934283, 0.5000000000000000000, -1.849354080340286366 ) ) ;
#540 =( LENGTH_UNIT ( ) NAMED_UNIT ( * ) SI_UNIT ( .MILLI., .METRE. ) );
#541 = AXIS2_PLACEMENT_3D ( 'NONE', #525, #512, #1140 ) ;
#542 = LINE ( 'NONE', #2154, #3192 ) ;
#543 = ORIENTED_EDGE ( 'NONE', *, *, #1829, .T. ) ;
#544 = LINE ( 'NONE', #527, #1657 ) ;
#545 = DIRECTION ( 'NONE',  ( -0.7071157812960315869, 0.000000000000000000, -0.7070977809625080823 ) ) ;
#546 = COLOUR_RGB ( '',0.6470588235294117974, 0.6196078431372549211, 0.5882352941176470784 ) ;
#547 = EDGE_LOOP ( 'NONE', ( #581, #1738, #3099, #1550 ) ) ;
#548 = EDGE_CURVE ( 'NONE', #3598, #3611, #3525, .T. ) ;
#549 = AXIS2_PLACEMENT_3D ( 'NONE', #1732, #509, #823 ) ;
#550 = COLOUR_RGB ( '',0.6470588235294117974, 0.6196078431372549211, 0.5882352941176470784 ) ;
#551 = CARTESIAN_POINT ( 'NONE',  ( -1.838122338896785335, 0.5000000000000000000, -1.135983643373856600 ) ) ;
#552 = ORIENTED_EDGE ( 'NONE', *, *, #3417, .F. ) ;
#553 = COLOUR_RGB ( '',0.6470588235294117974, 0.6196078431372549211, 0.5882352941176470784 ) ;
#554 = AXIS2_PLACEMENT_3D ( 'NONE', #1291, #1838, #73 ) ;
#555 = ADVANCED_FACE ( 'NONE', ( #785 ), #189, .T. ) ;
#556 = EDGE_CURVE ( 'NONE', #3926, #393, #2456, .T. ) ;
#557 = ORIENTED_EDGE ( 'NONE', *, *, #3441, .F. ) ;
#558 = EDGE_CURVE ( 'NONE', #3794, #3552, #3321, .T. ) ;
#559 = DIRECTION ( 'NONE',  ( -0.7060277777428405344, -0.000000000000000000, -0.7081841406410525064 ) ) ;
#560 = SURFACE_SIDE_STYLE ('',( #3490 ) ) ;
#561 = CARTESIAN_POINT ( 'NONE',  ( -1.247871026164795616, 0.5000000000000000000, -1.667300680597866736 ) ) ;
#562 = EDGE_LOOP ( 'NONE', ( #2433, #3076, #3883, #2781 ) ) ;
#563 = UNCERTAINTY_MEASURE_WITH_UNIT (LENGTH_MEASURE( 1.000000000000000082E-05 ), #111, 'distance_accuracy_value', 'NONE');
#564 = VECTOR ( 'NONE', #322, 1000.000000000000114 ) ;
#565 = CARTESIAN_POINT ( 'NONE',  ( -1.183601303242793223, 0.5000000000000000000, -1.934336177217212516 ) ) ;
#566 = DIRECTION ( 'NONE',  ( -0.000000000000000000, -1.000000000000000000, -0.000000000000000000 ) ) ;
#567 = DIRECTION ( 'NONE',  ( 0.000000000000000000, 0.000000000000000000, 1.000000000000000000 ) ) ;
#568 = FACE_OUTER_BOUND ( 'NONE', #468, .T. ) ;
#569 = SURFACE_STYLE_FILL_AREA ( #2372 ) ;
#570 = EDGE_LOOP ( 'NONE', ( #3024, #3285, #3789, #9 ) ) ;
#571 = LINE ( 'NONE', #2090, #2035 ) ;
#572 = CYLINDRICAL_SURFACE ( 'NONE', #929, 0.1200000000000000927 ) ;
#573 = VERTEX_POINT ( 'NONE', #629 ) ;
#574 = EDGE_CURVE ( 'NONE', #644, #3313, #3221, .T. ) ;
#575 = EDGE_LOOP ( 'NONE', ( #1483, #3651, #3726, #1046 ) ) ;
#576 = VERTEX_POINT ( 'NONE', #1832 ) ;
#577 = CARTESIAN_POINT ( 'NONE',  ( 1.849354080340286588, 0.5000000000000000000, 1.268324636571933839 ) ) ;
#578 = LINE ( 'NONE', #3315, #1963 ) ;
#579 = PLANE ( 'NONE',  #1121 ) ;
#580 = EDGE_CURVE ( 'NONE', #1668, #759, #1192, .T. ) ;
#581 = ORIENTED_EDGE ( 'NONE', *, *, #3417, .T. ) ;
#582 = DIRECTION ( 'NONE',  ( -0.000000000000000000, 1.000000000000000000, -0.000000000000000000 ) ) ;
#583 = FACE_OUTER_BOUND ( 'NONE', #2046, .T. ) ;
#584 = CARTESIAN_POINT ( 'NONE',  ( -2.000000000000000888, 1.000000000000000000, -1.000000000000000000 ) ) ;
#585 = CARTESIAN_POINT ( 'NONE',  ( 1.165165229309751860, 0.5000000000000000000, 1.908725116671069477 ) ) ;
#586 = SURFACE_SIDE_STYLE ('',( #3627 ) ) ;
#587 =( NAMED_UNIT ( * ) PLANE_ANGLE_UNIT ( ) SI_UNIT ( $, .RADIAN. ) );
#588 = ORIENTED_EDGE ( 'NONE', *, *, #64, .F. ) ;
#589 = FACE_OUTER_BOUND ( 'NONE', #1816, .T. ) ;
#590 = LINE ( 'NONE', #3348, #1809 ) ;
#591 = EDGE_LOOP ( 'NONE', ( #287, #3361, #3918, #1587 ) ) ;
#592 = PRESENTATION_LAYER_ASSIGNMENT (  '', '', ( #2260 ) ) ;
#593 = SURFACE_STYLE_FILL_AREA ( #2795 ) ;
#594 = COLOUR_RGB ( '',0.6470588235294117974, 0.6196078431372549211, 0.5882352941176470784 ) ;
#595 = ORIENTED_EDGE ( 'NONE', *, *, #2693, .F. ) ;
#596 = ADVANCED_FACE ( 'NONE', ( #583 ), #3403, .F. ) ;
#597 = VERTEX_POINT ( 'NONE', #2151 ) ;
#598 = CARTESIAN_POINT ( 'NONE',  ( 1.849354080340286588, 0.5000000000000000000, 1.268324636571933839 ) ) ;
#599 = DIRECTION ( 'NONE',  ( 0.9538793117875775662, 0.000000000000000000, -0.3001903705045475546 ) ) ;
#600 = CARTESIAN_POINT ( 'NONE',  ( -1.951569203483446202, -0.2500000000000000000, -1.235028396297816800 ) ) ;
#601 = ORIENTED_EDGE ( 'NONE', *, *, #2581, .F. ) ;
#602 =( GEOMETRIC_REPRESENTATION_CONTEXT ( 3 ) GLOBAL_UNCERTAINTY_ASSIGNED_CONTEXT ( ( #1262 ) ) GLOBAL_UNIT_ASSIGNED_CONTEXT ( ( #3483, #3193, #1633 ) ) REPRESENTATION_CONTEXT ( 'NONE', 'WORKASPACE' ) );
#603 = UNCERTAINTY_MEASURE_WITH_UNIT (LENGTH_MEASURE( 1.000000000000000082E-05 ), #1119, 'distance_accuracy_value', 'NONE');
#604 = FILL_AREA_STYLE_COLOUR ( '', #687 ) ;
#605 = AXIS2_PLACEMENT_3D ( 'NONE', #3893, #328, #3371 ) ;
#606 = CARTESIAN_POINT ( 'NONE',  ( 2.000000000000000000, 0.5000000000000000000, 0.9999999999999997780 ) ) ;
#607 = CARTESIAN_POINT ( 'NONE',  ( 1.140595712195099143, 1.000000000000000000, 1.808103301846329947 ) ) ;
#608 = VECTOR ( 'NONE', #684, 1000.000000000000114 ) ;
#609 = CARTESIAN_POINT ( 'NONE',  ( 1.999999999999999112, 1.000000000000000000, -1.000000000000000000 ) ) ;
#610 = AXIS2_PLACEMENT_3D ( 'NONE', #151, #1719, #2908 ) ;
#611 = EDGE_CURVE ( 'NONE', #316, #1824, #2719, .T. ) ;
#612 = DIRECTION ( 'NONE',  ( -1.000000000000000000, 0.000000000000000000, 0.000000000000000000 ) ) ;
#613 = VERTEX_POINT ( 'NONE', #1899 ) ;
#614 =( NAMED_UNIT ( * ) SI_UNIT ( $, .STERADIAN. ) SOLID_ANGLE_UNIT ( ) );
#615 = VECTOR ( 'NONE', #1518, 1000.000000000000000 ) ;
#616 = ORIENTED_EDGE ( 'NONE', *, *, #3760, .F. ) ;
#617 = COLOUR_RGB ( '',0.6470588235294117974, 0.6196078431372549211, 0.5882352941176470784 ) ;
#618 = DIRECTION ( 'NONE',  ( 0.000000000000000000, 0.000000000000000000, -1.000000000000000000 ) ) ;
#619 = ORIENTED_EDGE ( 'NONE', *, *, #3473, .T. ) ;
#620 = COLOUR_RGB ( '',0.6470588235294117974, 0.6196078431372549211, 0.5882352941176470784 ) ;
#621 =( NAMED_UNIT ( * ) PLANE_ANGLE_UNIT ( ) SI_UNIT ( $, .RADIAN. ) );
#622 = SURFACE_STYLE_USAGE ( .BOTH. , #3074 ) ;
#623 = FILL_AREA_STYLE_COLOUR ( '', #2388 ) ;
#624 = AXIS2_PLACEMENT_3D ( 'NONE', #143, #2888, #3820 ) ;
#625 = AXIS2_PLACEMENT_3D ( 'NONE', #2939, #200, #2675 ) ;
#626 = EDGE_LOOP ( 'NONE', ( #895, #387, #2712, #653, #1537 ) ) ;
#627 = ORIENTED_EDGE ( 'NONE', *, *, #1950, .T. ) ;
#628 = FILL_AREA_STYLE ('',( #604 ) ) ;
#629 = CARTESIAN_POINT ( 'NONE',  ( 1.920065658469889414, 0.5000000000000000000, 1.339034414668184958 ) ) ;
#630 = CARTESIAN_POINT ( 'NONE',  ( -1.951569203483446202, 1.000000000000000000, -1.235028396297816800 ) ) ;
#631 = DIRECTION ( 'NONE',  ( -0.000000000000000000, -1.000000000000000000, -0.000000000000000000 ) ) ;
#632 =( NAMED_UNIT ( * ) PLANE_ANGLE_UNIT ( ) SI_UNIT ( $, .RADIAN. ) );
#633 = COLOUR_RGB ( '',0.6470588235294117974, 0.6196078431372549211, 0.5882352941176470784 ) ;
#634 = SURFACE_STYLE_FILL_AREA ( #71 ) ;
#635 = ORIENTED_EDGE ( 'NONE', *, *, #2236, .F. ) ;
#636 = CYLINDRICAL_SURFACE ( 'NONE', #418, 0.09999999999999982514 ) ;
#637 = ORIENTED_EDGE ( 'NONE', *, *, #2319, .F. ) ;
#638 =( NAMED_UNIT ( * ) SI_UNIT ( $, .STERADIAN. ) SOLID_ANGLE_UNIT ( ) );
#639 = VERTEX_POINT ( 'NONE', #1803 ) ;
#640 = UNCERTAINTY_MEASURE_WITH_UNIT (LENGTH_MEASURE( 1.000000000000000082E-05 ), #1611, 'distance_accuracy_value', 'NONE');
#641 = SURFACE_SIDE_STYLE ('',( #3050 ) ) ;
#642 =( NAMED_UNIT ( * ) PLANE_ANGLE_UNIT ( ) SI_UNIT ( $, .RADIAN. ) );
#643 = EDGE_CURVE ( 'NONE', #573, #308, #3904, .T. ) ;
#644 = VERTEX_POINT ( 'NONE', #1552 ) ;
#645 = UNCERTAINTY_MEASURE_WITH_UNIT (LENGTH_MEASURE( 1.000000000000000082E-05 ), #2444, 'distance_accuracy_value', 'NONE');
#646 = DIRECTION ( 'NONE',  ( 1.000000000000000000, 0.000000000000000000, 0.000000000000000000 ) ) ;
#647 = CARTESIAN_POINT ( 'NONE',  ( 1.328455888110519512, 0.5000000000000000000, 1.930659245424389603 ) ) ;
#648 = CARTESIAN_POINT ( 'NONE',  ( 1.257744309980915798, 0.5000000000000000000, 1.979949467328139256 ) ) ;
#649 = FACE_OUTER_BOUND ( 'NONE', #1242, .T. ) ;
#650 = ORIENTED_EDGE ( 'NONE', *, *, #495, .F. ) ;
#651 = CARTESIAN_POINT ( 'NONE',  ( -1.197721858797649919, 0.5000000000000000000, -1.920172494404391417 ) ) ;
#652 = DIRECTION ( 'NONE',  ( 0.000000000000000000, 0.000000000000000000, 1.000000000000000000 ) ) ;
#653 = ORIENTED_EDGE ( 'NONE', *, *, #580, .T. ) ;
#654 = ORIENTED_EDGE ( 'NONE', *, *, #1763, .F. ) ;
#655 = EDGE_LOOP ( 'NONE', ( #966, #2099, #1193, #3777 ) ) ;
#656 = VECTOR ( 'NONE', #2959, 1000.000000000000000 ) ;
#657 =( NAMED_UNIT ( * ) SI_UNIT ( $, .STERADIAN. ) SOLID_ANGLE_UNIT ( ) );
#658 = DIRECTION ( 'NONE',  ( -0.000000000000000000, -1.000000000000000000, -0.000000000000000000 ) ) ;
#659 = PRESENTATION_LAYER_ASSIGNMENT (  '', '', ( #3406 ) ) ;
#660 = VERTEX_POINT ( 'NONE', #3095 ) ;
#661 = ORIENTED_EDGE ( 'NONE', *, *, #353, .F. ) ;
#662 = MECHANICAL_DESIGN_GEOMETRIC_PRESENTATION_REPRESENTATION (  '', ( #2791 ), #3657 ) ;
#663 = LINE ( 'NONE', #10, #1208 ) ;
#664 = DIRECTION ( 'NONE',  ( 0.000000000000000000, 1.000000000000000000, 0.000000000000000000 ) ) ;
#665 = FACE_OUTER_BOUND ( 'NONE', #1499, .T. ) ;
#666 = VECTOR ( 'NONE', #204, 1000.000000000000114 ) ;
#667 = PRESENTATION_STYLE_ASSIGNMENT (( #2807 ) ) ;
#668 = ORIENTED_EDGE ( 'NONE', *, *, #3233, .T. ) ;
#669 = FACE_OUTER_BOUND ( 'NONE', #1364, .T. ) ;
#670 = DIRECTION ( 'NONE',  ( -0.7081841406410511741, 0.000000000000000000, -0.7060277777428419776 ) ) ;
#671 = AXIS2_PLACEMENT_3D ( 'NONE', #3057, #1515, #2785 ) ;
#672 = CIRCLE ( 'NONE', #3799, 0.09999999999999982514 ) ;
#673 = PLANE ( 'NONE',  #3818 ) ;
#674 = PRESENTATION_STYLE_ASSIGNMENT (( #3712 ) ) ;
#675 = VERTEX_POINT ( 'NONE', #1265 ) ;
#676 = EDGE_CURVE ( 'NONE', #1219, #2198, #381, .T. ) ;
#677 = CIRCLE ( 'NONE', #372, 0.1000000000000000472 ) ;
#678 = CARTESIAN_POINT ( 'NONE',  ( 0.000000000000000000, -0.2500000000000000000, 0.000000000000000000 ) ) ;
#679 = VECTOR ( 'NONE', #3529, 1000.000000000000000 ) ;
#680 = EDGE_CURVE ( 'NONE', #115, #1589, #2501, .T. ) ;
#681 = ORIENTED_EDGE ( 'NONE', *, *, #2183, .F. ) ;
#682 = UNCERTAINTY_MEASURE_WITH_UNIT (LENGTH_MEASURE( 1.000000000000000082E-05 ), #1206, 'distance_accuracy_value', 'NONE');
#683 =( LENGTH_UNIT ( ) NAMED_UNIT ( * ) SI_UNIT ( .MILLI., .METRE. ) );
#684 = DIRECTION ( 'NONE',  ( 0.3001903705045472770, -0.000000000000000000, -0.9538793117875775662 ) ) ;
#685 = EDGE_CURVE ( 'NONE', #1290, #3313, #3706, .T. ) ;
#686 = EDGE_CURVE ( 'NONE', #1562, #3155, #2125, .T. ) ;
#687 = COLOUR_RGB ( '',0.6470588235294117974, 0.6196078431372549211, 0.5882352941176470784 ) ;
#688 = PLANE ( 'NONE',  #2617 ) ;
#689 = PLANE ( 'NONE',  #426 ) ;
#690 = EDGE_LOOP ( 'NONE', ( #1842, #998, #1542, #3250, #2, #3850, #2123, #543, #3162, #1988, #3591, #3346, #2977, #44, #939, #2167, #3761 ) ) ;
#691 = COLOUR_RGB ( '',0.6470588235294117974, 0.6196078431372549211, 0.5882352941176470784 ) ;
#692 = VECTOR ( 'NONE', #2595, 1000.000000000000114 ) ;
#693 = CARTESIAN_POINT ( 'NONE',  ( 0.000000000000000000, 1.000000000000000000, 0.000000000000000000 ) ) ;
#694 = COLOUR_RGB ( '',0.7921568627450980005, 0.8196078431372548767, 0.9333333333333333481 ) ;
#695 = CIRCLE ( 'NONE', #3132, 0.1200000000000000927 ) ;
#696 = ORIENTED_EDGE ( 'NONE', *, *, #1233, .F. ) ;
#697 = FACE_OUTER_BOUND ( 'NONE', #3081, .T. ) ;
#698 = PLANE ( 'NONE',  #2680 ) ;
#699 = SURFACE_SIDE_STYLE ('',( #1023 ) ) ;
#700 = CIRCLE ( 'NONE', #2886, 1.306217782649106596 ) ;
#701 = SURFACE_STYLE_FILL_AREA ( #423 ) ;
#702 =( NAMED_UNIT ( * ) PLANE_ANGLE_UNIT ( ) SI_UNIT ( $, .RADIAN. ) );
#703 = ORIENTED_EDGE ( 'NONE', *, *, #1920, .T. ) ;
#704 = ORIENTED_EDGE ( 'NONE', *, *, #2020, .F. ) ;
#705 = CARTESIAN_POINT ( 'NONE',  ( -1.930659245424389825, 0.5000000000000000000, -1.328455888110519068 ) ) ;
#706 = EDGE_LOOP ( 'NONE', ( #1168, #3049, #2051, #2350 ) ) ;
#707 =( LENGTH_UNIT ( ) NAMED_UNIT ( * ) SI_UNIT ( .MILLI., .METRE. ) );
#708 = CARTESIAN_POINT ( 'NONE',  ( 0.5659919705094587083, -0.2500000000000000000, 1.280489394457767549 ) ) ;
#709 =( NAMED_UNIT ( * ) SI_UNIT ( $, .STERADIAN. ) SOLID_ANGLE_UNIT ( ) );
#710 = EDGE_CURVE ( 'NONE', #1093, #3116, #358, .T. ) ;
#711 = SURFACE_SIDE_STYLE ('',( #3151 ) ) ;
#712 = SURFACE_SIDE_STYLE ('',( #83 ) ) ;
#713 = EDGE_CURVE ( 'NONE', #1072, #2187, #292, .T. ) ;
#714 = CARTESIAN_POINT ( 'NONE',  ( -1.153771342449179560, 1.000000000000000000, -1.851721886059748190 ) ) ;
#715 = ORIENTED_EDGE ( 'NONE', *, *, #558, .F. ) ;
#716 =( NAMED_UNIT ( * ) SI_UNIT ( $, .STERADIAN. ) SOLID_ANGLE_UNIT ( ) );
#717 =( NAMED_UNIT ( * ) PLANE_ANGLE_UNIT ( ) SI_UNIT ( $, .RADIAN. ) );
#718 = CARTESIAN_POINT ( 'NONE',  ( 1.851721886059748190, 1.000000000000000000, 1.153771342449179116 ) ) ;
#719 = EDGE_LOOP ( 'NONE', ( #2503, #371, #263, #3186, #1984, #449, #1859, #3129 ) ) ;
#720 = SURFACE_SIDE_STYLE ('',( #3756 ) ) ;
#721 = VERTEX_POINT ( 'NONE', #2105 ) ;
#722 = DIRECTION ( 'NONE',  ( -0.7071067811865477948, 0.000000000000000000, 0.7071067811865473507 ) ) ;
#723 = ORIENTED_EDGE ( 'NONE', *, *, #360, .F. ) ;
#724 = UNCERTAINTY_MEASURE_WITH_UNIT (LENGTH_MEASURE( 1.000000000000000082E-05 ), #3700, 'distance_accuracy_value', 'NONE');
#725 = CARTESIAN_POINT ( 'NONE',  ( 1.762498769220799177, 1.000000000000000000, 1.181204050379262460 ) ) ;
#726 = CARTESIAN_POINT ( 'NONE',  ( -1.670593587956012094, 0.5000000000000000000, -1.162903662160835738 ) ) ;
#727 = DIRECTION ( 'NONE',  ( -1.000000000000000000, 0.000000000000000000, 0.000000000000000000 ) ) ;
#728 = ADVANCED_FACE ( 'NONE', ( #3682 ), #3930, .T. ) ;
#729 = FILL_AREA_STYLE_COLOUR ( '', #942 ) ;
#730 = ADVANCED_FACE ( 'NONE', ( #994 ), #689, .F. ) ;
#731 = CARTESIAN_POINT ( 'NONE',  ( 1.328455888110519512, 1.000000000000000000, 1.930659245424389603 ) ) ;
#732 = EDGE_CURVE ( 'NONE', #3616, #3598, #1373, .T. ) ;
#733 = STYLED_ITEM ( 'NONE', ( #2011 ), #349 ) ;
#734 = CARTESIAN_POINT ( 'NONE',  ( -1.929289321881345609, 0.5000000000000000000, -0.9292893218813448319 ) ) ;
#735 = FILL_AREA_STYLE ('',( #2544 ) ) ;
#736 = SURFACE_STYLE_USAGE ( .BOTH. , #2184 ) ;
#737 = EDGE_CURVE ( 'NONE', #1464, #3926, #1919, .T. ) ;
#738 = EDGE_CURVE ( 'NONE', #3552, #660, #1957, .T. ) ;
#739 = EDGE_LOOP ( 'NONE', ( #2711, #2121, #2518, #3087, #2111 ) ) ;
#740 = CARTESIAN_POINT ( 'NONE',  ( -1.000000000000000888, 1.000000000000000000, -2.000000000000000000 ) ) ;
#741 = FILL_AREA_STYLE ('',( #1029 ) ) ;
#742 = AXIS2_PLACEMENT_3D ( 'NONE', #2765, #2101, #599 ) ;
#743 = CARTESIAN_POINT ( 'NONE',  ( 2.000000000000000000, 0.5000000000000000000, 0.9999999999999997780 ) ) ;
#744 = ORIENTED_EDGE ( 'NONE', *, *, #3448, .T. ) ;
#745 =( GEOMETRIC_REPRESENTATION_CONTEXT ( 3 ) GLOBAL_UNCERTAINTY_ASSIGNED_CONTEXT ( ( #1692 ) ) GLOBAL_UNIT_ASSIGNED_CONTEXT ( ( #2645, #2355, #2302 ) ) REPRESENTATION_CONTEXT ( 'NONE', 'WORKASPACE' ) );
#746 =( NAMED_UNIT ( * ) PLANE_ANGLE_UNIT ( ) SI_UNIT ( $, .RADIAN. ) );
#747 = DIRECTION ( 'NONE',  ( -0.3001903705045475546, 0.000000000000000000, -0.9538793117875775662 ) ) ;
#748 = CARTESIAN_POINT ( 'NONE',  ( 1.275922489608801280, -0.2500000000000000000, 0.5762133289941125946 ) ) ;
#749 = VECTOR ( 'NONE', #2706, 1000.000000000000114 ) ;
#750 = COLOUR_RGB ( '',0.6470588235294117974, 0.6196078431372549211, 0.5882352941176470784 ) ;
#751 = DIRECTION ( 'NONE',  ( -0.7071067811865479058, 0.000000000000000000, -0.7071067811865472397 ) ) ;
#752 = CARTESIAN_POINT ( 'NONE',  ( 1.748378213665942482, 1.000000000000000000, 1.167040367566441583 ) ) ;
#753 =( LENGTH_UNIT ( ) NAMED_UNIT ( * ) SI_UNIT ( .MILLI., .METRE. ) );
#754 = VECTOR ( 'NONE', #2049, 1000.000000000000114 ) ;
#755 = CARTESIAN_POINT ( 'NONE',  ( 1.681421236152723653, 0.5000000000000000000, 1.262034708977616271 ) ) ;
#756 = STYLED_ITEM ( 'NONE', ( #3430 ), #3677 ) ;
#757 = CARTESIAN_POINT ( 'NONE',  ( 1.141871856607312941, 1.000000000000000000, 1.858128143392687059 ) ) ;
#758 = COLOUR_RGB ( '',0.6470588235294117974, 0.6196078431372549211, 0.5882352941176470784 ) ;
#759 = VERTEX_POINT ( 'NONE', #2601 ) ;
#760 = DIRECTION ( 'NONE',  ( 0.7060277777428426438, 0.000000000000000000, -0.7081841406410503970 ) ) ;
#761 = PRESENTATION_LAYER_ASSIGNMENT (  '', '', ( #3134 ) ) ;
#762 = PRODUCT_DEFINITION ( 'UNKNOWN', '', #880, #3426 ) ;
#763 = DIRECTION ( 'NONE',  ( -0.000000000000000000, -1.000000000000000000, -0.000000000000000000 ) ) ;
#764 = VERTEX_POINT ( 'NONE', #1055 ) ;
#765 =( GEOMETRIC_REPRESENTATION_CONTEXT ( 3 ) GLOBAL_UNCERTAINTY_ASSIGNED_CONTEXT ( ( #1683 ) ) GLOBAL_UNIT_ASSIGNED_CONTEXT ( ( #1379, #1420, #1117 ) ) REPRESENTATION_CONTEXT ( 'NONE', 'WORKASPACE' ) );
#766 = DIRECTION ( 'NONE',  ( 0.000000000000000000, 1.000000000000000000, 0.000000000000000000 ) ) ;
#767 = CARTESIAN_POINT ( 'NONE',  ( 1.681421236152723653, 1.000000000000000000, 1.262034708977616271 ) ) ;
#768 = CARTESIAN_POINT ( 'NONE',  ( 1.151001546496930761, 0.5000000000000000000, 1.922845672225926394 ) ) ;
#769 = CARTESIAN_POINT ( 'NONE',  ( 1.121518125959347634, 0.5000000000000000000, 1.802099494436238958 ) ) ;
#770 = DIRECTION ( 'NONE',  ( 0.000000000000000000, 0.000000000000000000, 1.000000000000000000 ) ) ;
#771 =( LENGTH_UNIT ( ) NAMED_UNIT ( * ) SI_UNIT ( .MILLI., .METRE. ) );
#772 = FILL_AREA_STYLE ('',( #3544 ) ) ;
#773 = EDGE_CURVE ( 'NONE', #1072, #302, #3138, .T. ) ;
#774 = CARTESIAN_POINT ( 'NONE',  ( -1.000000000000000222, 0.5000000000000000000, -1.999999999999999556 ) ) ;
#775 = LINE ( 'NONE', #3549, #284 ) ;
#776 = CARTESIAN_POINT ( 'NONE',  ( 1.000000000000000000, 1.000000000000000000, 2.000000000000000000 ) ) ;
#777 = EDGE_LOOP ( 'NONE', ( #3714, #3236, #526, #2508, #2775 ) ) ;
#778 = SURFACE_STYLE_FILL_AREA ( #3218 ) ;
#779 = EDGE_CURVE ( 'NONE', #3681, #2913, #2266, .T. ) ;
#780 = CIRCLE ( 'NONE', #1876, 1.399999999999999911 ) ;
#781 = EDGE_LOOP ( 'NONE', ( #1831, #2341, #1606, #3586 ) ) ;
#782 = DIRECTION ( 'NONE',  ( -0.7071067811865471286, 0.000000000000000000, -0.7071067811865479058 ) ) ;
#783 = FACE_OUTER_BOUND ( 'NONE', #3655, .T. ) ;
#784 = CIRCLE ( 'NONE', #3723, 1.399999999999999689 ) ;
#785 = FACE_OUTER_BOUND ( 'NONE', #781, .T. ) ;
#786 = SURFACE_SIDE_STYLE ('',( #3770 ) ) ;
#787 = SURFACE_STYLE_FILL_AREA ( #884 ) ;
#788 = DIRECTION ( 'NONE',  ( 0.000000000000000000, 0.000000000000000000, 1.000000000000000000 ) ) ;
#789 =( GEOMETRIC_REPRESENTATION_CONTEXT ( 3 ) GLOBAL_UNCERTAINTY_ASSIGNED_CONTEXT ( ( #836 ) ) GLOBAL_UNIT_ASSIGNED_CONTEXT ( ( #2424, #1813, #1185 ) ) REPRESENTATION_CONTEXT ( 'NONE', 'WORKASPACE' ) );
#790 = FILL_AREA_STYLE_COLOUR ( '', #3851 ) ;
#791 = CARTESIAN_POINT ( 'NONE',  ( 1.849354080340286588, 1.000000000000000000, 1.268324636571933839 ) ) ;
#792 = AXIS2_PLACEMENT_3D ( 'NONE', #600, #1827, #3702 ) ;
#793 = LINE ( 'NONE', #1145, #2538 ) ;
#794 = VECTOR ( 'NONE', #3031, 1000.000000000000000 ) ;
#795 = VERTEX_POINT ( 'NONE', #731 ) ;
#796 = VECTOR ( 'NONE', #1355, 1000.000000000000000 ) ;
#797 = ORIENTED_EDGE ( 'NONE', *, *, #3161, .F. ) ;
#798 = DIRECTION ( 'NONE',  ( -0.000000000000000000, 1.000000000000000000, -0.000000000000000000 ) ) ;
#799 = VECTOR ( 'NONE', #806, 1000.000000000000000 ) ;
#800 = CARTESIAN_POINT ( 'NONE',  ( -1.944801201043639738, 0.5000000000000000000, -1.342598203736439899 ) ) ;
#801 = CIRCLE ( 'NONE', #2865, 1.272610418006828725 ) ;
#802 = EDGE_CURVE ( 'NONE', #2066, #2853, #1599, .T. ) ;
#803 = VECTOR ( 'NONE', #3774, 1000.000000000000000 ) ;
#804 = FILL_AREA_STYLE_COLOUR ( '', #617 ) ;
#805 = DIRECTION ( 'NONE',  ( 0.7071067811865479058, 0.000000000000000000, -0.7071067811865471286 ) ) ;
#806 = DIRECTION ( 'NONE',  ( -1.000000000000000000, -0.000000000000000000, -0.000000000000000000 ) ) ;
#807 = LINE ( 'NONE', #3890, #749 ) ;
#809 = EDGE_CURVE ( 'NONE', #3860, #2117, #1613, .T. ) ;
#808 = CARTESIAN_POINT ( 'NONE',  ( 1.172762213103988982, 0.5000000000000000000, 1.944672800657279543 ) ) ;
#810 = DIRECTION ( 'NONE',  ( -0.7071067811865474617, -0.000000000000000000, -0.7071067811865474617 ) ) ;
#811 = CIRCLE ( 'NONE', #3300, 0.1000000000000000472 ) ;
#812 = PRESENTATION_LAYER_ASSIGNMENT (  '', '', ( #3685 ) ) ;
#813 = CARTESIAN_POINT ( 'NONE',  ( 0.9292893218813452760, 0.5000000000000000000, 1.929289321881345387 ) ) ;
#814 = ORIENTED_EDGE ( 'NONE', *, *, #1149, .F. ) ;
#815 = AXIS2_PLACEMENT_3D ( 'NONE', #2252, #2587, #2505 ) ;
#816 = ORIENTED_EDGE ( 'NONE', *, *, #3160, .T. ) ;
#817 = CARTESIAN_POINT ( 'NONE',  ( -1.944672800657279765, 0.5000000000000000000, -1.172762213103988538 ) ) ;
#818 = DIRECTION ( 'NONE',  ( 0.000000000000000000, 1.000000000000000000, 0.000000000000000000 ) ) ;
#819 = ORIENTED_EDGE ( 'NONE', *, *, #1992, .T. ) ;
#820 = DIRECTION ( 'NONE',  ( 0.7060277777428409784, 0.000000000000000000, 0.7081841406410520623 ) ) ;
#821 = CARTESIAN_POINT ( 'NONE',  ( -2.000000000000000444, 0.5000000000000000000, -0.9999999999999995559 ) ) ;
#822 = CARTESIAN_POINT ( 'NONE',  ( 1.748378213665942482, 0.5000000000000000000, 1.167040367566441583 ) ) ;
#823 = DIRECTION ( 'NONE',  ( -1.000000000000000000, 0.000000000000000000, 0.000000000000000000 ) ) ;
#824 = CARTESIAN_POINT ( 'NONE',  ( 1.000000000000000000, 1.000000000000000000, 2.000000000000000000 ) ) ;
#825 = FACE_OUTER_BOUND ( 'NONE', #1768, .T. ) ;
#826 = EDGE_LOOP ( 'NONE', ( #2808, #2833, #830, #256, #248 ) ) ;
#827 = FACE_OUTER_BOUND ( 'NONE', #452, .T. ) ;
#828 =( LENGTH_UNIT ( ) NAMED_UNIT ( * ) SI_UNIT ( .MILLI., .METRE. ) );
#829 = CARTESIAN_POINT ( 'NONE',  ( -1.929289321881345609, 1.000000000000000000, -0.9292893218813448319 ) ) ;
#830 = ORIENTED_EDGE ( 'NONE', *, *, #1010, .F. ) ;
#831 = VERTEX_POINT ( 'NONE', #3802 ) ;
#832 = DIRECTION ( 'NONE',  ( 0.000000000000000000, 0.000000000000000000, -1.000000000000000000 ) ) ;
#833 = CARTESIAN_POINT ( 'NONE',  ( 1.920065658469889414, 0.5000000000000000000, 1.339034414668184958 ) ) ;
#834 = DIRECTION ( 'NONE',  ( -0.000000000000000000, 1.000000000000000000, -0.000000000000000000 ) ) ;
#835 = ORIENTED_EDGE ( 'NONE', *, *, #1985, .T. ) ;
#836 = UNCERTAINTY_MEASURE_WITH_UNIT (LENGTH_MEASURE( 1.000000000000000082E-05 ), #2424, 'distance_accuracy_value', 'NONE');
#837 = ADVANCED_FACE ( 'NONE', ( #1357 ), #3463, .F. ) ;
#838 = DIRECTION ( 'NONE',  ( 0.7081841406410558371, 0.000000000000000000, 0.7060277777428372037 ) ) ;
#839 = DIRECTION ( 'NONE',  ( 0.000000000000000000, 1.000000000000000000, 0.000000000000000000 ) ) ;
#840 = DIRECTION ( 'NONE',  ( 0.000000000000000000, 0.000000000000000000, 1.000000000000000000 ) ) ;
#841 = LINE ( 'NONE', #3033, #3924 ) ;
#842 = LINE ( 'NONE', #3874, #3801 ) ;
#843 = ORIENTED_EDGE ( 'NONE', *, *, #3707, .F. ) ;
#844 =( LENGTH_UNIT ( ) NAMED_UNIT ( * ) SI_UNIT ( .MILLI., .METRE. ) );
#845 = FILL_AREA_STYLE ('',( #346 ) ) ;
#846 = EDGE_CURVE ( 'NONE', #3048, #1506, #3254, .T. ) ;
#847 = EDGE_LOOP ( 'NONE', ( #408, #2962, #2967, #1971 ) ) ;
#848 = EDGE_CURVE ( 'NONE', #3048, #2198, #2953, .T. ) ;
#849 = ORIENTED_EDGE ( 'NONE', *, *, #2385, .F. ) ;
#850 = VECTOR ( 'NONE', #1427, 1000.000000000000000 ) ;
#851 = ORIENTED_EDGE ( 'NONE', *, *, #360, .T. ) ;
#852 = SURFACE_SIDE_STYLE ('',( #1111 ) ) ;
#853 = PRESENTATION_STYLE_ASSIGNMENT (( #1467 ) ) ;
#854 = DIRECTION ( 'NONE',  ( 0.7081841406410523954, 0.000000000000000000, 0.7060277777428407564 ) ) ;
#855 = EDGE_CURVE ( 'NONE', #1209, #2857, #3844, .T. ) ;
#856 = CIRCLE ( 'NONE', #1385, 0.1200000000000000927 ) ;
#857 =( NAMED_UNIT ( * ) SI_UNIT ( $, .STERADIAN. ) SOLID_ANGLE_UNIT ( ) );
#858 = ORIENTED_EDGE ( 'NONE', *, *, #2880, .T. ) ;
#859 = COLOUR_RGB ( '',0.6470588235294117974, 0.6196078431372549211, 0.5882352941176470784 ) ;
#860 = PRESENTATION_STYLE_ASSIGNMENT (( #2718 ) ) ;
#861 = PLANE ( 'NONE',  #1378 ) ;
#862 = LINE ( 'NONE', #3275, #1773 ) ;
#863 = ADVANCED_FACE ( 'NONE', ( #3223 ), #1740, .T. ) ;
#864 = VECTOR ( 'NONE', #3470, 1000.000000000000114 ) ;
#865 = DIRECTION ( 'NONE',  ( 0.000000000000000000, -1.000000000000000000, 0.000000000000000000 ) ) ;
#866 = LINE ( 'NONE', #2704, #2073 ) ;
#867 = CARTESIAN_POINT ( 'NONE',  ( -2.000000000000000000, 0.000000000000000000, 2.000000000000000000 ) ) ;
#868 = ORIENTED_EDGE ( 'NONE', *, *, #464, .T. ) ;
#869 =( GEOMETRIC_REPRESENTATION_CONTEXT ( 3 ) GLOBAL_UNCERTAINTY_ASSIGNED_CONTEXT ( ( #3054 ) ) GLOBAL_UNIT_ASSIGNED_CONTEXT ( ( #1902, #2459, #386 ) ) REPRESENTATION_CONTEXT ( 'NONE', 'WORKASPACE' ) );
#870 = EDGE_CURVE ( 'NONE', #2857, #3879, #3270, .T. ) ;
#871 =( NAMED_UNIT ( * ) PLANE_ANGLE_UNIT ( ) SI_UNIT ( $, .RADIAN. ) );
#872 = FACE_OUTER_BOUND ( 'NONE', #547, .T. ) ;
#873 =( NAMED_UNIT ( * ) PLANE_ANGLE_UNIT ( ) SI_UNIT ( $, .RADIAN. ) );
#874 = AXIS2_PLACEMENT_3D ( 'NONE', #1014, #766, #2560 ) ;
#875 = ORIENTED_EDGE ( 'NONE', *, *, #732, .T. ) ;
#876 = AXIS2_PLACEMENT_3D ( 'NONE', #3686, #3746, #2196 ) ;
#877 = PRESENTATION_LAYER_ASSIGNMENT (  '', '', ( #2618 ) ) ;
#878 = FILL_AREA_STYLE_COLOUR ( '', #3856 ) ;
#879 = VERTEX_POINT ( 'NONE', #2966 ) ;
#880 = PRODUCT_DEFINITION_FORMATION_WITH_SPECIFIED_SOURCE ( 'ANY', '', #3841, .NOT_KNOWN. ) ;
#881 = COLOUR_RGB ( '',0.6470588235294117974, 0.6196078431372549211, 0.5882352941176470784 ) ;
#882 = ORIENTED_EDGE ( 'NONE', *, *, #737, .T. ) ;
#883 = CARTESIAN_POINT ( 'NONE',  ( -1.339034414668185402, 0.5000000000000000000, -1.920065658469889192 ) ) ;
#884 = FILL_AREA_STYLE ('',( #170 ) ) ;
#885 = STYLED_ITEM ( 'NONE', ( #1833 ), #3152 ) ;
#886 = CARTESIAN_POINT ( 'NONE',  ( 0.000000000000000000, 0.000000000000000000, 0.000000000000000000 ) ) ;
#887 = ORIENTED_EDGE ( 'NONE', *, *, #855, .F. ) ;
#888 = UNCERTAINTY_MEASURE_WITH_UNIT (LENGTH_MEASURE( 1.000000000000000082E-05 ), #1840, 'distance_accuracy_value', 'NONE');
#889 = FACE_OUTER_BOUND ( 'NONE', #570, .T. ) ;
#890 = DIRECTION ( 'NONE',  ( -0.000000000000000000, 1.000000000000000000, -0.000000000000000000 ) ) ;
#891 = SURFACE_SIDE_STYLE ('',( #3567 ) ) ;
#892 = LINE ( 'NONE', #585, #49 ) ;
#893 = CYLINDRICAL_SURFACE ( 'NONE', #1513, 0.1000000000000000472 ) ;
#894 = DIRECTION ( 'NONE',  ( 0.000000000000000000, 1.000000000000000000, 0.000000000000000000 ) ) ;
#895 = ORIENTED_EDGE ( 'NONE', *, *, #3251, .F. ) ;
#896 = FILL_AREA_STYLE ('',( #1460 ) ) ;
#897 = EDGE_CURVE ( 'NONE', #1227, #223, #219, .T. ) ;
#898 = ORIENTED_EDGE ( 'NONE', *, *, #3394, .T. ) ;
#899 = ORIENTED_EDGE ( 'NONE', *, *, #3224, .F. ) ;
#900 = ORIENTED_EDGE ( 'NONE', *, *, #1690, .T. ) ;
#901 = DIRECTION ( 'NONE',  ( -0.7060277777428426438, 0.000000000000000000, 0.7081841406410503970 ) ) ;
#902 = FILL_AREA_STYLE ('',( #1221 ) ) ;
#903 = LINE ( 'NONE', #2449, #3791 ) ;
#904 = EDGE_CURVE ( 'NONE', #3669, #2344, #1687, .T. ) ;
#905 = EDGE_CURVE ( 'NONE', #393, #2766, #1394, .T. ) ;
#906 = LINE ( 'NONE', #561, #51 ) ;
#907 = ORIENTED_EDGE ( 'NONE', *, *, #399, .T. ) ;
#908 = ORIENTED_EDGE ( 'NONE', *, *, #2022, .T. ) ;
#909 = VECTOR ( 'NONE', #2189, 1000.000000000000114 ) ;
#910 = DIRECTION ( 'NONE',  ( 0.000000000000000000, -1.000000000000000000, 0.000000000000000000 ) ) ;
#911 = CARTESIAN_POINT ( 'NONE',  ( -1.244452586400646821, -0.2500000000000000000, -1.942127013025817472 ) ) ;
#912 = SURFACE_STYLE_USAGE ( .BOTH. , #2177 ) ;
#913 = LINE ( 'NONE', #3325, #564 ) ;
#914 = AXIS2_PLACEMENT_3D ( 'NONE', #3375, #3086, #351 ) ;
#915 = ORIENTED_EDGE ( 'NONE', *, *, #3384, .F. ) ;
#916 = PLANE ( 'NONE',  #2165 ) ;
#917 = FILL_AREA_STYLE_COLOUR ( '', #3404 ) ;
#918 = SURFACE_SIDE_STYLE ('',( #2113 ) ) ;
#919 = VERTEX_POINT ( 'NONE', #3537 ) ;
#920 = CYLINDRICAL_SURFACE ( 'NONE', #3696, 0.1199999999999998845 ) ;
#921 = ORIENTED_EDGE ( 'NONE', *, *, #1217, .F. ) ;
#922 = CARTESIAN_POINT ( 'NONE',  ( -1.838122338896785335, 1.000000000000000000, -1.235983643373856244 ) ) ;
#923 = DIRECTION ( 'NONE',  ( 0.000000000000000000, 1.000000000000000000, 0.000000000000000000 ) ) ;
#924 = ORIENTED_EDGE ( 'NONE', *, *, #685, .T. ) ;
#925 = STYLED_ITEM ( 'NONE', ( #853 ), #863 ) ;
#926 = UNCERTAINTY_MEASURE_WITH_UNIT (LENGTH_MEASURE( 1.000000000000000082E-05 ), #2241, 'distance_accuracy_value', 'NONE');
#927 = ORIENTED_EDGE ( 'NONE', *, *, #1339, .F. ) ;
#928 = SURFACE_SIDE_STYLE ('',( #2474 ) ) ;
#929 = AXIS2_PLACEMENT_3D ( 'NONE', #1252, #1523, #3003 ) ;
#930 = CARTESIAN_POINT ( 'NONE',  ( 1.920172494404391639, 1.000000000000000000, 1.197721858797649475 ) ) ;
#931 = AXIS2_PLACEMENT_3D ( 'NONE', #4, #969, #1869 ) ;
#932 = DIRECTION ( 'NONE',  ( -0.000000000000000000, -1.000000000000000000, -0.000000000000000000 ) ) ;
#933 = VECTOR ( 'NONE', #3606, 1000.000000000000000 ) ;
#934 = PLANE ( 'NONE',  #1588 ) ;
#935 = VERTEX_POINT ( 'NONE', #1416 ) ;
#936 = SURFACE_SIDE_STYLE ('',( #3082 ) ) ;
#937 = DIRECTION ( 'NONE',  ( -0.7070977809625079713, 0.000000000000000000, 0.7071157812960314759 ) ) ;
#938 = VECTOR ( 'NONE', #894, 1000.000000000000000 ) ;
#939 = ORIENTED_EDGE ( 'NONE', *, *, #2183, .T. ) ;
#940 = PRESENTATION_LAYER_ASSIGNMENT (  '', '', ( #1077 ) ) ;
#941 = EDGE_CURVE ( 'NONE', #573, #7, #1112, .T. ) ;
#942 = COLOUR_RGB ( '',0.6470588235294117974, 0.6196078431372549211, 0.5882352941176470784 ) ;
#943 = SURFACE_STYLE_USAGE ( .BOTH. , #2466 ) ;
#944 = VERTEX_POINT ( 'NONE', #800 ) ;
#945 = VECTOR ( 'NONE', #631, 1000.000000000000000 ) ;
#946 = MECHANICAL_DESIGN_GEOMETRIC_PRESENTATION_REPRESENTATION (  '', ( #2618 ), #240 ) ;
#947 = FACE_OUTER_BOUND ( 'NONE', #2139, .T. ) ;
#948 = LINE ( 'NONE', #2170, #2664 ) ;
#949 = LINE ( 'NONE', #3075, #1504 ) ;
#950 = MECHANICAL_DESIGN_GEOMETRIC_PRESENTATION_REPRESENTATION (  '', ( #314 ), #3813 ) ;
#951 = COLOUR_RGB ( '',0.6470588235294117974, 0.6196078431372549211, 0.5882352941176470784 ) ;
#952 = ORIENTED_EDGE ( 'NONE', *, *, #2626, .F. ) ;
#953 = LINE ( 'NONE', #972, #1973 ) ;
#954 = AXIS2_PLACEMENT_3D ( 'NONE', #112, #1944, #3101 ) ;
#955 = SURFACE_STYLE_FILL_AREA ( #1229 ) ;
#956 = FILL_AREA_STYLE_COLOUR ( '', #633 ) ;
#957 = DIRECTION ( 'NONE',  ( -0.7071067811865473507, 0.000000000000000000, -0.7071067811865477948 ) ) ;
#958 = AXIS2_PLACEMENT_3D ( 'NONE', #3322, #1136, #1116 ) ;
#959 = CARTESIAN_POINT ( 'NONE',  ( -1.244452586400646821, 1.000000000000000000, -1.942127013025817472 ) ) ;
#960 = VERTEX_POINT ( 'NONE', #2383 ) ;
#961 = DIRECTION ( 'NONE',  ( -1.000000000000000000, 0.000000000000000000, 0.000000000000000000 ) ) ;
#962 = SURFACE_STYLE_USAGE ( .BOTH. , #699 ) ;
#963 = SURFACE_STYLE_USAGE ( .BOTH. , #1349 ) ;
#964 = VERTEX_POINT ( 'NONE', #3594 ) ;
#965 = DIRECTION ( 'NONE',  ( -1.000000000000000000, 0.000000000000000000, 0.000000000000000000 ) ) ;
#966 = ORIENTED_EDGE ( 'NONE', *, *, #710, .T. ) ;
#967 = UNCERTAINTY_MEASURE_WITH_UNIT (LENGTH_MEASURE( 1.000000000000000082E-05 ), #683, 'distance_accuracy_value', 'NONE');
#968 =( LENGTH_UNIT ( ) NAMED_UNIT ( * ) SI_UNIT ( .MILLI., .METRE. ) );
#969 = DIRECTION ( 'NONE',  ( 0.7071067811865426878, 0.000000000000000000, -0.7071067811865524577 ) ) ;
#970 = ORIENTED_EDGE ( 'NONE', *, *, #1885, .F. ) ;
#971 = VERTEX_POINT ( 'NONE', #2326 ) ;
#972 = CARTESIAN_POINT ( 'NONE',  ( -2.000000000000000000, 0.000000000000000000, 2.000000000000000000 ) ) ;
#973 = DIRECTION ( 'NONE',  ( 1.000000000000000000, 0.000000000000000000, -2.220446049250313081E-16 ) ) ;
#974 = EDGE_CURVE ( 'NONE', #2853, #721, #2025, .T. ) ;
#975 = PLANE ( 'NONE',  #876 ) ;
#976 = ORIENTED_EDGE ( 'NONE', *, *, #2156, .F. ) ;
#977 = LINE ( 'NONE', #1904, #453 ) ;
#978 =( NAMED_UNIT ( * ) PLANE_ANGLE_UNIT ( ) SI_UNIT ( $, .RADIAN. ) );
#979 = LINE ( 'NONE', #3771, #3564 ) ;
#980 = ORIENTED_EDGE ( 'NONE', *, *, #2322, .F. ) ;
#981 = AXIS2_PLACEMENT_3D ( 'NONE', #3141, #420, #127 ) ;
#982 = VERTEX_POINT ( 'NONE', #535 ) ;
#983 = EDGE_CURVE ( 'NONE', #2853, #660, #3819, .T. ) ;
#984 = EDGE_CURVE ( 'NONE', #14, #2059, #2310, .T. ) ;
#985 = PRESENTATION_STYLE_ASSIGNMENT (( #2223 ) ) ;
#986 = ORIENTED_EDGE ( 'NONE', *, *, #3447, .F. ) ;
#987 = VECTOR ( 'NONE', #1750, 1000.000000000000000 ) ;
#988 = ADVANCED_FACE ( 'NONE', ( #1795 ), #3618, .F. ) ;
#989 = FACE_OUTER_BOUND ( 'NONE', #2734, .T. ) ;
#990 = LINE ( 'NONE', #2858, #796 ) ;
#991 = FILL_AREA_STYLE ('',( #623 ) ) ;
#992 = VERTEX_POINT ( 'NONE', #883 ) ;
#993 = EDGE_CURVE ( 'NONE', #2919, #2324, #2470, .T. ) ;
#994 = FACE_OUTER_BOUND ( 'NONE', #2405, .T. ) ;
#995 = DIRECTION ( 'NONE',  ( -0.7071067811865473507, 0.000000000000000000, 0.7071067811865477948 ) ) ;
#996 = AXIS2_PLACEMENT_3D ( 'NONE', #1419, #48, #3119 ) ;
#997 = DIRECTION ( 'NONE',  ( 0.7071067811865474617, 0.000000000000000000, -0.7071067811865475727 ) ) ;
#998 = ORIENTED_EDGE ( 'NONE', *, *, #3102, .T. ) ;
#999 = DIRECTION ( 'NONE',  ( 0.7071067811865480168, 0.000000000000000000, 0.7071067811865470176 ) ) ;
#1000 = DIRECTION ( 'NONE',  ( 0.000000000000000000, 1.000000000000000000, 0.000000000000000000 ) ) ;
#1001 = STYLED_ITEM ( 'NONE', ( #3922 ), #1038 ) ;
#1002 =( GEOMETRIC_REPRESENTATION_CONTEXT ( 3 ) GLOBAL_UNCERTAINTY_ASSIGNED_CONTEXT ( ( #888 ) ) GLOBAL_UNIT_ASSIGNED_CONTEXT ( ( #1840, #1479, #1165 ) ) REPRESENTATION_CONTEXT ( 'NONE', 'WORKASPACE' ) );
#1003 = LINE ( 'NONE', #2850, #1601 ) ;
#1004 = FILL_AREA_STYLE_COLOUR ( '', #431 ) ;
#1005 = ORIENTED_EDGE ( 'NONE', *, *, #3324, .F. ) ;
#1006 = EDGE_CURVE ( 'NONE', #3469, #1644, #948, .T. ) ;
#1007 = DIRECTION ( 'NONE',  ( -0.7060277777428404233, 0.000000000000000000, 0.7081841406410527284 ) ) ;
#1008 = CIRCLE ( 'NONE', #3051, 0.1000000000000000472 ) ;
#1009 = ORIENTED_EDGE ( 'NONE', *, *, #2087, .T. ) ;
#1010 = EDGE_CURVE ( 'NONE', #3182, #2207, #578, .T. ) ;
#1011 = MECHANICAL_DESIGN_GEOMETRIC_PRESENTATION_REPRESENTATION (  '', ( #1274 ), #869 ) ;
#1012 = DIRECTION ( 'NONE',  ( -0.000000000000000000, -1.000000000000000000, -0.000000000000000000 ) ) ;
#1013 = STYLED_ITEM ( 'NONE', ( #1976 ), #2422 ) ;
#1014 = CARTESIAN_POINT ( 'NONE',  ( 1.257744309980915798, 0.5000000000000000000, 1.859949467328139372 ) ) ;
#1015 = DIRECTION ( 'NONE',  ( 0.000000000000000000, 1.000000000000000000, 0.000000000000000000 ) ) ;
#1016 = VECTOR ( 'NONE', #2416, 1000.000000000000114 ) ;
#1017 =( NAMED_UNIT ( * ) SI_UNIT ( $, .STERADIAN. ) SOLID_ANGLE_UNIT ( ) );
#1018 = COLOUR_RGB ( '',0.6470588235294117974, 0.6196078431372549211, 0.5882352941176470784 ) ;
#1019 =( GEOMETRIC_REPRESENTATION_CONTEXT ( 3 ) GLOBAL_UNCERTAINTY_ASSIGNED_CONTEXT ( ( #682 ) ) GLOBAL_UNIT_ASSIGNED_CONTEXT ( ( #1206, #871, #2112 ) ) REPRESENTATION_CONTEXT ( 'NONE', 'WORKASPACE' ) );
#1020 = ORIENTED_EDGE ( 'NONE', *, *, #2488, .F. ) ;
#1021 = DIRECTION ( 'NONE',  ( 0.000000000000000000, -1.000000000000000000, 0.000000000000000000 ) ) ;
#1022 = PLANE ( 'NONE',  #3373 ) ;
#1023 = SURFACE_STYLE_FILL_AREA ( #365 ) ;
#1024 = VECTOR ( 'NONE', #2332, 1000.000000000000000 ) ;
#1025 = CYLINDRICAL_SURFACE ( 'NONE', #954, 0.1200000000000000927 ) ;
#1026 = CARTESIAN_POINT ( 'NONE',  ( 1.833101546995083320, 0.5000000000000000000, 1.252022464443367733 ) ) ;
#1027 = ORIENTED_EDGE ( 'NONE', *, *, #2022, .F. ) ;
#1028 = DIRECTION ( 'NONE',  ( 0.7071067811865474617, 0.000000000000000000, -0.7071067811865474617 ) ) ;
#1029 = FILL_AREA_STYLE_COLOUR ( '', #3895 ) ;
#1030 = EDGE_CURVE ( 'NONE', #982, #2239, #3378, .T. ) ;
#1031 = DIRECTION ( 'NONE',  ( 0.000000000000000000, 0.000000000000000000, 1.000000000000000000 ) ) ;
#1032 = ORIENTED_EDGE ( 'NONE', *, *, #3509, .F. ) ;
#1033 = FILL_AREA_STYLE_COLOUR ( '', #550 ) ;
#1034 = CARTESIAN_POINT ( 'NONE',  ( -1.859949467328139594, 1.000000000000000000, -1.257744309980915354 ) ) ;
#1035 =( NAMED_UNIT ( * ) PLANE_ANGLE_UNIT ( ) SI_UNIT ( $, .RADIAN. ) );
#1036 = CARTESIAN_POINT ( 'NONE',  ( 1.275922489608801280, -0.2500000000000000000, 0.5762133289941127057 ) ) ;
#1037 = CARTESIAN_POINT ( 'NONE',  ( -1.183601303242793223, 0.5000000000000000000, -1.934336177217212516 ) ) ;
#1038 = ADVANCED_FACE ( 'NONE', ( #2737 ), #312, .F. ) ;
#1039 = EDGE_CURVE ( 'NONE', #3879, #3327, #3293, .T. ) ;
#1040 = CARTESIAN_POINT ( 'NONE',  ( 1.999999999999999556, 1.000000000000000000, 1.000000000000000000 ) ) ;
#1041 = PRESENTATION_STYLE_ASSIGNMENT (( #3768 ) ) ;
#1042 = CARTESIAN_POINT ( 'NONE',  ( 1.181981248396587691, 1.000000000000000000, 1.676597395366102861 ) ) ;
#1043 = FILL_AREA_STYLE ('',( #2891 ) ) ;
#1044 = DIRECTION ( 'NONE',  ( 0.000000000000000000, 1.000000000000000000, 0.000000000000000000 ) ) ;
#1045 = PRESENTATION_STYLE_ASSIGNMENT (( #963 ) ) ;
#1046 = ORIENTED_EDGE ( 'NONE', *, *, #983, .T. ) ;
#1047 = DIRECTION ( 'NONE',  ( 0.000000000000000000, 0.000000000000000000, 1.000000000000000000 ) ) ;
#1048 = LINE ( 'NONE', #3146, #1563 ) ;
#1049 = FILL_AREA_STYLE_COLOUR ( '', #2738 ) ;
#1050 = ORIENTED_EDGE ( 'NONE', *, *, #3190, .F. ) ;
#1051 = MECHANICAL_DESIGN_GEOMETRIC_PRESENTATION_REPRESENTATION (  '', ( #3153 ), #238 ) ;
#1052 = CARTESIAN_POINT ( 'NONE',  ( 1.257744309980915798, 0.5000000000000000000, 1.859949467328139372 ) ) ;
#1053 = DIRECTION ( 'NONE',  ( -0.7060277777428373147, 0.000000000000000000, -0.7081841406410557260 ) ) ;
#1054 = DIRECTION ( 'NONE',  ( 0.000000000000000000, 1.000000000000000000, 0.000000000000000000 ) ) ;
#1055 = CARTESIAN_POINT ( 'NONE',  ( -1.152993869760786438, 0.5000000000000000000, -1.847006130239213562 ) ) ;
#1056 = VECTOR ( 'NONE', #3471, 1000.000000000000114 ) ;
#1057 = DIRECTION ( 'NONE',  ( 0.000000000000000000, 1.000000000000000000, 0.000000000000000000 ) ) ;
#1058 = PRESENTATION_LAYER_ASSIGNMENT (  '', '', ( #733 ) ) ;
#1059 = EDGE_CURVE ( 'NONE', #3140, #1238, #3009, .T. ) ;
#1060 =( LENGTH_UNIT ( ) NAMED_UNIT ( * ) SI_UNIT ( .MILLI., .METRE. ) );
#1061 = DIRECTION ( 'NONE',  ( 0.000000000000000000, 1.000000000000000000, 0.000000000000000000 ) ) ;
#1062 =( NAMED_UNIT ( * ) SI_UNIT ( $, .STERADIAN. ) SOLID_ANGLE_UNIT ( ) );
#1063 =( GEOMETRIC_REPRESENTATION_CONTEXT ( 3 ) GLOBAL_UNCERTAINTY_ASSIGNED_CONTEXT ( ( #203 ) ) GLOBAL_UNIT_ASSIGNED_CONTEXT ( ( #3601, #1135, #1715 ) ) REPRESENTATION_CONTEXT ( 'NONE', 'WORKASPACE' ) );
#1064 = LINE ( 'NONE', #191, #3505 ) ;
#1065 = EDGE_LOOP ( 'NONE', ( #3438, #3298, #2649, #1582 ) ) ;
#1066 = AXIS2_PLACEMENT_3D ( 'NONE', #2642, #2987, #2346 ) ;
#1067 = FACE_OUTER_BOUND ( 'NONE', #3533, .T. ) ;
#1068 = COLOUR_RGB ( '',0.6470588235294117974, 0.6196078431372549211, 0.5882352941176470784 ) ;
#1069 = STYLED_ITEM ( 'NONE', ( #1954 ), #1156 ) ;
#1070 =( NAMED_UNIT ( * ) SI_UNIT ( $, .STERADIAN. ) SOLID_ANGLE_UNIT ( ) );
#1071 = EDGE_CURVE ( 'NONE', #2837, #644, #990, .T. ) ;
#1072 = VERTEX_POINT ( 'NONE', #80 ) ;
#1073 = CIRCLE ( 'NONE', #610, 0.1000000000000000472 ) ;
#1074 = CARTESIAN_POINT ( 'NONE',  ( 1.257744309980915798, 0.5000000000000000000, 1.859949467328139372 ) ) ;
#1075 =( NAMED_UNIT ( * ) SI_UNIT ( $, .STERADIAN. ) SOLID_ANGLE_UNIT ( ) );
#1076 =( GEOMETRIC_REPRESENTATION_CONTEXT ( 3 ) GLOBAL_UNCERTAINTY_ASSIGNED_CONTEXT ( ( #1418 ) ) GLOBAL_UNIT_ASSIGNED_CONTEXT ( ( #3365, #632, #1075 ) ) REPRESENTATION_CONTEXT ( 'NONE', 'WORKASPACE' ) );
#1077 = STYLED_ITEM ( 'NONE', ( #270 ), #2246 ) ;
#1078 =( NAMED_UNIT ( * ) PLANE_ANGLE_UNIT ( ) SI_UNIT ( $, .RADIAN. ) );
#1079 = DIRECTION ( 'NONE',  ( -0.7060277777428409784, 0.000000000000000000, -0.7081841406410520623 ) ) ;
#1080 = PRESENTATION_LAYER_ASSIGNMENT (  '', '', ( #1590 ) ) ;
#1081 = CARTESIAN_POINT ( 'NONE',  ( -1.183601303242793223, 0.5000000000000000000, -1.934336177217212516 ) ) ;
#1082 =( NAMED_UNIT ( * ) SI_UNIT ( $, .STERADIAN. ) SOLID_ANGLE_UNIT ( ) );
#1083 = VECTOR ( 'NONE', #1614, 1000.000000000000000 ) ;
#1084 = AXIS2_PLACEMENT_3D ( 'NONE', #577, #1220, #1794 ) ;
#1085 = CARTESIAN_POINT ( 'NONE',  ( 1.934207974095810245, 0.5000000000000000000, 1.353176370287435315 ) ) ;
#1086 = CARTESIAN_POINT ( 'NONE',  ( -1.280489394457767771, -0.2500000000000000000, -0.5659919705094583753 ) ) ;
#1087 = CYLINDRICAL_SURFACE ( 'NONE', #1210, 0.09999999999999982514 ) ;
#1088 = SURFACE_STYLE_FILL_AREA ( #1733 ) ;
#1089 = VECTOR ( 'NONE', #3489, 1000.000000000000000 ) ;
#1090 = DIRECTION ( 'NONE',  ( 0.7071067811865475727, -0.000000000000000000, 0.7071067811865475727 ) ) ;
#1091 = VECTOR ( 'NONE', #2476, 1000.000000000000000 ) ;
#1092 = PLANE ( 'NONE',  #3350 ) ;
#1093 = VERTEX_POINT ( 'NONE', #101 ) ;
#1094 = MECHANICAL_DESIGN_GEOMETRIC_PRESENTATION_REPRESENTATION (  '', ( #2936 ), #1714 ) ;
#1095 = SURFACE_SIDE_STYLE ('',( #1684 ) ) ;
#1096 = ORIENTED_EDGE ( 'NONE', *, *, #2822, .T. ) ;
#1097 = CARTESIAN_POINT ( 'NONE',  ( 1.681421236152723653, 0.5000000000000000000, 1.262034708977616271 ) ) ;
#1098 = DIRECTION ( 'NONE',  ( 0.7060277777428426438, 0.000000000000000000, -0.7081841406410503970 ) ) ;
#1099 = DIRECTION ( 'NONE',  ( -0.7071157812960313649, 0.000000000000000000, 0.7070977809625080823 ) ) ;
#1100 = FILL_AREA_STYLE_COLOUR ( '', #362 ) ;
#1101 = SURFACE_STYLE_USAGE ( .BOTH. , #465 ) ;
#1102 = DIRECTION ( 'NONE',  ( -0.7060277777428407564, 0.000000000000000000, 0.7081841406410523954 ) ) ;
#1103 = CARTESIAN_POINT ( 'NONE',  ( -1.670593587956012094, 0.5000000000000000000, -1.162903662160835738 ) ) ;
#1104 = DIRECTION ( 'NONE',  ( 0.7071067811865474617, 0.000000000000000000, -0.7071067811865475727 ) ) ;
#1105 = DIRECTION ( 'NONE',  ( -0.7081841406410537276, 0.000000000000000000, -0.7060277777428393131 ) ) ;
#1106 = DIRECTION ( 'NONE',  ( 0.000000000000000000, -1.000000000000000000, 0.000000000000000000 ) ) ;
#1107 = ORIENTED_EDGE ( 'NONE', *, *, #3914, .T. ) ;
#1108 = EDGE_CURVE ( 'NONE', #2487, #2059, #3460, .T. ) ;
#1109 = EDGE_CURVE ( 'NONE', #430, #3915, #1314, .T. ) ;
#1110 = ORIENTED_EDGE ( 'NONE', *, *, #3698, .T. ) ;
#1111 = SURFACE_STYLE_FILL_AREA ( #3253 ) ;
#1112 = LINE ( 'NONE', #833, #222 ) ;
#1113 = DIRECTION ( 'NONE',  ( -1.000000000000000000, 0.000000000000000000, 0.000000000000000000 ) ) ;
#1114 = EDGE_CURVE ( 'NONE', #3450, #919, #3446, .T. ) ;
#1115 = MECHANICAL_DESIGN_GEOMETRIC_PRESENTATION_REPRESENTATION (  '', ( #2652 ), #3329 ) ;
#1116 = DIRECTION ( 'NONE',  ( 0.000000000000000000, 0.000000000000000000, 1.000000000000000000 ) ) ;
#1117 =( NAMED_UNIT ( * ) SI_UNIT ( $, .STERADIAN. ) SOLID_ANGLE_UNIT ( ) );
#1118 = PRESENTATION_LAYER_ASSIGNMENT (  '', '', ( #86 ) ) ;
#1119 =( LENGTH_UNIT ( ) NAMED_UNIT ( * ) SI_UNIT ( .MILLI., .METRE. ) );
#1120 = SURFACE_SIDE_STYLE ('',( #209 ) ) ;
#1121 = AXIS2_PLACEMENT_3D ( 'NONE', #24, #2495, #3111 ) ;
#1122 = DIRECTION ( 'NONE',  ( 0.000000000000000000, 1.000000000000000000, 0.000000000000000000 ) ) ;
#1123 = EDGE_CURVE ( 'NONE', #1889, #2695, #3150, .T. ) ;
#1124 = COLOUR_RGB ( '',0.6470588235294117974, 0.6196078431372549211, 0.5882352941176470784 ) ;
#1125 = ORIENTED_EDGE ( 'NONE', *, *, #1696, .T. ) ;
#1126 =( GEOMETRIC_REPRESENTATION_CONTEXT ( 3 ) GLOBAL_UNCERTAINTY_ASSIGNED_CONTEXT ( ( #493 ) ) GLOBAL_UNIT_ASSIGNED_CONTEXT ( ( #2041, #500, #1070 ) ) REPRESENTATION_CONTEXT ( 'NONE', 'WORKASPACE' ) );
#1127 =( GEOMETRIC_REPRESENTATION_CONTEXT ( 3 ) GLOBAL_UNCERTAINTY_ASSIGNED_CONTEXT ( ( #3360 ) ) GLOBAL_UNIT_ASSIGNED_CONTEXT ( ( #1258, #3025, #3701 ) ) REPRESENTATION_CONTEXT ( 'NONE', 'WORKASPACE' ) );
#1128 = VECTOR ( 'NONE', #1983, 999.9999999999998863 ) ;
#1129 = ORIENTED_EDGE ( 'NONE', *, *, #1137, .T. ) ;
#1130 = CARTESIAN_POINT ( 'NONE',  ( 0.000000000000000000, 0.5000000000000000000, 0.000000000000000000 ) ) ;
#1131 =( GEOMETRIC_REPRESENTATION_CONTEXT ( 3 ) GLOBAL_UNCERTAINTY_ASSIGNED_CONTEXT ( ( #603 ) ) GLOBAL_UNIT_ASSIGNED_CONTEXT ( ( #1119, #587, #2337 ) ) REPRESENTATION_CONTEXT ( 'NONE', 'WORKASPACE' ) );
#1132 = PRESENTATION_LAYER_ASSIGNMENT (  '', '', ( #2410 ) ) ;
#1133 = ORIENTED_EDGE ( 'NONE', *, *, #1180, .F. ) ;
#1134 =( LENGTH_UNIT ( ) NAMED_UNIT ( * ) SI_UNIT ( .MILLI., .METRE. ) );
#1135 =( NAMED_UNIT ( * ) PLANE_ANGLE_UNIT ( ) SI_UNIT ( $, .RADIAN. ) );
#1136 = DIRECTION ( 'NONE',  ( -0.000000000000000000, -1.000000000000000000, -0.000000000000000000 ) ) ;
#1137 = EDGE_CURVE ( 'NONE', #1884, #3149, #3043, .T. ) ;
#1138 = DIRECTION ( 'NONE',  ( 0.000000000000000000, 0.000000000000000000, 1.000000000000000000 ) ) ;
#1139 = CIRCLE ( 'NONE', #1338, 0.1000000000000000472 ) ;
#1140 = DIRECTION ( 'NONE',  ( 0.000000000000000000, 0.000000000000000000, 1.000000000000000000 ) ) ;
#1141 = ORIENTED_EDGE ( 'NONE', *, *, #574, .T. ) ;
#1142 =( NAMED_UNIT ( * ) SI_UNIT ( $, .STERADIAN. ) SOLID_ANGLE_UNIT ( ) );
#1143 = AXIS2_PLACEMENT_3D ( 'NONE', #2178, #2830, #1303 ) ;
#1144 = CIRCLE ( 'NONE', #176, 0.1000000000000000472 ) ;
#1145 = CARTESIAN_POINT ( 'NONE',  ( 0.9292893218813452760, 1.000000000000000000, 1.929289321881345387 ) ) ;
#1146 = VERTEX_POINT ( 'NONE', #3423 ) ;
#1147 = COLOUR_RGB ( '',0.6470588235294117974, 0.6196078431372549211, 0.5882352941176470784 ) ;
#1148 = EDGE_CURVE ( 'NONE', #199, #2589, #3779, .T. ) ;
#1149 = EDGE_CURVE ( 'NONE', #2059, #243, #297, .T. ) ;
#1150 = AXIS2_PLACEMENT_3D ( 'NONE', #1731, #1199, #840 ) ;
#1151 = UNCERTAINTY_MEASURE_WITH_UNIT (LENGTH_MEASURE( 1.000000000000000082E-05 ), #1224, 'distance_accuracy_value', 'NONE');
#1152 = EDGE_LOOP ( 'NONE', ( #1412, #898, #94, #1442 ) ) ;
#1153 = FACE_OUTER_BOUND ( 'NONE', #1846, .T. ) ;
#1154 = ORIENTED_EDGE ( 'NONE', *, *, #685, .F. ) ;
#1155 = CYLINDRICAL_SURFACE ( 'NONE', #2464, 0.1200000000000000927 ) ;
#1156 = ADVANCED_FACE ( 'NONE', ( #62 ), #3719, .F. ) ;
#1157 = CARTESIAN_POINT ( 'NONE',  ( 1.762498769220799177, 1.000000000000000000, 1.181204050379262460 ) ) ;
#1158 = EDGE_CURVE ( 'NONE', #597, #336, #3187, .T. ) ;
#1159 = LINE ( 'NONE', #1554, #1016 ) ;
#1160 =( NAMED_UNIT ( * ) SI_UNIT ( $, .STERADIAN. ) SOLID_ANGLE_UNIT ( ) );
#1161 = EDGE_CURVE ( 'NONE', #2729, #644, #1670, .T. ) ;
#1162 =( NAMED_UNIT ( * ) PLANE_ANGLE_UNIT ( ) SI_UNIT ( $, .RADIAN. ) );
#1163 = ORIENTED_EDGE ( 'NONE', *, *, #1484, .F. ) ;
#1164 = DIRECTION ( 'NONE',  ( 0.7060277777428409784, 0.000000000000000000, 0.7081841406410520623 ) ) ;
#1165 =( NAMED_UNIT ( * ) SI_UNIT ( $, .STERADIAN. ) SOLID_ANGLE_UNIT ( ) );
#1166 = ORIENTED_EDGE ( 'NONE', *, *, #1470, .T. ) ;
#1167 = ADVANCED_FACE ( 'NONE', ( #1893 ), #2842, .F. ) ;
#1168 = ORIENTED_EDGE ( 'NONE', *, *, #1212, .T. ) ;
#1169 = UNCERTAINTY_MEASURE_WITH_UNIT (LENGTH_MEASURE( 1.000000000000000082E-05 ), #3210, 'distance_accuracy_value', 'NONE');
#1170 = EDGE_LOOP ( 'NONE', ( #1310, #2694, #1235, #2455 ) ) ;
#1171 = DIRECTION ( 'NONE',  ( 0.000000000000000000, -0.000000000000000000, -1.000000000000000000 ) ) ;
#1172 =( LENGTH_UNIT ( ) NAMED_UNIT ( * ) SI_UNIT ( .MILLI., .METRE. ) );
#1173 = CARTESIAN_POINT ( 'NONE',  ( -1.280489394457767771, 4.155721243063004982E-16, -0.5659919705094583753 ) ) ;
#1174 = CIRCLE ( 'NONE', #2120, 0.1200000000000000927 ) ;
#1175 = ORIENTED_EDGE ( 'NONE', *, *, #773, .F. ) ;
#1176 = UNCERTAINTY_MEASURE_WITH_UNIT (LENGTH_MEASURE( 1.000000000000000082E-05 ), #1548, 'distance_accuracy_value', 'NONE');
#1177 = SURFACE_STYLE_FILL_AREA ( #3540 ) ;
#1178 = SURFACE_STYLE_USAGE ( .BOTH. , #1429 ) ;
#1179 = CARTESIAN_POINT ( 'NONE',  ( 0.9999999999999991118, 1.000000000000000000, -2.000000000000000000 ) ) ;
#1180 = EDGE_CURVE ( 'NONE', #576, #2838, #780, .T. ) ;
#1181 = VECTOR ( 'NONE', #1164, 1000.000000000000114 ) ;
#1182 = FACE_OUTER_BOUND ( 'NONE', #409, .T. ) ;
#1183 = VERTEX_POINT ( 'NONE', #2904 ) ;
#1184 = CARTESIAN_POINT ( 'NONE',  ( 1.847006130239213784, 1.000000000000000000, 1.152993869760785994 ) ) ;
#1185 =( NAMED_UNIT ( * ) SI_UNIT ( $, .STERADIAN. ) SOLID_ANGLE_UNIT ( ) );
#1186 = COLOUR_RGB ( '',0.6470588235294117974, 0.6196078431372549211, 0.5882352941176470784 ) ;
#1187 = SURFACE_STYLE_FILL_AREA ( #2690 ) ;
#1188 = ORIENTED_EDGE ( 'NONE', *, *, #1989, .T. ) ;
#1189 = MECHANICAL_DESIGN_GEOMETRIC_PRESENTATION_REPRESENTATION (  '', ( #3474 ), #2856 ) ;
#1190 = DIRECTION ( 'NONE',  ( 0.000000000000000000, -1.000000000000000000, 0.000000000000000000 ) ) ;
#1191 = VERTEX_POINT ( 'NONE', #1375 ) ;
#1192 = CIRCLE ( 'NONE', #3105, 0.1200000000000000927 ) ;
#1193 = ORIENTED_EDGE ( 'NONE', *, *, #611, .F. ) ;
#1194 = CARTESIAN_POINT ( 'NONE',  ( 1.235028396297817244, -0.2500000000000000000, 1.951569203483445980 ) ) ;
#1195 = FILL_AREA_STYLE_COLOUR ( '', #3351 ) ;
#1196 = APPLICATION_PROTOCOL_DEFINITION ( 'draft international standard', 'automotive_design', 1998, #3374 ) ;
#1197 = VERTEX_POINT ( 'NONE', #1400 ) ;
#1198 = CARTESIAN_POINT ( 'NONE',  ( 1.000000000000000000, 0.000000000000000000, 2.000000000000000000 ) ) ;
#1199 = DIRECTION ( 'NONE',  ( 0.000000000000000000, 1.000000000000000000, 0.000000000000000000 ) ) ;
#1200 = PRESENTATION_LAYER_ASSIGNMENT (  '', '', ( #1906 ) ) ;
#1201 = CARTESIAN_POINT ( 'NONE',  ( 0.9292893218813452760, 1.000000000000000000, 1.929289321881345387 ) ) ;
#1202 = DIRECTION ( 'NONE',  ( 0.000000000000000000, -0.000000000000000000, -1.000000000000000000 ) ) ;
#1203 =( NAMED_UNIT ( * ) PLANE_ANGLE_UNIT ( ) SI_UNIT ( $, .RADIAN. ) );
#1204 = ORIENTED_EDGE ( 'NONE', *, *, #3914, .F. ) ;
#1205 = AXIS2_PLACEMENT_3D ( 'NONE', #507, #250, #820 ) ;
#1206 =( LENGTH_UNIT ( ) NAMED_UNIT ( * ) SI_UNIT ( .MILLI., .METRE. ) );
#1207 = CYLINDRICAL_SURFACE ( 'NONE', #605, 0.1200000000000000927 ) ;
#1208 = VECTOR ( 'NONE', #3338, 1000.000000000000000 ) ;
#1209 = VERTEX_POINT ( 'NONE', #1694 ) ;
#1210 = AXIS2_PLACEMENT_3D ( 'NONE', #3246, #1746, #788 ) ;
#1211 = CIRCLE ( 'NONE', #3753, 0.1199999999999998845 ) ;
#1212 = EDGE_CURVE ( 'NONE', #3103, #2024, #109, .T. ) ;
#1213 = ORIENTED_EDGE ( 'NONE', *, *, #3384, .T. ) ;
#1214 = MECHANICAL_DESIGN_GEOMETRIC_PRESENTATION_REPRESENTATION (  '', ( #3757 ), #2229 ) ;
#1215 = PRESENTATION_LAYER_ASSIGNMENT (  '', '', ( #1595 ) ) ;
#1216 = UNCERTAINTY_MEASURE_WITH_UNIT (LENGTH_MEASURE( 1.000000000000000082E-05 ), #771, 'distance_accuracy_value', 'NONE');
#1217 = EDGE_CURVE ( 'NONE', #764, #1191, #1993, .T. ) ;
#1218 = EDGE_CURVE ( 'NONE', #3572, #2362, #2905, .T. ) ;
#1219 = VERTEX_POINT ( 'NONE', #1638 ) ;
#1220 = DIRECTION ( 'NONE',  ( 0.000000000000000000, 1.000000000000000000, 0.000000000000000000 ) ) ;
#1221 = FILL_AREA_STYLE_COLOUR ( '', #2141 ) ;
#1222 = FACE_OUTER_BOUND ( 'NONE', #2792, .T. ) ;
#1223 = CIRCLE ( 'NONE', #2758, 0.1199999999999998845 ) ;
#1224 =( LENGTH_UNIT ( ) NAMED_UNIT ( * ) SI_UNIT ( .MILLI., .METRE. ) );
#1225 = ORIENTED_EDGE ( 'NONE', *, *, #2347, .T. ) ;
#1226 = UNCERTAINTY_MEASURE_WITH_UNIT (LENGTH_MEASURE( 1.000000000000000082E-05 ), #3288, 'distance_accuracy_value', 'NONE');
#1227 = VERTEX_POINT ( 'NONE', #2585 ) ;
#1228 = LINE ( 'NONE', #338, #2026 ) ;
#1229 = FILL_AREA_STYLE ('',( #2804 ) ) ;
#1230 = LINE ( 'NONE', #1246, #3762 ) ;
#1231 = CARTESIAN_POINT ( 'NONE',  ( 0.000000000000000000, 1.000000000000000000, 1.399999999999999911 ) ) ;
#1232 = DIRECTION ( 'NONE',  ( -2.168404344971008868E-16, -0.000000000000000000, -1.000000000000000000 ) ) ;
#1233 = EDGE_CURVE ( 'NONE', #675, #3048, #3451, .T. ) ;
#1234 = SURFACE_SIDE_STYLE ('',( #2751 ) ) ;
#1235 = ORIENTED_EDGE ( 'NONE', *, *, #848, .T. ) ;
#1236 = SURFACE_STYLE_USAGE ( .BOTH. , #279 ) ;
#1237 =( NAMED_UNIT ( * ) PLANE_ANGLE_UNIT ( ) SI_UNIT ( $, .RADIAN. ) );
#1238 = VERTEX_POINT ( 'NONE', #1042 ) ;
#1239 = ORIENTED_EDGE ( 'NONE', *, *, #2975, .T. ) ;
#1240 = EDGE_CURVE ( 'NONE', #2207, #1668, #1174, .T. ) ;
#1241 = CARTESIAN_POINT ( 'NONE',  ( 1.165165229309751860, 1.000000000000000000, 1.908725116671069477 ) ) ;
#1242 = EDGE_LOOP ( 'NONE', ( #1951, #3857, #1624, #241 ) ) ;
#1243 = ORIENTED_EDGE ( 'NONE', *, *, #1864, .F. ) ;
#1244 = DIRECTION ( 'NONE',  ( -0.000000000000000000, 1.000000000000000000, -0.000000000000000000 ) ) ;
#1245 = CARTESIAN_POINT ( 'NONE',  ( -2.000000000000000888, 1.000000000000000000, -1.000000000000000000 ) ) ;
#1246 = CARTESIAN_POINT ( 'NONE',  ( -1.951569203483446202, -0.2500000000000000000, -1.235028396297816800 ) ) ;
#1247 = ADVANCED_FACE ( 'NONE', ( #3177 ), #3433, .F. ) ;
#1248 = CARTESIAN_POINT ( 'NONE',  ( 1.667300680597866958, 1.000000000000000000, 1.247871026164795172 ) ) ;
#1249 = CARTESIAN_POINT ( 'NONE',  ( -1.151020540210583309, 1.000000000000000000, -1.848979459789416468 ) ) ;
#1250 = ORIENTED_EDGE ( 'NONE', *, *, #2978, .T. ) ;
#1251 = LINE ( 'NONE', #388, #1720 ) ;
#1252 = CARTESIAN_POINT ( 'NONE',  ( 1.833101546995083320, 0.5000000000000000000, 1.252022464443367733 ) ) ;
#1253 = ORIENTED_EDGE ( 'NONE', *, *, #135, .F. ) ;
#1254 = SURFACE_STYLE_USAGE ( .BOTH. , #2072 ) ;
#1255 = CIRCLE ( 'NONE', #357, 0.1000000000000000472 ) ;
#1256 = ORIENTED_EDGE ( 'NONE', *, *, #984, .F. ) ;
#1257 = PLANE ( 'NONE',  #1975 ) ;
#1258 =( LENGTH_UNIT ( ) NAMED_UNIT ( * ) SI_UNIT ( .MILLI., .METRE. ) );
#1259 = AXIS2_PLACEMENT_3D ( 'NONE', #2824, #63, #3923 ) ;
#1260 = ORIENTED_EDGE ( 'NONE', *, *, #993, .T. ) ;
#1261 = STYLED_ITEM ( 'NONE', ( #1540 ), #728 ) ;
#1262 = UNCERTAINTY_MEASURE_WITH_UNIT (LENGTH_MEASURE( 1.000000000000000082E-05 ), #3483, 'distance_accuracy_value', 'NONE');
#1263 = ORIENTED_EDGE ( 'NONE', *, *, #1620, .T. ) ;
#1264 = COLOUR_RGB ( '',0.6470588235294117974, 0.6196078431372549211, 0.5882352941176470784 ) ;
#1265 = CARTESIAN_POINT ( 'NONE',  ( -1.707192987148251850, 0.5000000000000000000, -1.151385656614438924 ) ) ;
#1266 = CARTESIAN_POINT ( 'NONE',  ( 1.172762213103988982, 1.000000000000000000, 1.944672800657279543 ) ) ;
#1267 = STYLED_ITEM ( 'NONE', ( #3652 ), #988 ) ;
#1268 = DIRECTION ( 'NONE',  ( -0.7060277777428408674, 0.000000000000000000, -0.7081841406410522843 ) ) ;
#1269 = EDGE_LOOP ( 'NONE', ( #1525, #2762, #2933, #1549 ) ) ;
#1270 = DIRECTION ( 'NONE',  ( 0.000000000000000000, 1.000000000000000000, 0.000000000000000000 ) ) ;
#1271 = SURFACE_STYLE_USAGE ( .BOTH. , #2849 ) ;
#1272 = MECHANICAL_DESIGN_GEOMETRIC_PRESENTATION_REPRESENTATION (  '', ( #1906 ), #2671 ) ;
#1273 = ORIENTED_EDGE ( 'NONE', *, *, #1620, .F. ) ;
#1274 = STYLED_ITEM ( 'NONE', ( #667 ), #2149 ) ;
#1275 = DIRECTION ( 'NONE',  ( -0.000000000000000000, 1.000000000000000000, -0.000000000000000000 ) ) ;
#1276 = EDGE_LOOP ( 'NONE', ( #3104, #3562, #530, #1263, #3875, #3107 ) ) ;
#1277 =( GEOMETRIC_REPRESENTATION_CONTEXT ( 3 ) GLOBAL_UNCERTAINTY_ASSIGNED_CONTEXT ( ( #2576 ) ) GLOBAL_UNIT_ASSIGNED_CONTEXT ( ( #707, #746, #1629 ) ) REPRESENTATION_CONTEXT ( 'NONE', 'WORKASPACE' ) );
#1278 = CARTESIAN_POINT ( 'NONE',  ( -1.167040367566442027, 0.5000000000000000000, -1.748378213665942260 ) ) ;
#1279 = CARTESIAN_POINT ( 'NONE',  ( -1.262034708977616715, 0.5000000000000000000, -1.681421236152723431 ) ) ;
#1280 =( NAMED_UNIT ( * ) SI_UNIT ( $, .STERADIAN. ) SOLID_ANGLE_UNIT ( ) );
#1281 =( GEOMETRIC_REPRESENTATION_CONTEXT ( 3 ) GLOBAL_UNCERTAINTY_ASSIGNED_CONTEXT ( ( #3867 ) ) GLOBAL_UNIT_ASSIGNED_CONTEXT ( ( #1912, #1626, #1311 ) ) REPRESENTATION_CONTEXT ( 'NONE', 'WORKASPACE' ) );
#1282 = VECTOR ( 'NONE', #3538, 1000.000000000000000 ) ;
#1283 = ORIENTED_EDGE ( 'NONE', *, *, #1938, .F. ) ;
#1284 = ADVANCED_FACE ( 'NONE', ( #697 ), #1923, .T. ) ;
#1285 = CIRCLE ( 'NONE', #1462, 1.306217782649106596 ) ;
#1286 = DIRECTION ( 'NONE',  ( -0.000000000000000000, 1.000000000000000000, -0.000000000000000000 ) ) ;
#1287 = CARTESIAN_POINT ( 'NONE',  ( 1.000000000000000000, 0.5000000000000000000, 2.000000000000000000 ) ) ;
#1288 = ADVANCED_FACE ( 'NONE', ( #2233 ), #3006, .F. ) ;
#1289 = FACE_OUTER_BOUND ( 'NONE', #690, .T. ) ;
#1290 = VERTEX_POINT ( 'NONE', #1564 ) ;
#1291 = CARTESIAN_POINT ( 'NONE',  ( -1.252022464443368177, 1.000000000000000000, -1.833101546995083320 ) ) ;
#1292 = LINE ( 'NONE', #651, #3725 ) ;
#1293 = ADVANCED_FACE ( 'NONE', ( #2379 ), #920, .T. ) ;
#1294 = VERTEX_POINT ( 'NONE', #2095 ) ;
#1295 = ORIENTED_EDGE ( 'NONE', *, *, #2162, .F. ) ;
#1296 = CARTESIAN_POINT ( 'NONE',  ( 1.748378213665942482, 0.5000000000000000000, 1.167040367566441583 ) ) ;
#1297 = EDGE_CURVE ( 'NONE', #1146, #2411, #2776, .T. ) ;
#1298 = ORIENTED_EDGE ( 'NONE', *, *, #3224, .T. ) ;
#1299 = PRESENTATION_STYLE_ASSIGNMENT (( #2577 ) ) ;
#1300 = SURFACE_SIDE_STYLE ('',( #2823 ) ) ;
#1301 = ORIENTED_EDGE ( 'NONE', *, *, #3518, .F. ) ;
#1302 = SURFACE_STYLE_USAGE ( .BOTH. , #3766 ) ;
#1303 = DIRECTION ( 'NONE',  ( 0.000000000000000000, 0.000000000000000000, 1.000000000000000000 ) ) ;
#1304 = ORIENTED_EDGE ( 'NONE', *, *, #2284, .F. ) ;
#1305 = CARTESIAN_POINT ( 'NONE',  ( -1.262034708977616715, 1.000000000000000000, -1.681421236152723431 ) ) ;
#1306 = CARTESIAN_POINT ( 'NONE',  ( 1.342598203736440121, 0.5000000000000000000, 1.944801201043639516 ) ) ;
#1307 = DIRECTION ( 'NONE',  ( 0.000000000000000000, 0.000000000000000000, 1.000000000000000000 ) ) ;
#1308 = DIRECTION ( 'NONE',  ( 0.000000000000000000, -0.000000000000000000, -1.000000000000000000 ) ) ;
#1309 = ORIENTED_EDGE ( 'NONE', *, *, #2397, .F. ) ;
#1310 = ORIENTED_EDGE ( 'NONE', *, *, #2036, .F. ) ;
#1311 =( NAMED_UNIT ( * ) SI_UNIT ( $, .STERADIAN. ) SOLID_ANGLE_UNIT ( ) );
#1312 = VERTEX_POINT ( 'NONE', #2138 ) ;
#1313 = DIRECTION ( 'NONE',  ( 0.000000000000000000, 1.000000000000000000, 0.000000000000000000 ) ) ;
#1314 = LINE ( 'NONE', #1933, #487 ) ;
#1315 = SURFACE_SIDE_STYLE ('',( #1631 ) ) ;
#1316 = VECTOR ( 'NONE', #1468, 1000.000000000000114 ) ;
#1317 =( NAMED_UNIT ( * ) SI_UNIT ( $, .STERADIAN. ) SOLID_ANGLE_UNIT ( ) );
#1318 = LINE ( 'NONE', #1397, #3356 ) ;
#1319 = EDGE_LOOP ( 'NONE', ( #588, #26, #3396, #152 ) ) ;
#1320 = EDGE_CURVE ( 'NONE', #1562, #3860, #1706, .T. ) ;
#1321 = DIRECTION ( 'NONE',  ( 0.000000000000000000, 0.000000000000000000, 1.000000000000000000 ) ) ;
#1322 = CARTESIAN_POINT ( 'NONE',  ( -1.944801201043639738, 0.5000000000000000000, -1.342598203736439899 ) ) ;
#1323 = AXIS2_PLACEMENT_3D ( 'NONE', #2668, #1106, #2961 ) ;
#1324 = CARTESIAN_POINT ( 'NONE',  ( -1.181419686669083813, 0.5000000000000000000, -1.903919961059188148 ) ) ;
#1325 = DIRECTION ( 'NONE',  ( 0.000000000000000000, 0.000000000000000000, -1.000000000000000000 ) ) ;
#1326 = ORIENTED_EDGE ( 'NONE', *, *, #25, .T. ) ;
#1327 = FACE_OUTER_BOUND ( 'NONE', #3272, .T. ) ;
#1328 = STYLED_ITEM ( 'NONE', ( #2957 ), #1681 ) ;
#1329 = DIRECTION ( 'NONE',  ( 2.891205793294678326E-16, 0.000000000000000000, 1.000000000000000000 ) ) ;
#1330 = CARTESIAN_POINT ( 'NONE',  ( 1.849354080340286588, 0.5000000000000000000, 1.268324636571933839 ) ) ;
#1331 = ORIENTED_EDGE ( 'NONE', *, *, #146, .F. ) ;
#1332 = UNCERTAINTY_MEASURE_WITH_UNIT (LENGTH_MEASURE( 1.000000000000000082E-05 ), #1739, 'distance_accuracy_value', 'NONE');
#1333 = EDGE_CURVE ( 'NONE', #35, #2254, #801, .T. ) ;
#1334 = ADVANCED_FACE ( 'NONE', ( #2401 ), #3613, .F. ) ;
#1335 = COLOUR_RGB ( '',0.2980392156862745057, 0.2980392156862745057, 0.2980392156862745057 ) ;
#1336 = CARTESIAN_POINT ( 'NONE',  ( -1.838122338896785335, 0.5000000000000000000, -1.235983643373856244 ) ) ;
#1337 = CARTESIAN_POINT ( 'NONE',  ( -2.000000000000000888, 0.000000000000000000, -1.000000000000000000 ) ) ;
#1338 = AXIS2_PLACEMENT_3D ( 'NONE', #294, #1244, #1514 ) ;
#1339 = EDGE_CURVE ( 'NONE', #3261, #335, #2818, .T. ) ;
#1340 = CYLINDRICAL_SURFACE ( 'NONE', #874, 0.09999999999999982514 ) ;
#1341 = SURFACE_STYLE_USAGE ( .BOTH. , #712 ) ;
#1342 = CARTESIAN_POINT ( 'NONE',  ( 1.929289321881344499, 1.000000000000000000, 0.9292893218813452760 ) ) ;
#1343 = PRESENTATION_LAYER_ASSIGNMENT (  '', '', ( #2623 ) ) ;
#1344 = CARTESIAN_POINT ( 'NONE',  ( -1.252022464443368177, 0.5000000000000000000, -1.833101546995083320 ) ) ;
#1345 = PRESENTATION_STYLE_ASSIGNMENT (( #1101 ) ) ;
#1346 = PLANE ( 'NONE',  #2527 ) ;
#1347 = VECTOR ( 'NONE', #1586, 1000.000000000000000 ) ;
#1348 = CARTESIAN_POINT ( 'NONE',  ( 1.151385656614439146, 0.5000000000000000000, 1.707192987148251628 ) ) ;
#1349 = SURFACE_SIDE_STYLE ('',( #114 ) ) ;
#1350 = ORIENTED_EDGE ( 'NONE', *, *, #3737, .F. ) ;
#1351 = DIRECTION ( 'NONE',  ( 0.7071067811865474617, -0.000000000000000000, -0.7071067811865475727 ) ) ;
#1352 = VERTEX_POINT ( 'NONE', #1296 ) ;
#1353 = CARTESIAN_POINT ( 'NONE',  ( 1.257744309980915798, 1.000000000000000000, 1.859949467328139372 ) ) ;
#1354 = VERTEX_POINT ( 'NONE', #2553 ) ;
#1355 = DIRECTION ( 'NONE',  ( 0.000000000000000000, 1.000000000000000000, 0.000000000000000000 ) ) ;
#1356 = DIRECTION ( 'NONE',  ( 0.7081841406410558371, 0.000000000000000000, -0.7060277777428374257 ) ) ;
#1357 = FACE_OUTER_BOUND ( 'NONE', #1319, .T. ) ;
#1358 = CARTESIAN_POINT ( 'NONE',  ( -1.859949467328139594, 0.5000000000000000000, -1.257744309980915354 ) ) ;
#1359 = SURFACE_SIDE_STYLE ('',( #2271 ) ) ;
#1360 = DIRECTION ( 'NONE',  ( -0.7081841406410511741, 0.000000000000000000, -0.7060277777428419776 ) ) ;
#1361 = SURFACE_SIDE_STYLE ('',( #787 ) ) ;
#1362 = ADVANCED_FACE ( 'NONE', ( #2509 ), #3185, .F. ) ;
#1363 = CARTESIAN_POINT ( 'NONE',  ( -1.944801201043639738, 0.5000000000000000000, -1.342598203736439899 ) ) ;
#1364 = EDGE_LOOP ( 'NONE', ( #2185, #927, #1748, #970, #2321, #1260 ) ) ;
#1365 = PRESENTATION_STYLE_ASSIGNMENT (( #1680 ) ) ;
#1366 = LINE ( 'NONE', #1930, #1056 ) ;
#1367 = FACE_OUTER_BOUND ( 'NONE', #626, .T. ) ;
#1368 = ORIENTED_EDGE ( 'NONE', *, *, #870, .F. ) ;
#1369 = UNCERTAINTY_MEASURE_WITH_UNIT (LENGTH_MEASURE( 1.000000000000000082E-05 ), #3058, 'distance_accuracy_value', 'NONE');
#1370 = DIRECTION ( 'NONE',  ( -0.7070977809625079713, -0.000000000000000000, 0.7071157812960314759 ) ) ;
#1371 = FILL_AREA_STYLE ('',( #3135 ) ) ;
#1372 = EDGE_CURVE ( 'NONE', #2460, #3879, #3015, .T. ) ;
#1373 = LINE ( 'NONE', #1990, #3041 ) ;
#1374 = LINE ( 'NONE', #2602, #1282 ) ;
#1375 = CARTESIAN_POINT ( 'NONE',  ( -1.152993869760786438, 1.000000000000000000, -1.847006130239213562 ) ) ;
#1376 = DIRECTION ( 'NONE',  ( 0.000000000000000000, 0.000000000000000000, 1.000000000000000000 ) ) ;
#1377 = DIRECTION ( 'NONE',  ( 0.000000000000000000, 0.9396926207859082059, -0.3420201433256694901 ) ) ;
#1378 = AXIS2_PLACEMENT_3D ( 'NONE', #821, #805, #2030 ) ;
#1379 =( LENGTH_UNIT ( ) NAMED_UNIT ( * ) SI_UNIT ( .MILLI., .METRE. ) );
#1380 = LINE ( 'NONE', #1678, #1128 ) ;
#1381 = ORIENTED_EDGE ( 'NONE', *, *, #3353, .T. ) ;
#1382 = VECTOR ( 'NONE', #818, 1000.000000000000000 ) ;
#1383 = PLANE ( 'NONE',  #2342 ) ;
#1384 = PRESENTATION_STYLE_ASSIGNMENT (( #2667 ) ) ;
#1385 = AXIS2_PLACEMENT_3D ( 'NONE', #1026, #3730, #652 ) ;
#1386 = DIRECTION ( 'NONE',  ( 0.000000000000000000, 1.000000000000000000, 0.000000000000000000 ) ) ;
#1387 = VERTEX_POINT ( 'NONE', #705 ) ;
#1388 = EDGE_CURVE ( 'NONE', #960, #2788, #2258, .T. ) ;
#1389 =( LENGTH_UNIT ( ) NAMED_UNIT ( * ) SI_UNIT ( .MILLI., .METRE. ) );
#1390 = EDGE_CURVE ( 'NONE', #2373, #237, #3457, .T. ) ;
#1391 = AXIS2_PLACEMENT_3D ( 'NONE', #1693, #168, #2628 ) ;
#1392 = ORIENTED_EDGE ( 'NONE', *, *, #416, .F. ) ;
#1393 = CARTESIAN_POINT ( 'NONE',  ( -1.151020540210583976, 0.000000000000000000, -1.848979459789416913 ) ) ;
#1394 = LINE ( 'NONE', #2365, #1754 ) ;
#1395 = SURFACE_STYLE_USAGE ( .BOTH. , #1991 ) ;
#1396 = EDGE_CURVE ( 'NONE', #2242, #504, #1931, .T. ) ;
#1397 = CARTESIAN_POINT ( 'NONE',  ( -1.838122338896785335, 0.5000000000000000000, -1.115983643373856360 ) ) ;
#1398 = PRESENTATION_LAYER_ASSIGNMENT (  '', '', ( #2936 ) ) ;
#1399 = MECHANICAL_DESIGN_GEOMETRIC_PRESENTATION_REPRESENTATION (  '', ( #2990 ), #3237 ) ;
#1400 = CARTESIAN_POINT ( 'NONE',  ( -1.808103301846330169, 0.5000000000000000000, -1.140595712195098699 ) ) ;
#1401 = CARTESIAN_POINT ( 'NONE',  ( 0.3518014173115557863, -0.000000000000000000, -0.3507302107138734470 ) ) ;
#1402 = DIRECTION ( 'NONE',  ( 0.7081841406410526174, 0.000000000000000000, -0.7060277777428405344 ) ) ;
#1403 = CARTESIAN_POINT ( 'NONE',  ( 1.999999999999999112, 0.000000000000000000, -1.000000000000000000 ) ) ;
#1404 = AXIS2_PLACEMENT_3D ( 'NONE', #1074, #2289, #3548 ) ;
#1405 = EDGE_CURVE ( 'NONE', #2980, #764, #3228, .T. ) ;
#1406 = EDGE_CURVE ( 'NONE', #3103, #2373, #3697, .T. ) ;
#1407 = CARTESIAN_POINT ( 'NONE',  ( -1.861294557166877084, 0.5000000000000000000, -1.138705442833122472 ) ) ;
#1408 = DIRECTION ( 'NONE',  ( 0.000000000000000000, 0.000000000000000000, 1.000000000000000000 ) ) ;
#1409 = VECTOR ( 'NONE', #2437, 1000.000000000000114 ) ;
#1410 = EDGE_CURVE ( 'NONE', #2187, #316, #1887, .T. ) ;
#1411 = LINE ( 'NONE', #133, #2211 ) ;
#1412 = ORIENTED_EDGE ( 'NONE', *, *, #1763, .T. ) ;
#1413 = EDGE_CURVE ( 'NONE', #3669, #3387, #793, .T. ) ;
#1414 = ORIENTED_EDGE ( 'NONE', *, *, #2638, .F. ) ;
#1415 = CARTESIAN_POINT ( 'NONE',  ( 0.000000000000000000, 0.000000000000000000, 0.000000000000000000 ) ) ;
#1416 = CARTESIAN_POINT ( 'NONE',  ( 1.275922489608801280, -0.2500000000000000000, 0.5762133289941125946 ) ) ;
#1417 = SURFACE_STYLE_USAGE ( .BOTH. , #3226 ) ;
#1418 = UNCERTAINTY_MEASURE_WITH_UNIT (LENGTH_MEASURE( 1.000000000000000082E-05 ), #3365, 'distance_accuracy_value', 'NONE');
#1419 = CARTESIAN_POINT ( 'NONE',  ( 1.151001546496930761, 0.5000000000000000000, 1.922845672225926394 ) ) ;
#1420 =( NAMED_UNIT ( * ) PLANE_ANGLE_UNIT ( ) SI_UNIT ( $, .RADIAN. ) );
#1421 = SURFACE_STYLE_USAGE ( .BOTH. , #3528 ) ;
#1422 =( NAMED_UNIT ( * ) SI_UNIT ( $, .STERADIAN. ) SOLID_ANGLE_UNIT ( ) );
#1423 = FILL_AREA_STYLE ('',( #2039 ) ) ;
#1424 = LINE ( 'NONE', #1704, #1636 ) ;
#1425 = ORIENTED_EDGE ( 'NONE', *, *, #3453, .T. ) ;
#1426 = ORIENTED_EDGE ( 'NONE', *, *, #574, .F. ) ;
#1427 = DIRECTION ( 'NONE',  ( -0.000000000000000000, 1.000000000000000000, 0.000000000000000000 ) ) ;
#1428 = PRESENTATION_STYLE_ASSIGNMENT (( #1395 ) ) ;
#1429 = SURFACE_SIDE_STYLE ('',( #1448 ) ) ;
#1430 = CARTESIAN_POINT ( 'NONE',  ( 1.000000000000000000, 0.000000000000000000, 2.000000000000000000 ) ) ;
#1431 = COLOUR_RGB ( '',0.6470588235294117974, 0.6196078431372549211, 0.5882352941176470784 ) ;
#1432 = ADVANCED_FACE ( 'NONE', ( #1434 ), #2592, .F. ) ;
#1433 = CARTESIAN_POINT ( 'NONE',  ( -1.262034708977616715, 0.5000000000000000000, -1.681421236152723431 ) ) ;
#1434 = FACE_OUTER_BOUND ( 'NONE', #3499, .T. ) ;
#1435 = AXIS2_PLACEMENT_3D ( 'NONE', #245, #201, #2045 ) ;
#1436 = ORIENTED_EDGE ( 'NONE', *, *, #1950, .F. ) ;
#1437 = AXIS2_PLACEMENT_3D ( 'NONE', #157, #763, #3827 ) ;
#1438 = VECTOR ( 'NONE', #3739, 1000.000000000000000 ) ;
#1439 = AXIS2_PLACEMENT_3D ( 'NONE', #3344, #3304, #1202 ) ;
#1440 = ADVANCED_FACE ( 'NONE', ( #196 ), #3607, .T. ) ;
#1441 = EDGE_CURVE ( 'NONE', #2066, #3552, #3839, .T. ) ;
#1442 = ORIENTED_EDGE ( 'NONE', *, *, #1484, .T. ) ;
#1443 = CARTESIAN_POINT ( 'NONE',  ( -1.929289321881345609, 0.5000000000000000000, -0.9292893218813448319 ) ) ;
#1444 = CARTESIAN_POINT ( 'NONE',  ( 1.942127013025817694, -0.2500000000000000000, 1.244452586400646377 ) ) ;
#1445 = PRESENTATION_LAYER_ASSIGNMENT (  '', '', ( #1837 ) ) ;
#1446 = ORIENTED_EDGE ( 'NONE', *, *, #1108, .F. ) ;
#1447 = CARTESIAN_POINT ( 'NONE',  ( -1.951569203483446202, 1.000000000000000000, -1.235028396297816800 ) ) ;
#1448 = SURFACE_STYLE_FILL_AREA ( #1744 ) ;
#1449 = LINE ( 'NONE', #1855, #2297 ) ;
#1450 = VECTOR ( 'NONE', #3205, 1000.000000000000000 ) ;
#1451 = SURFACE_SIDE_STYLE ('',( #3569 ) ) ;
#1452 = CARTESIAN_POINT ( 'NONE',  ( 1.000000000000000000, 1.000000000000000000, 2.000000000000000000 ) ) ;
#1453 = AXIS2_PLACEMENT_3D ( 'NONE', #3907, #865, #3277 ) ;
#1454 = STYLED_ITEM ( 'NONE', ( #2798 ), #2529 ) ;
#1455 = CARTESIAN_POINT ( 'NONE',  ( 1.762498769220799177, 0.5000000000000000000, 1.181204050379262460 ) ) ;
#1456 = ORIENTED_EDGE ( 'NONE', *, *, #181, .F. ) ;
#1457 = LINE ( 'NONE', #3858, #1917 ) ;
#1458 = PLANE ( 'NONE',  #2912 ) ;
#1459 = AXIS2_PLACEMENT_3D ( 'NONE', #1860, #15, #345 ) ;
#1460 = FILL_AREA_STYLE_COLOUR ( '', #3421 ) ;
#1461 = VERTEX_POINT ( 'NONE', #177 ) ;
#1462 = AXIS2_PLACEMENT_3D ( 'NONE', #3785, #2945, #1376 ) ;
#1463 = MECHANICAL_DESIGN_GEOMETRIC_PRESENTATION_REPRESENTATION (  '', ( #3435 ), #765 ) ;
#1464 = VERTEX_POINT ( 'NONE', #2614 ) ;
#1465 = ORIENTED_EDGE ( 'NONE', *, *, #2836, .T. ) ;
#1466 = FILL_AREA_STYLE ('',( #244 ) ) ;
#1467 = SURFACE_STYLE_USAGE ( .BOTH. , #3831 ) ;
#1468 = DIRECTION ( 'NONE',  ( -0.7060277777428409784, 0.000000000000000000, -0.7081841406410520623 ) ) ;
#1469 = EDGE_CURVE ( 'NONE', #1146, #1197, #672, .T. ) ;
#1470 = EDGE_CURVE ( 'NONE', #302, #3572, #3909, .T. ) ;
#1471 = ORIENTED_EDGE ( 'NONE', *, *, #3297, .F. ) ;
#1472 =( LENGTH_UNIT ( ) NAMED_UNIT ( * ) SI_UNIT ( .MILLI., .METRE. ) );
#1473 =( NAMED_UNIT ( * ) SI_UNIT ( $, .STERADIAN. ) SOLID_ANGLE_UNIT ( ) );
#1474 = CARTESIAN_POINT ( 'NONE',  ( -1.339034414668185402, 1.000000000000000000, -1.920065658469889192 ) ) ;
#1475 = DIRECTION ( 'NONE',  ( -0.000000000000000000, -1.000000000000000000, -0.000000000000000000 ) ) ;
#1476 = CYLINDRICAL_SURFACE ( 'NONE', #166, 0.1000000000000000472 ) ;
#1477 = ORIENTED_EDGE ( 'NONE', *, *, #460, .T. ) ;
#1478 = ADVANCED_FACE ( 'NONE', ( #2361 ), #1092, .F. ) ;
#1479 =( NAMED_UNIT ( * ) PLANE_ANGLE_UNIT ( ) SI_UNIT ( $, .RADIAN. ) );
#1480 = VERTEX_POINT ( 'NONE', #776 ) ;
#1481 = STYLED_ITEM ( 'NONE', ( #3419 ), #1334 ) ;
#1482 = DIRECTION ( 'NONE',  ( -1.000000000000000000, 0.000000000000000000, 0.000000000000000000 ) ) ;
#1483 = ORIENTED_EDGE ( 'NONE', *, *, #738, .F. ) ;
#1484 = EDGE_CURVE ( 'NONE', #960, #3387, #1424, .T. ) ;
#1485 = ORIENTED_EDGE ( 'NONE', *, *, #1123, .F. ) ;
#1486 = CARTESIAN_POINT ( 'NONE',  ( 0.9292893218813452760, 0.5000000000000000000, 1.929289321881345387 ) ) ;
#1487 = CARTESIAN_POINT ( 'NONE',  ( 1.000000000000000000, 0.000000000000000000, 2.000000000000000000 ) ) ;
#1488 =( NAMED_UNIT ( * ) PLANE_ANGLE_UNIT ( ) SI_UNIT ( $, .RADIAN. ) );
#1489 = CARTESIAN_POINT ( 'NONE',  ( 1.181981248396587691, 0.5000000000000000000, 1.676597395366102861 ) ) ;
#1490 = AXIS2_PLACEMENT_3D ( 'NONE', #2924, #2629, #999 ) ;
#1491 = VERTEX_POINT ( 'NONE', #3532 ) ;
#1492 = UNCERTAINTY_MEASURE_WITH_UNIT (LENGTH_MEASURE( 1.000000000000000082E-05 ), #3488, 'distance_accuracy_value', 'NONE');
#1493 = FILL_AREA_STYLE ('',( #2061 ) ) ;
#1494 = FILL_AREA_STYLE ('',( #1100 ) ) ;
#1495 = PLANE ( 'NONE',  #2094 ) ;
#1496 = LINE ( 'NONE', #3626, #382 ) ;
#1497 = FILL_AREA_STYLE_COLOUR ( '', #2217 ) ;
#1498 = EDGE_CURVE ( 'NONE', #3332, #919, #3108, .T. ) ;
#1499 = EDGE_LOOP ( 'NONE', ( #1243, #2057, #595, #3044, #3644, #182, #3413, #1273, #2724 ) ) ;
#1500 = FILL_AREA_STYLE_COLOUR ( '', #881 ) ;
#1501 = VECTOR ( 'NONE', #2216, 1000.000000000000000 ) ;
#1502 = EDGE_CURVE ( 'NONE', #1464, #1596, #1411, .T. ) ;
#1503 = ORIENTED_EDGE ( 'NONE', *, *, #3630, .T. ) ;
#1504 = VECTOR ( 'NONE', #2779, 1000.000000000000114 ) ;
#1505 = VECTOR ( 'NONE', #3641, 1000.000000000000000 ) ;
#1506 = VERTEX_POINT ( 'NONE', #829 ) ;
#1507 =( GEOMETRIC_REPRESENTATION_CONTEXT ( 3 ) GLOBAL_UNCERTAINTY_ASSIGNED_CONTEXT ( ( #1573 ) ) GLOBAL_UNIT_ASSIGNED_CONTEXT ( ( #3636, #333, #1547 ) ) REPRESENTATION_CONTEXT ( 'NONE', 'WORKASPACE' ) );
#1508 = ORIENTED_EDGE ( 'NONE', *, *, #18, .F. ) ;
#1509 =( NAMED_UNIT ( * ) SI_UNIT ( $, .STERADIAN. ) SOLID_ANGLE_UNIT ( ) );
#1510 = PRESENTATION_LAYER_ASSIGNMENT (  '', '', ( #2604 ) ) ;
#1511 = ORIENTED_EDGE ( 'NONE', *, *, #2991, .T. ) ;
#1512 = ORIENTED_EDGE ( 'NONE', *, *, #2639, .F. ) ;
#1513 = AXIS2_PLACEMENT_3D ( 'NONE', #2050, #3326, #274 ) ;
#1514 = DIRECTION ( 'NONE',  ( -1.000000000000000000, 0.000000000000000000, 0.000000000000000000 ) ) ;
#1515 = DIRECTION ( 'NONE',  ( 0.000000000000000000, 1.000000000000000000, 0.000000000000000000 ) ) ;
#1516 = DIRECTION ( 'NONE',  ( -0.7071067811865474617, 0.000000000000000000, 0.7071067811865476838 ) ) ;
#1517 =( NAMED_UNIT ( * ) PLANE_ANGLE_UNIT ( ) SI_UNIT ( $, .RADIAN. ) );
#1518 = DIRECTION ( 'NONE',  ( 0.000000000000000000, -1.000000000000000000, 0.000000000000000000 ) ) ;
#1519 = ORIENTED_EDGE ( 'NONE', *, *, #2591, .T. ) ;
#1520 = PRESENTATION_LAYER_ASSIGNMENT (  '', '', ( #3551 ) ) ;
#1521 = DIRECTION ( 'NONE',  ( 0.000000000000000000, 0.000000000000000000, 1.000000000000000000 ) ) ;
#1522 = EDGE_CURVE ( 'NONE', #3182, #960, #3550, .T. ) ;
#1523 = DIRECTION ( 'NONE',  ( 0.000000000000000000, 1.000000000000000000, 0.000000000000000000 ) ) ;
#1524 = PRESENTATION_LAYER_ASSIGNMENT (  '', '', ( #1013 ) ) ;
#1525 = ORIENTED_EDGE ( 'NONE', *, *, #2635, .T. ) ;
#1526 = AXIS2_PLACEMENT_3D ( 'NONE', #2835, #3729, #1307 ) ;
#1527 = STYLED_ITEM ( 'NONE', ( #3738 ), #2582 ) ;
#1528 = EDGE_LOOP ( 'NONE', ( #391, #1932, #3576, #2827 ) ) ;
#1529 =( GEOMETRIC_REPRESENTATION_CONTEXT ( 3 ) GLOBAL_UNCERTAINTY_ASSIGNED_CONTEXT ( ( #1151 ) ) GLOBAL_UNIT_ASSIGNED_CONTEXT ( ( #1224, #6, #857 ) ) REPRESENTATION_CONTEXT ( 'NONE', 'WORKASPACE' ) );
#1530 = CIRCLE ( 'NONE', #554, 0.1000000000000000472 ) ;
#1531 = ORIENTED_EDGE ( 'NONE', *, *, #2651, .F. ) ;
#1532 = FILL_AREA_STYLE_COLOUR ( '', #1652 ) ;
#1533 = SURFACE_STYLE_FILL_AREA ( #2799 ) ;
#1534 = ADVANCED_FACE ( 'NONE', ( #1367 ), #1207, .T. ) ;
#1535 = VECTOR ( 'NONE', #566, 1000.000000000000000 ) ;
#1536 = DIRECTION ( 'NONE',  ( 0.000000000000000000, 1.000000000000000000, 0.000000000000000000 ) ) ;
#1537 = ORIENTED_EDGE ( 'NONE', *, *, #1797, .T. ) ;
#1538 = UNCERTAINTY_MEASURE_WITH_UNIT (LENGTH_MEASURE( 1.000000000000000082E-05 ), #3709, 'distance_accuracy_value', 'NONE');
#1539 = EDGE_LOOP ( 'NONE', ( #3755, #2909, #22, #2878 ) ) ;
#1540 = PRESENTATION_STYLE_ASSIGNMENT (( #3339 ) ) ;
#1541 = DIRECTION ( 'NONE',  ( 0.000000000000000000, -1.000000000000000000, 0.000000000000000000 ) ) ;
#1542 = ORIENTED_EDGE ( 'NONE', *, *, #2020, .T. ) ;
#1543 = DIRECTION ( 'NONE',  ( -0.000000000000000000, -1.000000000000000000, -0.000000000000000000 ) ) ;
#1544 = ORIENTED_EDGE ( 'NONE', *, *, #2292, .T. ) ;
#1545 = DIRECTION ( 'NONE',  ( 0.000000000000000000, 0.000000000000000000, 1.000000000000000000 ) ) ;
#1546 = ORIENTED_EDGE ( 'NONE', *, *, #399, .F. ) ;
#1547 =( NAMED_UNIT ( * ) SI_UNIT ( $, .STERADIAN. ) SOLID_ANGLE_UNIT ( ) );
#1548 =( LENGTH_UNIT ( ) NAMED_UNIT ( * ) SI_UNIT ( .MILLI., .METRE. ) );
#1549 = ORIENTED_EDGE ( 'NONE', *, *, #3233, .F. ) ;
#1550 = ORIENTED_EDGE ( 'NONE', *, *, #1689, .T. ) ;
#1551 = CARTESIAN_POINT ( 'NONE',  ( -1.167040367566442027, 0.5000000000000000000, -1.748378213665942260 ) ) ;
#1552 = CARTESIAN_POINT ( 'NONE',  ( 1.934207974095810245, 1.000000000000000000, 1.353176370287435315 ) ) ;
#1553 = DIRECTION ( 'NONE',  ( -1.000000000000000000, 0.000000000000000000, 0.000000000000000000 ) ) ;
#1554 = CARTESIAN_POINT ( 'NONE',  ( -0.9292893218813457201, 0.5000000000000000000, -1.929289321881344277 ) ) ;
#1555 = ADVANCED_FACE ( 'NONE', ( #1771 ), #572, .T. ) ;
#1556 = PRESENTATION_STYLE_ASSIGNMENT (( #343 ) ) ;
#1557 = ORIENTED_EDGE ( 'NONE', *, *, #556, .T. ) ;
#1558 = CARTESIAN_POINT ( 'NONE',  ( -1.838122338896785335, 0.5000000000000000000, -1.235983643373856244 ) ) ;
#1559 = SURFACE_STYLE_USAGE ( .BOTH. , #3083 ) ;
#1560 = SURFACE_SIDE_STYLE ('',( #347 ) ) ;
#1561 = ADVANCED_FACE ( 'NONE', ( #1788 ), #3631, .F. ) ;
#1562 = VERTEX_POINT ( 'NONE', #2524 ) ;
#1563 = VECTOR ( 'NONE', #1329, 1000.000000000000000 ) ;
#1564 = CARTESIAN_POINT ( 'NONE',  ( 1.934336177217212738, 0.5000000000000000000, 1.183601303242792779 ) ) ;
#1565 = EDGE_CURVE ( 'NONE', #964, #393, #856, .T. ) ;
#1566 = VECTOR ( 'NONE', #2586, 1000.000000000000000 ) ;
#1567 = ORIENTED_EDGE ( 'NONE', *, *, #897, .F. ) ;
#1568 = FILL_AREA_STYLE_COLOUR ( '', #3367 ) ;
#1569 = SURFACE_SIDE_STYLE ('',( #3088 ) ) ;
#1570 = EDGE_CURVE ( 'NONE', #2525, #2491, #1605, .T. ) ;
#1571 = ORIENTED_EDGE ( 'NONE', *, *, #1413, .F. ) ;
#1572 = MECHANICAL_DESIGN_GEOMETRIC_PRESENTATION_REPRESENTATION (  '', ( #925 ), #37 ) ;
#1573 = UNCERTAINTY_MEASURE_WITH_UNIT (LENGTH_MEASURE( 1.000000000000000082E-05 ), #3636, 'distance_accuracy_value', 'NONE');
#1574 = EDGE_LOOP ( 'NONE', ( #882, #1557, #2430, #3093, #1772, #3021, #3400, #952, #1350, #3557, #1836, #3455, #3355, #887, #3699, #2103, #2637, #1724, #1471 ) ) ;
#1575 = STYLED_ITEM ( 'NONE', ( #3588 ), #1561 ) ;
#1576 = CARTESIAN_POINT ( 'NONE',  ( 0.000000000000000000, -0.2500000000000000000, 0.000000000000000000 ) ) ;
#1577 = MECHANICAL_DESIGN_GEOMETRIC_PRESENTATION_REPRESENTATION (  '', ( #1069 ), #1823 ) ;
#1578 = CARTESIAN_POINT ( 'NONE',  ( -1.247871026164795616, 1.000000000000000000, -1.667300680597866736 ) ) ;
#1579 = CIRCLE ( 'NONE', #3610, 1.399999999999999911 ) ;
#1580 = PRESENTATION_LAYER_ASSIGNMENT (  '', '', ( #2479 ) ) ;
#1581 = LINE ( 'NONE', #959, #3674 ) ;
#1582 = ORIENTED_EDGE ( 'NONE', *, *, #187, .T. ) ;
#1583 = CARTESIAN_POINT ( 'NONE',  ( 0.000000000000000000, 1.350000000000000089, 0.000000000000000000 ) ) ;
#1584 = DIRECTION ( 'NONE',  ( -0.000000000000000000, -1.000000000000000000, -0.000000000000000000 ) ) ;
#1585 = EDGE_CURVE ( 'NONE', #3182, #3669, #407, .T. ) ;
#1586 = DIRECTION ( 'NONE',  ( -0.9538793117875775662, 0.000000000000000000, 0.3001903705045475546 ) ) ;
#1587 = ORIENTED_EDGE ( 'NONE', *, *, #904, .F. ) ;
#1588 = AXIS2_PLACEMENT_3D ( 'NONE', #3176, #2903, #1921 ) ;
#1589 = VERTEX_POINT ( 'NONE', #424 ) ;
#1590 = STYLED_ITEM ( 'NONE', ( #183 ), #2497 ) ;
#1591 = ORIENTED_EDGE ( 'NONE', *, *, #3414, .F. ) ;
#1592 = FILL_AREA_STYLE ('',( #3110 ) ) ;
#1593 = ADVANCED_FACE ( 'NONE', ( #1883 ), #1622, .T. ) ;
#1594 = VECTOR ( 'NONE', #3174, 1000.000000000000000 ) ;
#1595 = STYLED_ITEM ( 'NONE', ( #3347 ), #2705 ) ;
#1596 = VERTEX_POINT ( 'NONE', #718 ) ;
#1597 = CARTESIAN_POINT ( 'NONE',  ( 0.000000000000000000, 0.5000000000000000000, 0.000000000000000000 ) ) ;
#1598 = CIRCLE ( 'NONE', #1150, 0.1200000000000000927 ) ;
#1599 = LINE ( 'NONE', #3722, #160 ) ;
#1600 = CARTESIAN_POINT ( 'NONE',  ( -1.944801201043639738, 0.5000000000000000000, -1.342598203736439899 ) ) ;
#1601 = VECTOR ( 'NONE', #92, 1000.000000000000000 ) ;
#1602 = ORIENTED_EDGE ( 'NONE', *, *, #457, .T. ) ;
#1603 =( NAMED_UNIT ( * ) PLANE_ANGLE_UNIT ( ) SI_UNIT ( $, .RADIAN. ) );
#1604 = DIRECTION ( 'NONE',  ( -0.7071067811865477948, 0.000000000000000000, 0.7071067811865473507 ) ) ;
#1605 = LINE ( 'NONE', #2253, #161 ) ;
#1606 = ORIENTED_EDGE ( 'NONE', *, *, #3737, .T. ) ;
#1607 = EDGE_LOOP ( 'NONE', ( #310, #3281, #348, #1546, #3311, #269, #2873, #3115, #2096, #3399, #3328, #635, #3, #159, #1627, #379, #3199, #3521, #282, #2174, #3437, #552, #814, #1256, #976, #43, #1050, #2658, #1801, #1326, #3812, #654, #1571, #2897, #2399, #2205, #3392, #1503, #428, #1141, #41, #1250, #3672, #2752, #1519, #2018, #2554, #3747, #1602, #2224, #3733, #3829, #1188, #1298, #1511, #2846, #2619, #2403, #1867, #601, #3091, #1853, #619, #53, #178 ) ) ;
#1608 = CYLINDRICAL_SURFACE ( 'NONE', #3063, 0.1000000000000000472 ) ;
#1609 = CARTESIAN_POINT ( 'NONE',  ( 1.342598203736440121, 1.000000000000000000, 1.944801201043639516 ) ) ;
#1610 = EDGE_CURVE ( 'NONE', #919, #1461, #1964, .T. ) ;
#1611 =( LENGTH_UNIT ( ) NAMED_UNIT ( * ) SI_UNIT ( .MILLI., .METRE. ) );
#1612 = EDGE_CURVE ( 'NONE', #1093, #1072, #2569, .T. ) ;
#1613 = LINE ( 'NONE', #1037, #2860 ) ;
#1614 = DIRECTION ( 'NONE',  ( 0.000000000000000000, 1.000000000000000000, 0.000000000000000000 ) ) ;
#1615 = FILL_AREA_STYLE ('',( #401 ) ) ;
#1616 = EDGE_LOOP ( 'NONE', ( #1477, #27, #1948, #3703 ) ) ;
#1617 = DIRECTION ( 'NONE',  ( 0.000000000000000000, -0.000000000000000000, -1.000000000000000000 ) ) ;
#1618 = DIRECTION ( 'NONE',  ( 0.000000000000000000, 1.000000000000000000, 0.000000000000000000 ) ) ;
#1619 = LINE ( 'NONE', #1306, #3842 ) ;
#1620 = EDGE_CURVE ( 'NONE', #2362, #3332, #1579, .T. ) ;
#1621 = CARTESIAN_POINT ( 'NONE',  ( 1.328455888110519512, 0.5000000000000000000, 1.930659245424389603 ) ) ;
#1622 = PLANE ( 'NONE',  #225 ) ;
#1623 = ADVANCED_FACE ( 'NONE', ( #369 ), #2548, .F. ) ;
#1624 = ORIENTED_EDGE ( 'NONE', *, *, #1233, .T. ) ;
#1625 = CARTESIAN_POINT ( 'NONE',  ( 0.000000000000000000, -0.3499999999999999778, -1.272610418006828725 ) ) ;
#1626 =( NAMED_UNIT ( * ) PLANE_ANGLE_UNIT ( ) SI_UNIT ( $, .RADIAN. ) );
#1627 = ORIENTED_EDGE ( 'NONE', *, *, #2323, .F. ) ;
#1628 = PRESENTATION_LAYER_ASSIGNMENT (  '', '', ( #2594 ) ) ;
#1629 =( NAMED_UNIT ( * ) SI_UNIT ( $, .STERADIAN. ) SOLID_ANGLE_UNIT ( ) );
#1630 = DIRECTION ( 'NONE',  ( 0.3001903705045472770, -0.000000000000000000, -0.9538793117875775662 ) ) ;
#1631 = SURFACE_STYLE_FILL_AREA ( #1651 ) ;
#1632 = CARTESIAN_POINT ( 'NONE',  ( -1.858128143392687281, 1.000000000000000000, -1.141871856607312496 ) ) ;
#1633 =( NAMED_UNIT ( * ) SI_UNIT ( $, .STERADIAN. ) SOLID_ANGLE_UNIT ( ) );
#1634 = LINE ( 'NONE', #1287, #3131 ) ;
#1635 = AXIS2_PLACEMENT_3D ( 'NONE', #2580, #3506, #3206 ) ;
#1636 = VECTOR ( 'NONE', #211, 1000.000000000000000 ) ;
#1637 = ORIENTED_EDGE ( 'NONE', *, *, #3568, .T. ) ;
#1638 = CARTESIAN_POINT ( 'NONE',  ( -2.000000000000000888, 1.000000000000000000, -1.000000000000000000 ) ) ;
#1639 = CARTESIAN_POINT ( 'NONE',  ( 1.186925895916810081, 0.5000000000000000000, 1.930552245102422848 ) ) ;
#1640 = CARTESIAN_POINT ( 'NONE',  ( -1.676597395366102861, 1.000000000000000000, -1.181981248396587469 ) ) ;
#1641 = VECTOR ( 'NONE', #1826, 1000.000000000000227 ) ;
#1642 = LINE ( 'NONE', #1621, #3126 ) ;
#1643 = DIRECTION ( 'NONE',  ( 0.000000000000000000, 1.000000000000000000, 0.000000000000000000 ) ) ;
#1644 = VERTEX_POINT ( 'NONE', #3806 ) ;
#1645 = DIRECTION ( 'NONE',  ( 0.7081841406410505080, -0.000000000000000000, 0.7060277777428427548 ) ) ;
#1646 = CIRCLE ( 'NONE', #3854, 0.1000000000000000472 ) ;
#1647 = DIRECTION ( 'NONE',  ( -0.000000000000000000, 1.000000000000000000, -0.000000000000000000 ) ) ;
#1648 = AXIS2_PLACEMENT_3D ( 'NONE', #1939, #2605, #107 ) ;
#1649 = VERTEX_POINT ( 'NONE', #1662 ) ;
#1650 = PRESENTATION_LAYER_ASSIGNMENT (  '', '', ( #3358 ) ) ;
#1651 = FILL_AREA_STYLE ('',( #3740 ) ) ;
#1652 = COLOUR_RGB ( '',0.6470588235294117974, 0.6196078431372549211, 0.5882352941176470784 ) ;
#1653 = DIRECTION ( 'NONE',  ( 0.000000000000000000, 0.000000000000000000, 1.000000000000000000 ) ) ;
#1654 = VECTOR ( 'NONE', #1057, 1000.000000000000000 ) ;
#1655 =( GEOMETRIC_REPRESENTATION_CONTEXT ( 3 ) GLOBAL_UNCERTAINTY_ASSIGNED_CONTEXT ( ( #1332 ) ) GLOBAL_UNIT_ASSIGNED_CONTEXT ( ( #1739, #2965, #218 ) ) REPRESENTATION_CONTEXT ( 'NONE', 'WORKASPACE' ) );
#1656 = DIRECTION ( 'NONE',  ( -1.000000000000000000, 0.000000000000000000, 0.000000000000000000 ) ) ;
#1657 = VECTOR ( 'NONE', #2038, 1000.000000000000000 ) ;
#1658 = PRESENTATION_STYLE_ASSIGNMENT (( #2606 ) ) ;
#1659 = LINE ( 'NONE', #2892, #1566 ) ;
#1660 = AXIS2_PLACEMENT_3D ( 'NONE', #3602, #3014, #3905 ) ;
#1661 =( LENGTH_UNIT ( ) NAMED_UNIT ( * ) SI_UNIT ( .MILLI., .METRE. ) );
#1662 = CARTESIAN_POINT ( 'NONE',  ( 1.151001546496930761, 1.000000000000000000, 1.922845672225926394 ) ) ;
#1663 = ORIENTED_EDGE ( 'NONE', *, *, #2097, .T. ) ;
#1664 = EDGE_CURVE ( 'NONE', #3391, #639, #3247, .T. ) ;
#1665 = DIRECTION ( 'NONE',  ( -0.000000000000000000, 1.000000000000000000, -0.000000000000000000 ) ) ;
#1666 = CARTESIAN_POINT ( 'NONE',  ( -0.3563827233294960539, -0.000000000000000000, 0.3552975670289671428 ) ) ;
#1667 = CARTESIAN_POINT ( 'NONE',  ( -1.252022464443368177, 0.5000000000000000000, -1.833101546995083320 ) ) ;
#1668 = VERTEX_POINT ( 'NONE', #2034 ) ;
#1669 = DIRECTION ( 'NONE',  ( 0.000000000000000000, 1.000000000000000000, 0.000000000000000000 ) ) ;
#1670 = LINE ( 'NONE', #1609, #909 ) ;
#1671 = LINE ( 'NONE', #2900, #3662 ) ;
#1672 = CARTESIAN_POINT ( 'NONE',  ( 0.000000000000000000, 0.000000000000000000, -1.399999999999999911 ) ) ;
#1673 =( NAMED_UNIT ( * ) PLANE_ANGLE_UNIT ( ) SI_UNIT ( $, .RADIAN. ) );
#1674 = PLANE ( 'NONE',  #624 ) ;
#1675 = FILL_AREA_STYLE ('',( #3487 ) ) ;
#1676 = FILL_AREA_STYLE_COLOUR ( '', #1431 ) ;
#1677 = FACE_OUTER_BOUND ( 'NONE', #1276, .T. ) ;
#1678 = CARTESIAN_POINT ( 'NONE',  ( -1.183601303242793223, 1.000000000000000000, -1.934336177217212516 ) ) ;
#1679 = ORIENTED_EDGE ( 'NONE', *, *, #1148, .F. ) ;
#1680 = SURFACE_STYLE_USAGE ( .BOTH. , #720 ) ;
#1681 = ADVANCED_FACE ( 'NONE', ( #3181 ), #497, .T. ) ;
#1682 = ORIENTED_EDGE ( 'NONE', *, *, #2156, .T. ) ;
#1683 = UNCERTAINTY_MEASURE_WITH_UNIT (LENGTH_MEASURE( 1.000000000000000082E-05 ), #1379, 'distance_accuracy_value', 'NONE');
#1684 = SURFACE_STYLE_FILL_AREA ( #2859 ) ;
#1685 = EDGE_CURVE ( 'NONE', #2815, #14, #3212, .T. ) ;
#1686 = MECHANICAL_DESIGN_GEOMETRIC_PRESENTATION_REPRESENTATION (  '', ( #2594 ), #3335 ) ;
#1687 = LINE ( 'NONE', #184, #2210 ) ;
#1688 = PRESENTATION_LAYER_ASSIGNMENT (  '', '', ( #2791 ) ) ;
#1689 = EDGE_CURVE ( 'NONE', #944, #243, #510, .T. ) ;
#1690 = EDGE_CURVE ( 'NONE', #2857, #419, #467, .T. ) ;
#1691 = STYLED_ITEM ( 'NONE', ( #2228 ), #461 ) ;
#1692 = UNCERTAINTY_MEASURE_WITH_UNIT (LENGTH_MEASURE( 1.000000000000000082E-05 ), #2645, 'distance_accuracy_value', 'NONE');
#1693 = CARTESIAN_POINT ( 'NONE',  ( -1.838122338896785335, 1.000000000000000000, -1.235983643373856244 ) ) ;
#1694 = CARTESIAN_POINT ( 'NONE',  ( 1.257744309980915798, 0.5000000000000000000, 1.959949467328139239 ) ) ;
#1696 = EDGE_CURVE ( 'NONE', #233, #335, #3788, .T. ) ;
#1695 =( NAMED_UNIT ( * ) PLANE_ANGLE_UNIT ( ) SI_UNIT ( $, .RADIAN. ) );
#1697 = COLOUR_RGB ( '',0.6470588235294117974, 0.6196078431372549211, 0.5882352941176470784 ) ;
#1698 =( NAMED_UNIT ( * ) PLANE_ANGLE_UNIT ( ) SI_UNIT ( $, .RADIAN. ) );
#1699 = DIRECTION ( 'NONE',  ( -0.7060277777428405344, -0.000000000000000000, -0.7081841406410525064 ) ) ;
#1700 = AXIS2_PLACEMENT_3D ( 'NONE', #1576, #2176, #973 ) ;
#1701 = CARTESIAN_POINT ( 'NONE',  ( -2.000000000000000888, 1.000000000000000000, -1.000000000000000000 ) ) ;
#1702 = EDGE_CURVE ( 'NONE', #1596, #3915, #1073, .T. ) ;
#1703 = CARTESIAN_POINT ( 'NONE',  ( -1.707192987148250962, 0.5000000000000000000, -1.151385656614439368 ) ) ;
#1704 = CARTESIAN_POINT ( 'NONE',  ( 0.9292893218813452760, 0.5000000000000000000, 1.929289321881345387 ) ) ;
#1705 = ORIENTED_EDGE ( 'NONE', *, *, #1339, .T. ) ;
#1706 = CIRCLE ( 'NONE', #2541, 0.1200000000000000927 ) ;
#1707 = COLOUR_RGB ( '',0.6470588235294117974, 0.6196078431372549211, 0.5882352941176470784 ) ;
#1708 = STYLED_ITEM ( 'NONE', ( #3834 ), #2230 ) ;
#1709 = EDGE_CURVE ( 'NONE', #2117, #223, #1380, .T. ) ;
#1710 = EDGE_LOOP ( 'NONE', ( #1133, #1032 ) ) ;
#1711 = DIRECTION ( 'NONE',  ( -0.3001903705045472770, 0.000000000000000000, 0.9538793117875775662 ) ) ;
#1712 = COLOUR_RGB ( '',0.6470588235294117974, 0.6196078431372549211, 0.5882352941176470784 ) ;
#1713 = SURFACE_STYLE_FILL_AREA ( #3507 ) ;
#1714 =( GEOMETRIC_REPRESENTATION_CONTEXT ( 3 ) GLOBAL_UNCERTAINTY_ASSIGNED_CONTEXT ( ( #2934 ) ) GLOBAL_UNIT_ASSIGNED_CONTEXT ( ( #1717, #1698, #2032 ) ) REPRESENTATION_CONTEXT ( 'NONE', 'WORKASPACE' ) );
#1715 =( NAMED_UNIT ( * ) SI_UNIT ( $, .STERADIAN. ) SOLID_ANGLE_UNIT ( ) );
#1716 = FACE_OUTER_BOUND ( 'NONE', #2377, .T. ) ;
#1717 =( LENGTH_UNIT ( ) NAMED_UNIT ( * ) SI_UNIT ( .MILLI., .METRE. ) );
#1718 = PRESENTATION_LAYER_ASSIGNMENT (  '', '', ( #756 ) ) ;
#1719 = DIRECTION ( 'NONE',  ( -0.000000000000000000, -1.000000000000000000, -0.000000000000000000 ) ) ;
#1720 = VECTOR ( 'NONE', #2181, 1000.000000000000000 ) ;
#1721 = DIRECTION ( 'NONE',  ( -1.000000000000000000, 0.000000000000000000, 0.000000000000000000 ) ) ;
#1722 = MECHANICAL_DESIGN_GEOMETRIC_PRESENTATION_REPRESENTATION (  '', ( #885 ), #2428 ) ;
#1723 = SURFACE_SIDE_STYLE ('',( #3859 ) ) ;
#1724 = ORIENTED_EDGE ( 'NONE', *, *, #272, .F. ) ;
#1725 = EDGE_LOOP ( 'NONE', ( #2481, #1368, #900, #3291 ) ) ;
#1726 = DIRECTION ( 'NONE',  ( 0.000000000000000000, -1.000000000000000000, 0.000000000000000000 ) ) ;
#1727 = DIRECTION ( 'NONE',  ( 0.000000000000000000, 1.000000000000000000, 0.000000000000000000 ) ) ;
#1728 = EDGE_CURVE ( 'NONE', #964, #3475, #1997, .T. ) ;
#1729 = UNCERTAINTY_MEASURE_WITH_UNIT (LENGTH_MEASURE( 1.000000000000000082E-05 ), #494, 'distance_accuracy_value', 'NONE');
#1730 = EDGE_CURVE ( 'NONE', #1589, #99, #172, .T. ) ;
#1731 = CARTESIAN_POINT ( 'NONE',  ( 1.833101546995083320, 1.000000000000000000, 1.252022464443367733 ) ) ;
#1732 = CARTESIAN_POINT ( 'NONE',  ( -1.838122338896785335, 1.000000000000000000, -1.235983643373856244 ) ) ;
#1733 = FILL_AREA_STYLE ('',( #790 ) ) ;
#1734 = CARTESIAN_POINT ( 'NONE',  ( -1.838122338896785335, 0.5000000000000000000, -1.235983643373856244 ) ) ;
#1735 = DIRECTION ( 'NONE',  ( 0.000000000000000000, 1.000000000000000000, 0.000000000000000000 ) ) ;
#1736 = EDGE_CURVE ( 'NONE', #675, #3731, #3824, .T. ) ;
#1737 = ORIENTED_EDGE ( 'NONE', *, *, #1212, .F. ) ;
#1738 = ORIENTED_EDGE ( 'NONE', *, *, #686, .F. ) ;
#1739 =( LENGTH_UNIT ( ) NAMED_UNIT ( * ) SI_UNIT ( .MILLI., .METRE. ) );
#1740 = PLANE ( 'NONE',  #1066 ) ;
#1741 = ORIENTED_EDGE ( 'NONE', *, *, #1989, .F. ) ;
#1742 =( GEOMETRIC_REPRESENTATION_CONTEXT ( 3 ) GLOBAL_UNCERTAINTY_ASSIGNED_CONTEXT ( ( #2741 ) ) GLOBAL_UNIT_ASSIGNED_CONTEXT ( ( #1787, #3309, #2754 ) ) REPRESENTATION_CONTEXT ( 'NONE', 'WORKASPACE' ) );
#1743 =( NAMED_UNIT ( * ) SI_UNIT ( $, .STERADIAN. ) SOLID_ANGLE_UNIT ( ) );
#1744 = FILL_AREA_STYLE ('',( #3885 ) ) ;
#1745 = CARTESIAN_POINT ( 'NONE',  ( -1.181204050379262904, 0.5000000000000000000, -1.762498769220798955 ) ) ;
#1746 = DIRECTION ( 'NONE',  ( 0.000000000000000000, 1.000000000000000000, 0.000000000000000000 ) ) ;
#1747 = CARTESIAN_POINT ( 'NONE',  ( -1.676597395366103305, 0.5000000000000000000, -1.181981248396587025 ) ) ;
#1748 = ORIENTED_EDGE ( 'NONE', *, *, #3689, .F. ) ;
#1749 = FILL_AREA_STYLE ('',( #1500 ) ) ;
#1750 = DIRECTION ( 'NONE',  ( 0.000000000000000000, 1.000000000000000000, 0.000000000000000000 ) ) ;
#1751 = STYLED_ITEM ( 'NONE', ( #2535 ), #451 ) ;
#1752 = MECHANICAL_DESIGN_GEOMETRIC_PRESENTATION_REPRESENTATION (  '', ( #2916 ), #3535 ) ;
#1753 = ORIENTED_EDGE ( 'NONE', *, *, #1406, .T. ) ;
#1754 = VECTOR ( 'NONE', #3578, 1000.000000000000000 ) ;
#1755 = PRESENTATION_LAYER_ASSIGNMENT (  '', '', ( #3482 ) ) ;
#1756 = ORIENTED_EDGE ( 'NONE', *, *, #1137, .F. ) ;
#1757 = CARTESIAN_POINT ( 'NONE',  ( 1.257744309980915798, 1.000000000000000000, 1.959949467328139239 ) ) ;
#1758 = AXIS2_PLACEMENT_3D ( 'NONE', #740, #3213, #3456 ) ;
#1759 = FILL_AREA_STYLE ('',( #2921 ) ) ;
#1760 = FILL_AREA_STYLE_COLOUR ( '', #694 ) ;
#1761 = PRESENTATION_LAYER_ASSIGNMENT (  '', '', ( #3120 ) ) ;
#1762 = EDGE_LOOP ( 'NONE', ( #3580, #1851, #2116, #1425 ) ) ;
#1763 = EDGE_CURVE ( 'NONE', #3387, #1480, #192, .T. ) ;
#1764 = VECTOR ( 'NONE', #2104, 1000.000000000000000 ) ;
#1765 = DIRECTION ( 'NONE',  ( 0.000000000000000000, 0.000000000000000000, -1.000000000000000000 ) ) ;
#1766 = DIRECTION ( 'NONE',  ( 0.000000000000000000, 1.000000000000000000, 0.000000000000000000 ) ) ;
#1767 = AXIS2_PLACEMENT_3D ( 'NONE', #3079, #3303, #567 ) ;
#1768 = EDGE_LOOP ( 'NONE', ( #2421, #1863, #3633, #3238 ) ) ;
#1769 =( NAMED_UNIT ( * ) SI_UNIT ( $, .STERADIAN. ) SOLID_ANGLE_UNIT ( ) );
#1770 = VECTOR ( 'NONE', #3803, 1000.000000000000114 ) ;
#1771 = FACE_OUTER_BOUND ( 'NONE', #739, .T. ) ;
#1772 = ORIENTED_EDGE ( 'NONE', *, *, #2447, .F. ) ;
#1773 = VECTOR ( 'NONE', #2681, 1000.000000000000000 ) ;
#1774 = DIRECTION ( 'NONE',  ( 0.000000000000000000, 1.000000000000000000, 0.000000000000000000 ) ) ;
#1775 = VECTOR ( 'NONE', #3016, 1000.000000000000114 ) ;
#1776 = ORIENTED_EDGE ( 'NONE', *, *, #941, .F. ) ;
#1777 = ORIENTED_EDGE ( 'NONE', *, *, #1123, .T. ) ;
#1778 = SURFACE_STYLE_USAGE ( .BOTH. , #1569 ) ;
#1779 = CARTESIAN_POINT ( 'NONE',  ( 0.000000000000000000, 0.5000000000000000000, 0.000000000000000000 ) ) ;
#1780 = ORIENTED_EDGE ( 'NONE', *, *, #3036, .T. ) ;
#1781 = CARTESIAN_POINT ( 'NONE',  ( -1.636501896889966142E-16, -0.3499999999999999778, 1.272610418006828725 ) ) ;
#1782 = FACE_OUTER_BOUND ( 'NONE', #3379, .T. ) ;
#1783 = CARTESIAN_POINT ( 'NONE',  ( 0.5659919705094587083, -0.2500000000000000000, 1.280489394457767549 ) ) ;
#1784 =( LENGTH_UNIT ( ) NAMED_UNIT ( * ) SI_UNIT ( .MILLI., .METRE. ) );
#1785 = SURFACE_SIDE_STYLE ('',( #569 ) ) ;
#1786 = ORIENTED_EDGE ( 'NONE', *, *, #2563, .F. ) ;
#1787 =( LENGTH_UNIT ( ) NAMED_UNIT ( * ) SI_UNIT ( .MILLI., .METRE. ) );
#1788 = FACE_OUTER_BOUND ( 'NONE', #3023, .T. ) ;
#1789 = ORIENTED_EDGE ( 'NONE', *, *, #446, .T. ) ;
#1790 = PRESENTATION_LAYER_ASSIGNMENT (  '', '', ( #1481 ) ) ;
#1791 = EDGE_CURVE ( 'NONE', #2254, #1461, #842, .T. ) ;
#1792 = ORIENTED_EDGE ( 'NONE', *, *, #457, .F. ) ;
#1793 = ORIENTED_EDGE ( 'NONE', *, *, #1685, .T. ) ;
#1794 = DIRECTION ( 'NONE',  ( 0.000000000000000000, 0.000000000000000000, 1.000000000000000000 ) ) ;
#1795 = FACE_OUTER_BOUND ( 'NONE', #1065, .T. ) ;
#1796 = DIRECTION ( 'NONE',  ( 0.7081841406410521733, -0.000000000000000000, 0.7060277777428408674 ) ) ;
#1797 = EDGE_CURVE ( 'NONE', #759, #1649, #866, .T. ) ;
#1798 = DIRECTION ( 'NONE',  ( 0.000000000000000000, -1.000000000000000000, 0.000000000000000000 ) ) ;
#1799 = VERTEX_POINT ( 'NONE', #2065 ) ;
#1800 = UNCERTAINTY_MEASURE_WITH_UNIT (LENGTH_MEASURE( 1.000000000000000082E-05 ), #39, 'distance_accuracy_value', 'NONE');
#1801 = ORIENTED_EDGE ( 'NONE', *, *, #2036, .T. ) ;
#1802 = DIRECTION ( 'NONE',  ( 0.7071067811865426878, 0.000000000000000000, 0.7071067811865522357 ) ) ;
#1803 = CARTESIAN_POINT ( 'NONE',  ( -1.000000000000000222, 1.000000000000000000, -1.999999999999999556 ) ) ;
#1804 = EDGE_CURVE ( 'NONE', #2788, #2919, #3278, .T. ) ;
#1805 = DIRECTION ( 'NONE',  ( -2.891205793294678326E-16, 0.000000000000000000, -1.000000000000000000 ) ) ;
#1806 = ADVANCED_FACE ( 'NONE', ( #2084 ), #3888, .T. ) ;
#1807 = LINE ( 'NONE', #298, #2496 ) ;
#1808 = DIRECTION ( 'NONE',  ( 0.000000000000000000, 1.000000000000000000, 0.000000000000000000 ) ) ;
#1809 = VECTOR ( 'NONE', #327, 1000.000000000000000 ) ;
#1810 =( NAMED_UNIT ( * ) SI_UNIT ( $, .STERADIAN. ) SOLID_ANGLE_UNIT ( ) );
#1811 = ORIENTED_EDGE ( 'NONE', *, *, #2447, .T. ) ;
#1812 = DIRECTION ( 'NONE',  ( 0.000000000000000000, 1.000000000000000000, 0.000000000000000000 ) ) ;
#1813 =( NAMED_UNIT ( * ) PLANE_ANGLE_UNIT ( ) SI_UNIT ( $, .RADIAN. ) );
#1814 = PRESENTATION_LAYER_ASSIGNMENT (  '', '', ( #2327 ) ) ;
#1815 = SURFACE_STYLE_FILL_AREA ( #2398 ) ;
#1816 = EDGE_LOOP ( 'NONE', ( #3029, #1301, #2308, #703, #2665 ) ) ;
#1817 = EDGE_CURVE ( 'NONE', #1644, #2242, #677, .T. ) ;
#1818 = MECHANICAL_DESIGN_GEOMETRIC_PRESENTATION_REPRESENTATION (  '', ( #2136 ), #2206 ) ;
#1819 = VECTOR ( 'NONE', #2744, 1000.000000000000000 ) ;
#1820 =( NAMED_UNIT ( * ) PLANE_ANGLE_UNIT ( ) SI_UNIT ( $, .RADIAN. ) );
#1821 = ORIENTED_EDGE ( 'NONE', *, *, #20, .T. ) ;
#1822 = VECTOR ( 'NONE', #2053, 1000.000000000000000 ) ;
#1823 =( GEOMETRIC_REPRESENTATION_CONTEXT ( 3 ) GLOBAL_UNCERTAINTY_ASSIGNED_CONTEXT ( ( #2080 ) ) GLOBAL_UNIT_ASSIGNED_CONTEXT ( ( #137, #2227, #3397 ) ) REPRESENTATION_CONTEXT ( 'NONE', 'WORKASPACE' ) );
#1824 = VERTEX_POINT ( 'NONE', #3570 ) ;
#1825 = DIRECTION ( 'NONE',  ( -0.000000000000000000, -1.000000000000000000, -0.000000000000000000 ) ) ;
#1826 = DIRECTION ( 'NONE',  ( -0.7081841406410537276, 0.000000000000000000, -0.7060277777428393131 ) ) ;
#1827 = DIRECTION ( 'NONE',  ( -0.7070977809625080823, 0.000000000000000000, -0.7071157812960313649 ) ) ;
#1828 = MECHANICAL_DESIGN_GEOMETRIC_PRESENTATION_REPRESENTATION (  '', ( #3741 ), #3424 ) ;
#1829 = EDGE_CURVE ( 'NONE', #3860, #1227, #2748, .T. ) ;
#1830 = VERTEX_POINT ( 'NONE', #3260 ) ;
#1831 = ORIENTED_EDGE ( 'NONE', *, *, #1872, .F. ) ;
#1832 = CARTESIAN_POINT ( 'NONE',  ( 0.000000000000000000, 1.000000000000000000, 1.399999999999999911 ) ) ;
#1833 = PRESENTATION_STYLE_ASSIGNMENT (( #912 ) ) ;
#1834 = PRESENTATION_LAYER_ASSIGNMENT (  '', '', ( #3547 ) ) ;
#1835 = DIRECTION ( 'NONE',  ( -0.000000000000000000, -1.000000000000000000, -0.000000000000000000 ) ) ;
#1836 = ORIENTED_EDGE ( 'NONE', *, *, #3689, .T. ) ;
#1837 = STYLED_ITEM ( 'NONE', ( #860 ), #2263 ) ;
#1838 = DIRECTION ( 'NONE',  ( -0.000000000000000000, 1.000000000000000000, -0.000000000000000000 ) ) ;
#1839 =( NAMED_UNIT ( * ) PLANE_ANGLE_UNIT ( ) SI_UNIT ( $, .RADIAN. ) );
#1840 =( LENGTH_UNIT ( ) NAMED_UNIT ( * ) SI_UNIT ( .MILLI., .METRE. ) );
#1841 = VECTOR ( 'NONE', #3137, 1000.000000000000000 ) ;
#1842 = ORIENTED_EDGE ( 'NONE', *, *, #135, .T. ) ;
#1843 = AXIS2_PLACEMENT_3D ( 'NONE', #1415, #798, #832 ) ;
#1844 = ADVANCED_FACE ( 'NONE', ( #568 ), #893, .F. ) ;
#1845 = DIRECTION ( 'NONE',  ( 0.000000000000000000, 1.000000000000000000, 0.000000000000000000 ) ) ;
#1846 = EDGE_LOOP ( 'NONE', ( #2707, #2042, #1789, #1166, #2381, #661 ) ) ;
#1847 = MECHANICAL_DESIGN_GEOMETRIC_PRESENTATION_REPRESENTATION (  '', ( #2623 ), #503 ) ;
#1848 = SURFACE_STYLE_USAGE ( .BOTH. , #641 ) ;
#1849 =( LENGTH_UNIT ( ) NAMED_UNIT ( * ) SI_UNIT ( .MILLI., .METRE. ) );
#1850 = PRESENTATION_LAYER_ASSIGNMENT (  '', '', ( #885 ) ) ;
#1851 = ORIENTED_EDGE ( 'NONE', *, *, #400, .F. ) ;
#1852 = UNCERTAINTY_MEASURE_WITH_UNIT (LENGTH_MEASURE( 1.000000000000000082E-05 ), #1905, 'distance_accuracy_value', 'NONE');
#1853 = ORIENTED_EDGE ( 'NONE', *, *, #1858, .T. ) ;
#1854 = CARTESIAN_POINT ( 'NONE',  ( -2.000000000000000000, 1.000000000000000000, 2.000000000000000000 ) ) ;
#1855 = CARTESIAN_POINT ( 'NONE',  ( 0.9292893218813452760, 0.5000000000000000000, 1.929289321881345387 ) ) ;
#1856 = EDGE_CURVE ( 'NONE', #2024, #237, #3061, .T. ) ;
#1857 = LINE ( 'NONE', #1231, #2989 ) ;
#1858 = EDGE_CURVE ( 'NONE', #831, #1312, #2973, .T. ) ;
#1859 = ORIENTED_EDGE ( 'NONE', *, *, #1410, .T. ) ;
#1860 = CARTESIAN_POINT ( 'NONE',  ( 1.257744309980915798, 0.5000000000000000000, 1.859949467328139372 ) ) ;
#1861 = ADVANCED_FACE ( 'NONE', ( #2392 ), #3809, .F. ) ;
#1862 = FILL_AREA_STYLE ('',( #3468 ) ) ;
#1863 = ORIENTED_EDGE ( 'NONE', *, *, #3297, .T. ) ;
#1864 = EDGE_CURVE ( 'NONE', #2525, #3572, #2910, .T. ) ;
#1865 = ADVANCED_FACE ( 'NONE', ( #153 ), #2929, .F. ) ;
#1866 = PRESENTATION_STYLE_ASSIGNMENT (( #3312 ) ) ;
#1867 = ORIENTED_EDGE ( 'NONE', *, *, #1059, .T. ) ;
#1868 = FILL_AREA_STYLE ('',( #1568 ) ) ;
#1869 = DIRECTION ( 'NONE',  ( -0.7071067811865524577, 0.000000000000000000, -0.7071067811865426878 ) ) ;
#1870 = PLANE ( 'NONE',  #792 ) ;
#1871 = ORIENTED_EDGE ( 'NONE', *, *, #1180, .T. ) ;
#1872 = EDGE_CURVE ( 'NONE', #1649, #3000, #2280, .T. ) ;
#1873 = DIRECTION ( 'NONE',  ( 0.000000000000000000, 1.000000000000000000, 0.000000000000000000 ) ) ;
#1874 = CARTESIAN_POINT ( 'NONE',  ( -1.353176370287435759, 0.5000000000000000000, -1.934207974095810023 ) ) ;
#1875 = LINE ( 'NONE', #31, #1409 ) ;
#1876 = AXIS2_PLACEMENT_3D ( 'NONE', #3749, #1061, #3156 ) ;
#1877 = CARTESIAN_POINT ( 'NONE',  ( 1.342598203736440121, 0.5000000000000000000, 1.944801201043639516 ) ) ;
#1878 = FILL_AREA_STYLE_COLOUR ( '', #750 ) ;
#1879 = ORIENTED_EDGE ( 'NONE', *, *, #2097, .F. ) ;
#1880 = CYLINDRICAL_SURFACE ( 'NONE', #3688, 0.1199999999999998845 ) ;
#1881 = CARTESIAN_POINT ( 'NONE',  ( -1.151020540210583309, 1.000000000000000000, -1.848979459789416468 ) ) ;
#1882 = COLOUR_RGB ( '',0.6470588235294117974, 0.6196078431372549211, 0.5882352941176470784 ) ;
#1883 = FACE_OUTER_BOUND ( 'NONE', #3318, .T. ) ;
#1884 = VERTEX_POINT ( 'NONE', #480 ) ;
#1885 = EDGE_CURVE ( 'NONE', #2788, #1668, #2256, .T. ) ;
#1886 = EDGE_LOOP ( 'NONE', ( #3314, #3369, #1304, #2498 ) ) ;
#1887 = LINE ( 'NONE', #3215, #3736 ) ;
#1888 = AXIS2_PLACEMENT_3D ( 'NONE', #922, #2471, #3653 ) ;
#1889 = VERTEX_POINT ( 'NONE', #1407 ) ;
#1890 = ADVANCED_FACE ( 'NONE', ( #498 ), #1383, .F. ) ;
#1891 = UNCERTAINTY_MEASURE_WITH_UNIT (LENGTH_MEASURE( 1.000000000000000082E-05 ), #3229, 'distance_accuracy_value', 'NONE');
#1892 = SURFACE_STYLE_USAGE ( .BOTH. , #2208 ) ;
#1893 = FACE_OUTER_BOUND ( 'NONE', #3252, .T. ) ;
#1894 = PRESENTATION_LAYER_ASSIGNMENT (  '', '', ( #2136 ) ) ;
#1895 = VERTEX_POINT ( 'NONE', #1967 ) ;
#1896 = VECTOR ( 'NONE', #1079, 1000.000000000000114 ) ;
#1897 = ORIENTED_EDGE ( 'NONE', *, *, #2880, .F. ) ;
#1898 = CARTESIAN_POINT ( 'NONE',  ( 1.121518125959347634, 1.000000000000000000, 1.802099494436238958 ) ) ;
#1899 = CARTESIAN_POINT ( 'NONE',  ( 1.942127013025817694, 1.000000000000000000, 1.244452586400646377 ) ) ;
#1900 = LINE ( 'NONE', #1600, #3295 ) ;
#1901 = PRESENTATION_LAYER_ASSIGNMENT (  '', '', ( #3112 ) ) ;
#1902 =( LENGTH_UNIT ( ) NAMED_UNIT ( * ) SI_UNIT ( .MILLI., .METRE. ) );
#1903 = ORIENTED_EDGE ( 'NONE', *, *, #1148, .T. ) ;
#1904 = CARTESIAN_POINT ( 'NONE',  ( 1.848979459789416691, 1.000000000000000000, 1.151020540210582865 ) ) ;
#1905 =( LENGTH_UNIT ( ) NAMED_UNIT ( * ) SI_UNIT ( .MILLI., .METRE. ) );
#1906 = STYLED_ITEM ( 'NONE', ( #1365 ), #2002 ) ;
#1907 = DIRECTION ( 'NONE',  ( -0.7060277777428420887, 0.000000000000000000, -0.7081841406410509521 ) ) ;
#1908 = ORIENTED_EDGE ( 'NONE', *, *, #3524, .T. ) ;
#1909 = VECTOR ( 'NONE', #997, 1000.000000000000000 ) ;
#1910 = SURFACE_STYLE_FILL_AREA ( #741 ) ;
#1911 = PRESENTATION_LAYER_ASSIGNMENT (  '', '', ( #2935 ) ) ;
#1912 =( LENGTH_UNIT ( ) NAMED_UNIT ( * ) SI_UNIT ( .MILLI., .METRE. ) );
#1913 = EDGE_LOOP ( 'NONE', ( #1591, #3891, #1213, #1753 ) ) ;
#1914 = DIRECTION ( 'NONE',  ( 0.000000000000000000, 1.000000000000000000, 0.000000000000000000 ) ) ;
#1915 = DIRECTION ( 'NONE',  ( -0.7071157812960315869, 0.000000000000000000, -0.7070977809625080823 ) ) ;
#1916 = VECTOR ( 'NONE', #1098, 1000.000000000000114 ) ;
#1917 = VECTOR ( 'NONE', #2052, 1000.000000000000000 ) ;
#1918 = AXIS2_PLACEMENT_3D ( 'NONE', #3363, #3341, #1553 ) ;
#1919 = LINE ( 'NONE', #2248, #1896 ) ;
#1920 = EDGE_CURVE ( 'NONE', #3261, #597, #2612, .T. ) ;
#1921 = DIRECTION ( 'NONE',  ( -1.000000000000000000, 0.000000000000000000, 2.220446049250313081E-16 ) ) ;
#1922 = ORIENTED_EDGE ( 'NONE', *, *, #848, .F. ) ;
#1923 = PLANE ( 'NONE',  #3717 ) ;
#1925 = EDGE_CURVE ( 'NONE', #2387, #3116, #2303, .T. ) ;
#1924 = CARTESIAN_POINT ( 'NONE',  ( 0.9999999999999991118, 1.000000000000000000, -2.000000000000000000 ) ) ;
#1926 =( NAMED_UNIT ( * ) SI_UNIT ( $, .STERADIAN. ) SOLID_ANGLE_UNIT ( ) );
#1927 = LINE ( 'NONE', #1881, #1978 ) ;
#1928 =( NAMED_UNIT ( * ) SI_UNIT ( $, .STERADIAN. ) SOLID_ANGLE_UNIT ( ) );
#1929 = ORIENTED_EDGE ( 'NONE', *, *, #984, .T. ) ;
#1930 = CARTESIAN_POINT ( 'NONE',  ( -2.000000000000000888, 0.000000000000000000, -1.000000000000000000 ) ) ;
#1931 = LINE ( 'NONE', #3147, #2468 ) ;
#1932 = ORIENTED_EDGE ( 'NONE', *, *, #2300, .F. ) ;
#1933 = CARTESIAN_POINT ( 'NONE',  ( 1.903919961059188370, 0.5000000000000000000, 1.181419686669083369 ) ) ;
#1934 = SURFACE_STYLE_USAGE ( .BOTH. , #1095 ) ;
#1935 = FACE_OUTER_BOUND ( 'NONE', #1269, .T. ) ;
#1936 = PRESENTATION_STYLE_ASSIGNMENT (( #1341 ) ) ;
#1937 = DIRECTION ( 'NONE',  ( -0.7071067811865477948, 0.000000000000000000, -0.7071067811865473507 ) ) ;
#1938 = EDGE_CURVE ( 'NONE', #3000, #72, #2864, .T. ) ;
#1939 = CARTESIAN_POINT ( 'NONE',  ( -1.838122338896785335, 0.5000000000000000000, -1.235983643373856244 ) ) ;
#1940 = ORIENTED_EDGE ( 'NONE', *, *, #1804, .F. ) ;
#1941 = DIRECTION ( 'NONE',  ( -0.7071067811865477948, 0.000000000000000000, 0.7071067811865473507 ) ) ;
#1942 = DIRECTION ( 'NONE',  ( 0.7071067811865475727, -0.000000000000000000, 0.7071067811865475727 ) ) ;
#1943 = FACE_OUTER_BOUND ( 'NONE', #2147, .T. ) ;
#1944 = DIRECTION ( 'NONE',  ( 0.000000000000000000, 1.000000000000000000, 0.000000000000000000 ) ) ;
#1945 = DIRECTION ( 'NONE',  ( 0.000000000000000000, -1.000000000000000000, 0.000000000000000000 ) ) ;
#1946 = ORIENTED_EDGE ( 'NONE', *, *, #2651, .T. ) ;
#1947 = CARTESIAN_POINT ( 'NONE',  ( -1.339034414668185402, 0.5000000000000000000, -1.920065658469889192 ) ) ;
#1948 = ORIENTED_EDGE ( 'NONE', *, *, #1320, .F. ) ;
#1949 =( NAMED_UNIT ( * ) SI_UNIT ( $, .STERADIAN. ) SOLID_ANGLE_UNIT ( ) );
#1950 = EDGE_CURVE ( 'NONE', #3085, #2214, #2571, .T. ) ;
#1951 = ORIENTED_EDGE ( 'NONE', *, *, #3027, .F. ) ;
#1952 = AXIS2_PLACEMENT_3D ( 'NONE', #2091, #1543, #3646 ) ;
#1953 = LINE ( 'NONE', #3166, #2937 ) ;
#1954 = PRESENTATION_STYLE_ASSIGNMENT (( #3796 ) ) ;
#1955 = FACE_OUTER_BOUND ( 'NONE', #3716, .T. ) ;
#1956 = AXIS2_PLACEMENT_3D ( 'NONE', #3527, #3211, #2696 ) ;
#1957 = LINE ( 'NONE', #767, #3418 ) ;
#1958 = PLANE ( 'NONE',  #179 ) ;
#1959 = COLOUR_RGB ( '',0.6470588235294117974, 0.6196078431372549211, 0.5882352941176470784 ) ;
#1960 = FACE_OUTER_BOUND ( 'NONE', #3880, .T. ) ;
#1961 = DIRECTION ( 'NONE',  ( 0.000000000000000000, 1.000000000000000000, 0.000000000000000000 ) ) ;
#1962 = FACE_OUTER_BOUND ( 'NONE', #3073, .T. ) ;
#1963 = VECTOR ( 'NONE', #288, 1000.000000000000114 ) ;
#1964 = CIRCLE ( 'NONE', #2540, 1.399999999999999911 ) ;
#1965 = FACE_OUTER_BOUND ( 'NONE', #706, .T. ) ;
#1966 = ORIENTED_EDGE ( 'NONE', *, *, #262, .F. ) ;
#1967 = CARTESIAN_POINT ( 'NONE',  ( -1.808103301846330169, 1.000000000000000000, -1.140595712195098699 ) ) ;
#1968 = VECTOR ( 'NONE', #1104, 1000.000000000000000 ) ;
#1969 = SURFACE_SIDE_STYLE ('',( #1910 ) ) ;
#1970 = SURFACE_STYLE_FILL_AREA ( #3715 ) ;
#1971 = ORIENTED_EDGE ( 'NONE', *, *, #3005, .F. ) ;
#1972 = DIRECTION ( 'NONE',  ( 0.000000000000000000, 1.000000000000000000, 0.000000000000000000 ) ) ;
#1973 = VECTOR ( 'NONE', #646, 1000.000000000000000 ) ;
#1974 = DIRECTION ( 'NONE',  ( -0.9538793117875775662, 0.000000000000000000, 0.3001903705045475546 ) ) ;
#1975 = AXIS2_PLACEMENT_3D ( 'NONE', #1486, #2713, #3900 ) ;
#1976 = PRESENTATION_STYLE_ASSIGNMENT (( #2247 ) ) ;
#1977 = DIRECTION ( 'NONE',  ( -0.000000000000000000, 1.000000000000000000, -0.000000000000000000 ) ) ;
#1978 = VECTOR ( 'NONE', #3411, 1000.000000000000114 ) ;
#1979 =( NAMED_UNIT ( * ) PLANE_ANGLE_UNIT ( ) SI_UNIT ( $, .RADIAN. ) );
#1980 = EDGE_CURVE ( 'NONE', #3915, #3004, #450, .T. ) ;
#1981 = DIRECTION ( 'NONE',  ( -0.000000000000000000, 1.000000000000000000, -0.000000000000000000 ) ) ;
#1982 = DIRECTION ( 'NONE',  ( -0.000000000000000000, -1.000000000000000000, -0.000000000000000000 ) ) ;
#1983 = DIRECTION ( 'NONE',  ( 0.7081841406410559481, 0.000000000000000000, 0.7060277777428373147 ) ) ;
#1984 = ORIENTED_EDGE ( 'NONE', *, *, #1864, .T. ) ;
#1985 = EDGE_CURVE ( 'NONE', #992, #3469, #2896, .T. ) ;
#1986 = FILL_AREA_STYLE_COLOUR ( '', #1882 ) ;
#1987 = CARTESIAN_POINT ( 'NONE',  ( 1.667300680597866958, 0.5000000000000000000, 1.247871026164795172 ) ) ;
#1988 = ORIENTED_EDGE ( 'NONE', *, *, #2822, .F. ) ;
#1989 = EDGE_CURVE ( 'NONE', #3004, #7, #434, .T. ) ;
#1990 = CARTESIAN_POINT ( 'NONE',  ( -1.167040367566442027, 0.5000000000000000000, -1.748378213665942260 ) ) ;
#1991 = SURFACE_SIDE_STYLE ('',( #1713 ) ) ;
#1992 = EDGE_CURVE ( 'NONE', #1294, #3469, #1008, .T. ) ;
#1993 = LINE ( 'NONE', #476, #3090 ) ;
#1994 = SURFACE_STYLE_FILL_AREA ( #735 ) ;
#1995 = PLANE ( 'NONE',  #1956 ) ;
#1996 = SURFACE_STYLE_USAGE ( .BOTH. , #466 ) ;
#1997 = LINE ( 'NONE', #479, #3283 ) ;
#1998 = CARTESIAN_POINT ( 'NONE',  ( -1.181204050379262904, 0.5000000000000000000, -1.762498769220798955 ) ) ;
#1999 = LINE ( 'NONE', #3826, #3267 ) ;
#2000 = COLOUR_RGB ( '',0.6470588235294117974, 0.6196078431372549211, 0.5882352941176470784 ) ;
#2001 = DIRECTION ( 'NONE',  ( 0.7071067811865476838, -0.000000000000000000, 0.7071067811865474617 ) ) ;
#2002 = ADVANCED_FACE ( 'NONE', ( #1327 ), #130, .F. ) ;
#2003 = ORIENTED_EDGE ( 'NONE', *, *, #2323, .T. ) ;
#2004 = FILL_AREA_STYLE_COLOUR ( '', #3534 ) ;
#2005 = VERTEX_POINT ( 'NONE', #867 ) ;
#2006 = PRESENTATION_STYLE_ASSIGNMENT (( #2641 ) ) ;
#2007 = DIRECTION ( 'NONE',  ( 0.000000000000000000, 1.000000000000000000, 0.000000000000000000 ) ) ;
#2008 = PRESENTATION_LAYER_ASSIGNMENT (  '', '', ( #285 ) ) ;
#2009 = FILL_AREA_STYLE ('',( #2657 ) ) ;
#2010 =( GEOMETRIC_REPRESENTATION_CONTEXT ( 3 ) GLOBAL_UNCERTAINTY_ASSIGNED_CONTEXT ( ( #293 ) ) GLOBAL_UNIT_ASSIGNED_CONTEXT ( ( #2578, #1035, #3815 ) ) REPRESENTATION_CONTEXT ( 'NONE', 'WORKASPACE' ) );
#2011 = PRESENTATION_STYLE_ASSIGNMENT (( #3822 ) ) ;
#2012 = VECTOR ( 'NONE', #3625, 999.9999999999998863 ) ;
#2013 = PLANE ( 'NONE',  #2418 ) ;
#2014 = DIRECTION ( 'NONE',  ( -0.000000000000000000, -1.000000000000000000, -0.000000000000000000 ) ) ;
#2015 = LINE ( 'NONE', #3514, #355 ) ;
#2016 = VECTOR ( 'NONE', #2574, 1000.000000000000000 ) ;
#2017 = DIRECTION ( 'NONE',  ( -0.7081841406410491757, 0.000000000000000000, -0.7060277777428439760 ) ) ;
#2018 = ORIENTED_EDGE ( 'NONE', *, *, #2928, .T. ) ;
#2019 = PRESENTATION_LAYER_ASSIGNMENT (  '', '', ( #1328 ) ) ;
#2020 = EDGE_CURVE ( 'NONE', #3149, #2815, #3117, .T. ) ;
#2021 = STYLED_ITEM ( 'NONE', ( #12 ), #1861 ) ;
#2022 = EDGE_CURVE ( 'NONE', #721, #2964, #2110, .T. ) ;
#2023 =( GEOMETRIC_REPRESENTATION_CONTEXT ( 3 ) GLOBAL_UNCERTAINTY_ASSIGNED_CONTEXT ( ( #2660 ) ) GLOBAL_UNIT_ASSIGNED_CONTEXT ( ( #1060, #2270, #1082 ) ) REPRESENTATION_CONTEXT ( 'NONE', 'WORKASPACE' ) );
#2024 = VERTEX_POINT ( 'NONE', #1747 ) ;
#2025 = LINE ( 'NONE', #2058, #3227 ) ;
#2026 = VECTOR ( 'NONE', #2828, 1000.000000000000000 ) ;
#2027 = SURFACE_STYLE_FILL_AREA ( #1493 ) ;
#2028 =( GEOMETRIC_REPRESENTATION_CONTEXT ( 3 ) GLOBAL_UNCERTAINTY_ASSIGNED_CONTEXT ( ( #3704 ) ) GLOBAL_UNIT_ASSIGNED_CONTEXT ( ( #2954, #3561, #221 ) ) REPRESENTATION_CONTEXT ( 'NONE', 'WORKASPACE' ) );
#2029 = MECHANICAL_DESIGN_GEOMETRIC_PRESENTATION_REPRESENTATION (  '', ( #3685 ), #2226 ) ;
#2030 = DIRECTION ( 'NONE',  ( -0.7071067811865471286, 0.000000000000000000, -0.7071067811865479058 ) ) ;
#2031 = ADVANCED_FACE ( 'NONE', ( #825 ), #1476, .F. ) ;
#2032 =( NAMED_UNIT ( * ) SI_UNIT ( $, .STERADIAN. ) SOLID_ANGLE_UNIT ( ) );
#2033 = COLOUR_RGB ( '',0.6470588235294117974, 0.6196078431372549211, 0.5882352941176470784 ) ;
#2034 = CARTESIAN_POINT ( 'NONE',  ( 1.122595366505620529, 0.5000000000000000000, 1.877404633494379471 ) ) ;
#2035 = VECTOR ( 'NONE', #3609, 1000.000000000000000 ) ;
#2036 = EDGE_CURVE ( 'NONE', #1506, #1219, #807, .T. ) ;
#2037 = SURFACE_STYLE_USAGE ( .BOTH. , #3571 ) ;
#2038 = DIRECTION ( 'NONE',  ( 2.891205793294678326E-16, 0.000000000000000000, 1.000000000000000000 ) ) ;
#2039 = FILL_AREA_STYLE_COLOUR ( '', #3028 ) ;
#2040 = AXIS2_PLACEMENT_3D ( 'NONE', #110, #148, #1360 ) ;
#2041 =( LENGTH_UNIT ( ) NAMED_UNIT ( * ) SI_UNIT ( .MILLI., .METRE. ) );
#2042 = ORIENTED_EDGE ( 'NONE', *, *, #1791, .T. ) ;
#2043 = ORIENTED_EDGE ( 'NONE', *, *, #1114, .F. ) ;
#2044 = LINE ( 'NONE', #3593, #2082 ) ;
#2045 = DIRECTION ( 'NONE',  ( 0.000000000000000000, 0.000000000000000000, 1.000000000000000000 ) ) ;
#2046 = EDGE_LOOP ( 'NONE', ( #1544, #1940, #3216, #1020, #3656 ) ) ;
#2047 = UNCERTAINTY_MEASURE_WITH_UNIT (LENGTH_MEASURE( 1.000000000000000082E-05 ), #2761, 'distance_accuracy_value', 'NONE');
#2048 = DIRECTION ( 'NONE',  ( -0.000000000000000000, -1.000000000000000000, -0.000000000000000000 ) ) ;
#2049 = DIRECTION ( 'NONE',  ( -0.7081841406410502859, 0.000000000000000000, 0.7060277777428427548 ) ) ;
#2050 = CARTESIAN_POINT ( 'NONE',  ( -1.268324636571934283, 0.5000000000000000000, -1.849354080340286366 ) ) ;
#2051 = ORIENTED_EDGE ( 'NONE', *, *, #1390, .F. ) ;
#2052 = DIRECTION ( 'NONE',  ( 0.7071067811865474617, 0.000000000000000000, -0.7071067811865475727 ) ) ;
#2053 = DIRECTION ( 'NONE',  ( -0.7071067811865472397, -0.000000000000000000, 0.7071067811865479058 ) ) ;
#2054 = ORIENTED_EDGE ( 'NONE', *, *, #1469, .T. ) ;
#2055 = ADVANCED_FACE ( 'NONE', ( #1182 ), #2393, .F. ) ;
#2056 = STYLED_ITEM ( 'NONE', ( #1658 ), #1247 ) ;
#2057 = ORIENTED_EDGE ( 'NONE', *, *, #20, .F. ) ;
#2058 = CARTESIAN_POINT ( 'NONE',  ( 1.762498769220799177, 0.5000000000000000000, 1.181204050379262460 ) ) ;
#2059 = VERTEX_POINT ( 'NONE', #52 ) ;
#2060 = STYLED_ITEM ( 'NONE', ( #3130 ), #75 ) ;
#2061 = FILL_AREA_STYLE_COLOUR ( '', #307 ) ;
#2062 = FILL_AREA_STYLE ('',( #3302 ) ) ;
#2063 = CARTESIAN_POINT ( 'NONE',  ( -1.944801201043639738, 1.000000000000000000, -1.342598203736439899 ) ) ;
#2064 = CIRCLE ( 'NONE', #1888, 0.09999999999999982514 ) ;
#2065 = CARTESIAN_POINT ( 'NONE',  ( -2.000000000000000000, 1.000000000000000000, 2.000000000000000000 ) ) ;
#2066 = VERTEX_POINT ( 'NONE', #3345 ) ;
#2067 = CYLINDRICAL_SURFACE ( 'NONE', #1459, 0.1199999999999998845 ) ;
#2068 = PRESENTATION_STYLE_ASSIGNMENT (( #1559 ) ) ;
#2069 =( GEOMETRIC_REPRESENTATION_CONTEXT ( 3 ) GLOBAL_UNCERTAINTY_ASSIGNED_CONTEXT ( ( #3092 ) ) GLOBAL_UNIT_ASSIGNED_CONTEXT ( ( #1389, #124, #709 ) ) REPRESENTATION_CONTEXT ( 'NONE', 'WORKASPACE' ) );
#2070 = AXIS2_PLACEMENT_3D ( 'NONE', #1854, #319, #3077 ) ;
#2071 = ORIENTED_EDGE ( 'NONE', *, *, #3401, .T. ) ;
#2072 = SURFACE_SIDE_STYLE ('',( #593 ) ) ;
#2073 = VECTOR ( 'NONE', #1766, 1000.000000000000000 ) ;
#2074 = EDGE_LOOP ( 'NONE', ( #2204, #2220, #521, #46, #3307 ) ) ;
#2075 = ORIENTED_EDGE ( 'NONE', *, *, #2591, .F. ) ;
#2076 = AXIS2_PLACEMENT_3D ( 'NONE', #1734, #3306, #2088 ) ;
#2077 = CARTESIAN_POINT ( 'NONE',  ( 1.328455888110519512, 0.5000000000000000000, 1.930659245424389603 ) ) ;
#2078 = APPLICATION_PROTOCOL_DEFINITION ( 'draft international standard', 'automotive_design', 1998, #3765 ) ;
#2079 = ORIENTED_EDGE ( 'NONE', *, *, #1685, .F. ) ;
#2080 = UNCERTAINTY_MEASURE_WITH_UNIT (LENGTH_MEASURE( 1.000000000000000082E-05 ), #137, 'distance_accuracy_value', 'NONE');
#2081 = SURFACE_STYLE_USAGE ( .BOTH. , #891 ) ;
#2082 = VECTOR ( 'NONE', #2952, 1000.000000000000000 ) ;
#2083 = LINE ( 'NONE', #2063, #2085 ) ;
#2084 = FACE_OUTER_BOUND ( 'NONE', #120, .T. ) ;
#2085 = VECTOR ( 'NONE', #273, 1000.000000000000000 ) ;
#2086 = MECHANICAL_DESIGN_GEOMETRIC_PRESENTATION_REPRESENTATION (  '', ( #1527 ), #1277 ) ;
#2087 = EDGE_CURVE ( 'NONE', #1290, #964, #2157, .T. ) ;
#2088 = DIRECTION ( 'NONE',  ( -1.000000000000000000, 0.000000000000000000, 0.000000000000000000 ) ) ;
#2089 = ORIENTED_EDGE ( 'NONE', *, *, #974, .F. ) ;
#2090 = CARTESIAN_POINT ( 'NONE',  ( 1.920172494404391639, 0.5000000000000000000, 1.197721858797649475 ) ) ;
#2091 = CARTESIAN_POINT ( 'NONE',  ( -1.859949467328139594, 0.5000000000000000000, -1.257744309980915354 ) ) ;
#2092 = AXIS2_PLACEMENT_3D ( 'NONE', #3066, #3100, #961 ) ;
#2093 = ORIENTED_EDGE ( 'NONE', *, *, #974, .T. ) ;
#2094 = AXIS2_PLACEMENT_3D ( 'NONE', #822, #2720, #2106 ) ;
#2095 = CARTESIAN_POINT ( 'NONE',  ( -1.197721858797649919, 1.000000000000000000, -1.920172494404391417 ) ) ;
#2096 = ORIENTED_EDGE ( 'NONE', *, *, #3353, .F. ) ;
#2097 = EDGE_CURVE ( 'NONE', #2695, #971, #2480, .T. ) ;
#2098 = EDGE_CURVE ( 'NONE', #2913, #3256, #1646, .T. ) ;
#2099 = ORIENTED_EDGE ( 'NONE', *, *, #2236, .T. ) ;
#2100 = LINE ( 'NONE', #1194, #2814 ) ;
#2101 = DIRECTION ( 'NONE',  ( 0.3001903705045475546, -0.000000000000000000, 0.9538793117875775662 ) ) ;
#2102 = DIRECTION ( 'NONE',  ( 0.7070977809625080823, 0.000000000000000000, -0.7071157812960313649 ) ) ;
#2103 = ORIENTED_EDGE ( 'NONE', *, *, #643, .F. ) ;
#2104 = DIRECTION ( 'NONE',  ( 0.9538793117875775662, 0.000000000000000000, -0.3001903705045475546 ) ) ;
#2105 = CARTESIAN_POINT ( 'NONE',  ( 1.762498769220799177, 0.5000000000000000000, 1.181204050379262460 ) ) ;
#2106 = DIRECTION ( 'NONE',  ( -0.7081841406410502859, 0.000000000000000000, 0.7060277777428427548 ) ) ;
#2107 = EDGE_CURVE ( 'NONE', #2198, #3149, #3935, .T. ) ;
#2108 = LINE ( 'NONE', #3932, #3695 ) ;
#2109 = DIRECTION ( 'NONE',  ( -1.000000000000000000, 0.000000000000000000, 0.000000000000000000 ) ) ;
#2110 = LINE ( 'NONE', #1455, #938 ) ;
#2111 = ORIENTED_EDGE ( 'NONE', *, *, #511, .T. ) ;
#2112 =( NAMED_UNIT ( * ) SI_UNIT ( $, .STERADIAN. ) SOLID_ANGLE_UNIT ( ) );
#2113 = SURFACE_STYLE_FILL_AREA ( #896 ) ;
#2114 = ORIENTED_EDGE ( 'NONE', *, *, #1498, .F. ) ;
#2115 =( NAMED_UNIT ( * ) PLANE_ANGLE_UNIT ( ) SI_UNIT ( $, .RADIAN. ) );
#2116 = ORIENTED_EDGE ( 'NONE', *, *, #3473, .F. ) ;
#2117 = VERTEX_POINT ( 'NONE', #2832 ) ;
#2118 = SURFACE_SIDE_STYLE ('',( #2735 ) ) ;
#2119 = FILL_AREA_STYLE ('',( #1760 ) ) ;
#2120 = AXIS2_PLACEMENT_3D ( 'NONE', #3209, #1961, #3784 ) ;
#2121 = ORIENTED_EDGE ( 'NONE', *, *, #1728, .F. ) ;
#2122 = UNCERTAINTY_MEASURE_WITH_UNIT (LENGTH_MEASURE( 1.000000000000000082E-05 ), #3511, 'distance_accuracy_value', 'NONE');
#2123 = ORIENTED_EDGE ( 'NONE', *, *, #1320, .T. ) ;
#2124 =( NAMED_UNIT ( * ) SI_UNIT ( $, .STERADIAN. ) SOLID_ANGLE_UNIT ( ) );
#2125 = LINE ( 'NONE', #1874, #366 ) ;
#2126 = LINE ( 'NONE', #2152, #1091 ) ;
#2127 = DIRECTION ( 'NONE',  ( -0.7081841406410491757, 0.000000000000000000, -0.7060277777428439760 ) ) ;
#2128 = FILL_AREA_STYLE ('',( #1497 ) ) ;
#2129 = STYLED_ITEM ( 'NONE', ( #2613 ), #185 ) ;
#2130 = VERTEX_POINT ( 'NONE', #2213 ) ;
#2131 = CARTESIAN_POINT ( 'NONE',  ( 1.000000000000000000, 0.5000000000000000000, 2.000000000000000000 ) ) ;
#2132 = PRESENTATION_STYLE_ASSIGNMENT (( #258 ) ) ;
#2133 = MECHANICAL_DESIGN_GEOMETRIC_PRESENTATION_REPRESENTATION (  '', ( #285 ), #156 ) ;
#2134 = FILL_AREA_STYLE_COLOUR ( '', #1068 ) ;
#2135 = ORIENTED_EDGE ( 'NONE', *, *, #446, .F. ) ;
#2136 = STYLED_ITEM ( 'NONE', ( #3519 ), #515 ) ;
#2137 = COLOUR_RGB ( '',0.6470588235294117974, 0.6196078431372549211, 0.5882352941176470784 ) ;
#2138 = CARTESIAN_POINT ( 'NONE',  ( 1.999999999999999112, 1.000000000000000000, -1.000000000000000000 ) ) ;
#2139 = EDGE_LOOP ( 'NONE', ( #162, #1204, #3420, #875 ) ) ;
#2140 = EDGE_CURVE ( 'NONE', #1824, #3681, #1581, .T. ) ;
#2141 = COLOUR_RGB ( '',0.6470588235294117974, 0.6196078431372549211, 0.5882352941176470784 ) ;
#2142 = DIRECTION ( 'NONE',  ( 0.7071067811865473507, 0.000000000000000000, -0.7071067811865477948 ) ) ;
#2143 = FACE_OUTER_BOUND ( 'NONE', #3592, .T. ) ;
#2144 = VECTOR ( 'NONE', #2946, 1000.000000000000000 ) ;
#2145 = PRESENTATION_STYLE_ASSIGNMENT (( #2715 ) ) ;
#2146 = ORIENTED_EDGE ( 'NONE', *, *, #2445, .T. ) ;
#2147 = EDGE_LOOP ( 'NONE', ( #411, #3008, #1879, #1897, #3635, #3065, #315 ) ) ;
#2148 = AXIS2_PLACEMENT_3D ( 'NONE', #1998, #1645, #760 ) ;
#2149 = ADVANCED_FACE ( 'NONE', ( #2179 ), #34, .T. ) ;
#2150 = DIRECTION ( 'NONE',  ( 0.7081841406410527284, -0.000000000000000000, 0.7060277777428404233 ) ) ;
#2151 = CARTESIAN_POINT ( 'NONE',  ( 1.140595712195099143, 0.5000000000000000000, 1.808103301846329947 ) ) ;
#2152 = CARTESIAN_POINT ( 'NONE',  ( -1.929289321881345609, 1.000000000000000000, -0.9292893218813448319 ) ) ;
#2153 = VECTOR ( 'NONE', #2330, 1000.000000000000114 ) ;
#2154 = CARTESIAN_POINT ( 'NONE',  ( 0.5659919705094587083, -0.2500000000000000000, 1.280489394457767549 ) ) ;
#2155 = ADVANCED_FACE ( 'NONE', ( #1289 ), #934, .F. ) ;
#2156 = EDGE_CURVE ( 'NONE', #2570, #14, #435, .T. ) ;
#2157 = LINE ( 'NONE', #3368, #2343 ) ;
#2158 = ORIENTED_EDGE ( 'NONE', *, *, #905, .F. ) ;
#2159 =( NAMED_UNIT ( * ) PLANE_ANGLE_UNIT ( ) SI_UNIT ( $, .RADIAN. ) );
#2160 = DIRECTION ( 'NONE',  ( 0.000000000000000000, 1.000000000000000000, 0.000000000000000000 ) ) ;
#2161 = PRESENTATION_LAYER_ASSIGNMENT (  '', '', ( #2990 ) ) ;
#2162 = EDGE_CURVE ( 'NONE', #1884, #2570, #1318, .T. ) ;
#2163 = ORIENTED_EDGE ( 'NONE', *, *, #993, .F. ) ;
#2164 =( GEOMETRIC_REPRESENTATION_CONTEXT ( 3 ) GLOBAL_UNCERTAINTY_ASSIGNED_CONTEXT ( ( #3743 ) ) GLOBAL_UNIT_ASSIGNED_CONTEXT ( ( #2249, #398, #1017 ) ) REPRESENTATION_CONTEXT ( 'NONE', 'WORKASPACE' ) );
#2165 = AXIS2_PLACEMENT_3D ( 'NONE', #54, #2810, #3711 ) ;
#2166 =( NAMED_UNIT ( * ) SI_UNIT ( $, .STERADIAN. ) SOLID_ANGLE_UNIT ( ) );
#2167 = ORIENTED_EDGE ( 'NONE', *, *, #3754, .T. ) ;
#2168 = CIRCLE ( 'NONE', #2092, 0.09999999999999982514 ) ;
#2169 = DIRECTION ( 'NONE',  ( 0.000000000000000000, 0.000000000000000000, 1.000000000000000000 ) ) ;
#2170 = CARTESIAN_POINT ( 'NONE',  ( -1.930659245424389825, 1.000000000000000000, -1.328455888110519068 ) ) ;
#2171 = VECTOR ( 'NONE', #3542, 1000.000000000000000 ) ;
#2172 = EDGE_LOOP ( 'NONE', ( #2653, #3910, #1253, #3614, #907 ) ) ;
#2173 = UNCERTAINTY_MEASURE_WITH_UNIT (LENGTH_MEASURE( 1.000000000000000082E-05 ), #1172, 'distance_accuracy_value', 'NONE');
#2174 = ORIENTED_EDGE ( 'NONE', *, *, #1709, .F. ) ;
#2175 = LINE ( 'NONE', #1551, #2482 ) ;
#2176 = DIRECTION ( 'NONE',  ( -0.000000000000000000, -1.000000000000000000, -0.000000000000000000 ) ) ;
#2177 = SURFACE_SIDE_STYLE ('',( #3642 ) ) ;
#2178 = CARTESIAN_POINT ( 'NONE',  ( 1.257744309980915798, 1.000000000000000000, 1.859949467328139372 ) ) ;
#2179 = FACE_OUTER_BOUND ( 'NONE', #3894, .T. ) ;
#2180 = ORIENTED_EDGE ( 'NONE', *, *, #1502, .T. ) ;
#2181 = DIRECTION ( 'NONE',  ( 0.000000000000000000, 1.000000000000000000, 0.000000000000000000 ) ) ;
#2182 = CARTESIAN_POINT ( 'NONE',  ( 1.162903662160836182, 0.5000000000000000000, 1.670593587956011872 ) ) ;
#2183 = EDGE_CURVE ( 'NONE', #992, #1387, #2565, .T. ) ;
#2184 = SURFACE_SIDE_STYLE ('',( #701 ) ) ;
#2185 = ORIENTED_EDGE ( 'NONE', *, *, #3517, .F. ) ;
#2186 = CARTESIAN_POINT ( 'NONE',  ( -0.9292893218813457201, 0.5000000000000000000, -1.929289321881344277 ) ) ;
#2187 = VERTEX_POINT ( 'NONE', #2584 ) ;
#2188 = SURFACE_STYLE_USAGE ( .BOTH. , #2118 ) ;
#2189 = DIRECTION ( 'NONE',  ( 0.7070977809625080823, 0.000000000000000000, -0.7071157812960313649 ) ) ;
#2190 = CARTESIAN_POINT ( 'NONE',  ( 1.165165229309751860, 0.5000000000000000000, 1.908725116671069477 ) ) ;
#2191 = ADVANCED_FACE ( 'NONE', ( #1960 ), #2866, .T. ) ;
#2192 = ORIENTED_EDGE ( 'NONE', *, *, #2563, .T. ) ;
#2193 = FACE_OUTER_BOUND ( 'NONE', #1913, .T. ) ;
#2194 = DIRECTION ( 'NONE',  ( -0.7081841406410502859, 0.000000000000000000, 0.7060277777428427548 ) ) ;
#2195 = MECHANICAL_DESIGN_GEOMETRIC_PRESENTATION_REPRESENTATION (  '', ( #2056 ), #3649 ) ;
#2196 = DIRECTION ( 'NONE',  ( 0.000000000000000000, -0.000000000000000000, -1.000000000000000000 ) ) ;
#2197 = CARTESIAN_POINT ( 'NONE',  ( -1.858128143392687948, 1.000000000000000000, -1.141871856607312941 ) ) ;
#2198 = VERTEX_POINT ( 'NONE', #3465 ) ;
#2199 = MANIFOLD_SOLID_BREP ( 'Mirror1', #2523 ) ;
#2200 = CARTESIAN_POINT ( 'NONE',  ( 2.000000000000000000, 0.5000000000000000000, 0.9999999999999997780 ) ) ;
#2201 = DIRECTION ( 'NONE',  ( 0.000000000000000000, 0.000000000000000000, 1.000000000000000000 ) ) ;
#2202 = MECHANICAL_DESIGN_GEOMETRIC_PRESENTATION_REPRESENTATION (  '', ( #2260 ), #1742 ) ;
#2203 = DIRECTION ( 'NONE',  ( -0.7070977809625080823, 0.000000000000000000, -0.7071157812960313649 ) ) ;
#2204 = ORIENTED_EDGE ( 'NONE', *, *, #2697, .T. ) ;
#2205 = ORIENTED_EDGE ( 'NONE', *, *, #1872, .T. ) ;
#2206 =( GEOMETRIC_REPRESENTATION_CONTEXT ( 3 ) GLOBAL_UNCERTAINTY_ASSIGNED_CONTEXT ( ( #522 ) ) GLOBAL_UNIT_ASSIGNED_CONTEXT ( ( #1472, #3871, #2331 ) ) REPRESENTATION_CONTEXT ( 'NONE', 'WORKASPACE' ) );
#2207 = VERTEX_POINT ( 'NONE', #769 ) ;
#2208 = SURFACE_SIDE_STYLE ('',( #2533 ) ) ;
#2209 = SURFACE_STYLE_USAGE ( .BOTH. , #5 ) ;
#2210 = VECTOR ( 'NONE', #1711, 1000.000000000000114 ) ;
#2211 = VECTOR ( 'NONE', #1122, 1000.000000000000000 ) ;
#2212 = SURFACE_SIDE_STYLE ('',( #2502 ) ) ;
#2213 = CARTESIAN_POINT ( 'NONE',  ( -1.197721858797649919, 0.5000000000000000000, -1.920172494404391417 ) ) ;
#2214 = VERTEX_POINT ( 'NONE', #3208 ) ;
#2215 = DIRECTION ( 'NONE',  ( -0.7071067811865473507, 0.000000000000000000, 0.7071067811865477948 ) ) ;
#2216 = DIRECTION ( 'NONE',  ( 0.000000000000000000, 1.000000000000000000, 0.000000000000000000 ) ) ;
#2217 = COLOUR_RGB ( '',0.6470588235294117974, 0.6196078431372549211, 0.5882352941176470784 ) ;
#2218 = LINE ( 'NONE', #2237, #1347 ) ;
#2219 = CARTESIAN_POINT ( 'NONE',  ( 0.000000000000000000, 0.000000000000000000, 0.000000000000000000 ) ) ;
#2220 = ORIENTED_EDGE ( 'NONE', *, *, #2868, .F. ) ;
#2221 = CARTESIAN_POINT ( 'NONE',  ( 1.920065658469889414, 1.000000000000000000, 1.339034414668184958 ) ) ;
#2222 =( GEOMETRIC_REPRESENTATION_CONTEXT ( 3 ) GLOBAL_UNCERTAINTY_ASSIGNED_CONTEXT ( ( #640 ) ) GLOBAL_UNIT_ASSIGNED_CONTEXT ( ( #1611, #1078, #1317 ) ) REPRESENTATION_CONTEXT ( 'NONE', 'WORKASPACE' ) );
#2223 = SURFACE_STYLE_USAGE ( .BOTH. , #392 ) ;
#2224 = ORIENTED_EDGE ( 'NONE', *, *, #3161, .T. ) ;
#2225 = CIRCLE ( 'NONE', #1453, 1.272610418006828725 ) ;
#2226 =( GEOMETRIC_REPRESENTATION_CONTEXT ( 3 ) GLOBAL_UNCERTAINTY_ASSIGNED_CONTEXT ( ( #122 ) ) GLOBAL_UNIT_ASSIGNED_CONTEXT ( ( #968, #3921, #1509 ) ) REPRESENTATION_CONTEXT ( 'NONE', 'WORKASPACE' ) );
#2227 =( NAMED_UNIT ( * ) PLANE_ANGLE_UNIT ( ) SI_UNIT ( $, .RADIAN. ) );
#2228 = PRESENTATION_STYLE_ASSIGNMENT (( #1934 ) ) ;
#2229 =( GEOMETRIC_REPRESENTATION_CONTEXT ( 3 ) GLOBAL_UNCERTAINTY_ASSIGNED_CONTEXT ( ( #2917 ) ) GLOBAL_UNIT_ASSIGNED_CONTEXT ( ( #506, #3194, #463 ) ) REPRESENTATION_CONTEXT ( 'NONE', 'WORKASPACE' ) );
#2230 = ADVANCED_FACE ( 'NONE', ( #3139 ), #3783, .F. ) ;
#2231 = CARTESIAN_POINT ( 'NONE',  ( 1.849354080340286588, 0.5000000000000000000, 1.268324636571933839 ) ) ;
#2232 = ORIENTED_EDGE ( 'NONE', *, *, #1030, .F. ) ;
#2233 = FACE_OUTER_BOUND ( 'NONE', #1574, .T. ) ;
#2234 = CARTESIAN_POINT ( 'NONE',  ( -1.922845672225926617, 0.5000000000000000000, -1.151001546496930317 ) ) ;
#2235 = CARTESIAN_POINT ( 'NONE',  ( -1.167299131114226896, 1.000000000000000000, -1.918083643872009025 ) ) ;
#2236 = EDGE_CURVE ( 'NONE', #3116, #1824, #3012, .T. ) ;
#2237 = CARTESIAN_POINT ( 'NONE',  ( -1.670593587956012094, 1.000000000000000000, -1.162903662160835738 ) ) ;
#2238 = CARTESIAN_POINT ( 'NONE',  ( 1.151385656614439812, 0.5000000000000000000, 1.707192987148250518 ) ) ;
#2239 = VERTEX_POINT ( 'NONE', #2969 ) ;
#2240 = CARTESIAN_POINT ( 'NONE',  ( 1.235983643373856689, 0.5000000000000000000, 1.838122338896785113 ) ) ;
#2241 =( LENGTH_UNIT ( ) NAMED_UNIT ( * ) SI_UNIT ( .MILLI., .METRE. ) );
#2242 = VERTEX_POINT ( 'NONE', #2679 ) ;
#2243 = DIRECTION ( 'NONE',  ( 0.000000000000000000, 0.000000000000000000, 1.000000000000000000 ) ) ;
#2244 = CARTESIAN_POINT ( 'NONE',  ( 1.235028396297817244, -0.2500000000000000000, 1.951569203483445980 ) ) ;
#2245 = DIRECTION ( 'NONE',  ( 0.7070977809625079713, 0.000000000000000000, -0.7071157812960314759 ) ) ;
#2246 = ADVANCED_FACE ( 'NONE', ( #3869 ), #3852, .F. ) ;
#2247 = SURFACE_STYLE_USAGE ( .BOTH. , #711 ) ;
#2248 = CARTESIAN_POINT ( 'NONE',  ( 1.275922489608801280, 0.5000000000000000000, 0.5762133289941127057 ) ) ;
#2249 =( LENGTH_UNIT ( ) NAMED_UNIT ( * ) SI_UNIT ( .MILLI., .METRE. ) );
#2250 = FILL_AREA_STYLE_COLOUR ( '', #2000 ) ;
#2251 = LINE ( 'NONE', #3124, #1501 ) ;
#2252 = CARTESIAN_POINT ( 'NONE',  ( 1.833101546995083320, 0.5000000000000000000, 1.252022464443367733 ) ) ;
#2253 = CARTESIAN_POINT ( 'NONE',  ( -1.151020540210583976, 1.000000000000000000, -1.848979459789416913 ) ) ;
#2254 = VERTEX_POINT ( 'NONE', #1781 ) ;
#2255 = COLOUR_RGB ( '',0.6470588235294117974, 0.6196078431372549211, 0.5882352941176470784 ) ;
#2256 = LINE ( 'NONE', #3513, #306 ) ;
#2257 = CARTESIAN_POINT ( 'NONE',  ( 1.257744309980915798, 1.000000000000000000, 1.979949467328139256 ) ) ;
#2258 = LINE ( 'NONE', #454, #2016 ) ;
#2259 = ORIENTED_EDGE ( 'NONE', *, *, #1817, .T. ) ;
#2260 = STYLED_ITEM ( 'NONE', ( #2132 ), #198 ) ;
#2261 = CARTESIAN_POINT ( 'NONE',  ( 0.9292893218813452760, 1.000000000000000000, 1.929289321881345387 ) ) ;
#2262 = PLANE ( 'NONE',  #3410 ) ;
#2263 = ADVANCED_FACE ( 'NONE', ( #3884 ), #3600, .F. ) ;
#2264 = MECHANICAL_DESIGN_GEOMETRIC_PRESENTATION_REPRESENTATION (  '', ( #1751 ), #2010 ) ;
#2265 = FACE_OUTER_BOUND ( 'NONE', #826, .T. ) ;
#2266 = LINE ( 'NONE', #397, #2662 ) ;
#2267 = DIRECTION ( 'NONE',  ( -0.000000000000000000, 1.000000000000000000, -0.000000000000000000 ) ) ;
#2268 = VECTOR ( 'NONE', #339, 1000.000000000000114 ) ;
#2269 = STYLED_ITEM ( 'NONE', ( #281 ), #1555 ) ;
#2270 =( NAMED_UNIT ( * ) PLANE_ANGLE_UNIT ( ) SI_UNIT ( $, .RADIAN. ) );
#2271 = SURFACE_STYLE_FILL_AREA ( #442 ) ;
#2272 = DIRECTION ( 'NONE',  ( 0.7071067811865474617, 0.000000000000000000, -0.7071067811865474617 ) ) ;
#2273 = VECTOR ( 'NONE', #3167, 1000.000000000000000 ) ;
#2274 = VECTOR ( 'NONE', #2276, 1000.000000000000000 ) ;
#2275 = CARTESIAN_POINT ( 'NONE',  ( 1.165165229309751860, 0.5000000000000000000, 1.908725116671069477 ) ) ;
#2276 = DIRECTION ( 'NONE',  ( 0.000000000000000000, 1.000000000000000000, 0.000000000000000000 ) ) ;
#2277 = EDGE_CURVE ( 'NONE', #1895, #237, #317, .T. ) ;
#2278 = ADVANCED_FACE ( 'NONE', ( #2193 ), #2500, .T. ) ;
#2279 = ORIENTED_EDGE ( 'NONE', *, *, #2746, .T. ) ;
#2280 = LINE ( 'NONE', #2874, #2736 ) ;
#2281 = COLOUR_RGB ( '',0.6470588235294117974, 0.6196078431372549211, 0.5882352941176470784 ) ;
#2282 = PLANE ( 'NONE',  #3654 ) ;
#2283 = VECTOR ( 'NONE', #59, 1000.000000000000000 ) ;
#2284 = EDGE_CURVE ( 'NONE', #879, #2678, #3623, .T. ) ;
#2285 = FILL_AREA_STYLE_COLOUR ( '', #1264 ) ;
#2286 = COLOUR_RGB ( '',0.6470588235294117974, 0.6196078431372549211, 0.5882352941176470784 ) ;
#2287 = EDGE_LOOP ( 'NONE', ( #2363, #2180, #797, #3070, #849, #3692, #2510, #2279 ) ) ;
#2288 = UNCERTAINTY_MEASURE_WITH_UNIT (LENGTH_MEASURE( 1.000000000000000082E-05 ), #1661, 'distance_accuracy_value', 'NONE');
#2289 = DIRECTION ( 'NONE',  ( -0.000000000000000000, -1.000000000000000000, -0.000000000000000000 ) ) ;
#2290 =( GEOMETRIC_REPRESENTATION_CONTEXT ( 3 ) GLOBAL_UNCERTAINTY_ASSIGNED_CONTEXT ( ( #412 ) ) GLOBAL_UNIT_ASSIGNED_CONTEXT ( ( #2382, #3846, #3863 ) ) REPRESENTATION_CONTEXT ( 'NONE', 'WORKASPACE' ) );
#2291 = CARTESIAN_POINT ( 'NONE',  ( -1.262034708977616715, 1.000000000000000000, -1.681421236152723431 ) ) ;
#2292 = EDGE_CURVE ( 'NONE', #2005, #2919, #953, .T. ) ;
#2293 = CIRCLE ( 'NONE', #3002, 0.1200000000000000927 ) ;
#2294 = AXIS2_PLACEMENT_3D ( 'NONE', #3734, #1007, #2877 ) ;
#2295 = AXIS2_PLACEMENT_3D ( 'NONE', #1779, #1798, #268 ) ;
#2296 = LINE ( 'NONE', #3848, #1916 ) ;
#2297 = VECTOR ( 'NONE', #2745, 1000.000000000000000 ) ;
#2298 = LINE ( 'NONE', #3510, #2689 ) ;
#2299 = LINE ( 'NONE', #1401, #1316 ) ;
#2300 = EDGE_CURVE ( 'NONE', #3622, #1491, #3320, .T. ) ;
#2301 = CARTESIAN_POINT ( 'NONE',  ( 0.000000000000000000, 0.000000000000000000, 0.000000000000000000 ) ) ;
#2302 =( NAMED_UNIT ( * ) SI_UNIT ( $, .STERADIAN. ) SOLID_ANGLE_UNIT ( ) );
#2303 = LINE ( 'NONE', #174, #864 ) ;
#2304 = CARTESIAN_POINT ( 'NONE',  ( -1.838122338896785335, 0.5000000000000000000, -1.235983643373856244 ) ) ;
#2305 = DIRECTION ( 'NONE',  ( 0.7060277777428439760, 0.000000000000000000, -0.7081841406410491757 ) ) ;
#2306 = ORIENTED_EDGE ( 'NONE', *, *, #1333, .T. ) ;
#2307 = SURFACE_STYLE_USAGE ( .BOTH. , #486 ) ;
#2308 = ORIENTED_EDGE ( 'NONE', *, *, #3106, .T. ) ;
#2309 = SURFACE_STYLE_USAGE ( .BOTH. , #3817 ) ;
#2310 = LINE ( 'NONE', #3522, #3480 ) ;
#2311 = CARTESIAN_POINT ( 'NONE',  ( 0.000000000000000000, 1.350000000000000089, 1.306217782649106596 ) ) ;
#2312 =( NAMED_UNIT ( * ) PLANE_ANGLE_UNIT ( ) SI_UNIT ( $, .RADIAN. ) );
#2313 =( NAMED_UNIT ( * ) SI_UNIT ( $, .STERADIAN. ) SOLID_ANGLE_UNIT ( ) );
#2314 = CARTESIAN_POINT ( 'NONE',  ( 1.141871856607312941, 0.5000000000000000000, 1.858128143392687059 ) ) ;
#2315 = FILL_AREA_STYLE ('',( #2926 ) ) ;
#2316 = DIRECTION ( 'NONE',  ( -0.000000000000000000, -1.000000000000000000, -0.000000000000000000 ) ) ;
#2317 = CARTESIAN_POINT ( 'NONE',  ( 1.920172494404391639, 1.000000000000000000, 1.197721858797649475 ) ) ;
#2318 = SURFACE_SIDE_STYLE ('',( #2948 ) ) ;
#2319 = EDGE_CURVE ( 'NONE', #1387, #1644, #663, .T. ) ;
#2320 = FILL_AREA_STYLE ('',( #2285 ) ) ;
#2321 = ORIENTED_EDGE ( 'NONE', *, *, #1804, .T. ) ;
#2322 = EDGE_CURVE ( 'NONE', #3256, #2434, #3030, .T. ) ;
#2323 = EDGE_CURVE ( 'NONE', #3268, #1191, #1139, .T. ) ;
#2324 = VERTEX_POINT ( 'NONE', #2435 ) ;
#2325 = CYLINDRICAL_SURFACE ( 'NONE', #1084, 0.1200000000000000927 ) ;
#2326 = CARTESIAN_POINT ( 'NONE',  ( -1.858128143392687948, 0.000000000000000000, -1.141871856607312941 ) ) ;
#2327 = STYLED_ITEM ( 'NONE', ( #2068 ), #214 ) ;
#2328 = PRESENTATION_LAYER_ASSIGNMENT (  '', '', ( #91 ) ) ;
#2329 = UNCERTAINTY_MEASURE_WITH_UNIT (LENGTH_MEASURE( 1.000000000000000082E-05 ), #753, 'distance_accuracy_value', 'NONE');
#2330 = DIRECTION ( 'NONE',  ( 0.7071157812960313649, 0.000000000000000000, -0.7070977809625080823 ) ) ;
#2331 =( NAMED_UNIT ( * ) SI_UNIT ( $, .STERADIAN. ) SOLID_ANGLE_UNIT ( ) );
#2332 = DIRECTION ( 'NONE',  ( -0.7071067811865524577, -0.000000000000000000, -0.7071067811865426878 ) ) ;
#2333 = PRESENTATION_LAYER_ASSIGNMENT (  '', '', ( #3902 ) ) ;
#2334 = DIRECTION ( 'NONE',  ( 0.000000000000000000, 0.000000000000000000, 1.000000000000000000 ) ) ;
#2335 = MECHANICAL_DESIGN_GEOMETRIC_PRESENTATION_REPRESENTATION (  '', ( #2269 ), #3667 ) ;
#2336 = AXIS2_PLACEMENT_3D ( 'NONE', #726, #747, #1974 ) ;
#2337 =( NAMED_UNIT ( * ) SI_UNIT ( $, .STERADIAN. ) SOLID_ANGLE_UNIT ( ) );
#2338 = LINE ( 'NONE', #1433, #2714 ) ;
#2339 = EDGE_CURVE ( 'NONE', #2448, #2838, #1228, .T. ) ;
#2340 = DIRECTION ( 'NONE',  ( -1.000000000000000000, 0.000000000000000000, 0.000000000000000000 ) ) ;
#2341 = ORIENTED_EDGE ( 'NONE', *, *, #1797, .F. ) ;
#2342 = AXIS2_PLACEMENT_3D ( 'NONE', #1701, #1090, #1028 ) ;
#2343 = VECTOR ( 'NONE', #3064, 1000.000000000000114 ) ;
#2344 = VERTEX_POINT ( 'NONE', #1898 ) ;
#2345 = CARTESIAN_POINT ( 'NONE',  ( -1.707192987148250518, 1.000000000000000000, -1.151385656614439812 ) ) ;
#2346 = DIRECTION ( 'NONE',  ( 0.3001903705045472770, 0.000000000000000000, -0.9538793117875775662 ) ) ;
#2347 = EDGE_CURVE ( 'NONE', #3616, #982, #2175, .T. ) ;
#2348 = AXIS2_PLACEMENT_3D ( 'NONE', #2231, #1054, #1653 ) ;
#2349 = SURFACE_STYLE_FILL_AREA ( #2009 ) ;
#2350 = ORIENTED_EDGE ( 'NONE', *, *, #1406, .F. ) ;
#2351 =( NAMED_UNIT ( * ) SI_UNIT ( $, .STERADIAN. ) SOLID_ANGLE_UNIT ( ) );
#2352 =( GEOMETRIC_REPRESENTATION_CONTEXT ( 3 ) GLOBAL_UNCERTAINTY_ASSIGNED_CONTEXT ( ( #3476 ) ) GLOBAL_UNIT_ASSIGNED_CONTEXT ( ( #2764, #3377, #3617 ) ) REPRESENTATION_CONTEXT ( 'NONE', 'WORKASPACE' ) );
#2353 = DIRECTION ( 'NONE',  ( 1.000000000000000000, 0.000000000000000000, -2.891205793294678326E-16 ) ) ;
#2354 = SURFACE_STYLE_USAGE ( .BOTH. , #1451 ) ;
#2355 =( NAMED_UNIT ( * ) PLANE_ANGLE_UNIT ( ) SI_UNIT ( $, .RADIAN. ) );
#2356 = STYLED_ITEM ( 'NONE', ( #2423 ), #2669 ) ;
#2357 = ORIENTED_EDGE ( 'NONE', *, *, #1217, .T. ) ;
#2359 = ADVANCED_FACE ( 'NONE', ( #889 ), #2784, .F. ) ;
#2358 = SURFACE_STYLE_FILL_AREA ( #1749 ) ;
#2360 = PRESENTATION_LAYER_ASSIGNMENT (  '', '', ( #3189 ) ) ;
#2361 = FACE_OUTER_BOUND ( 'NONE', #1539, .T. ) ;
#2362 = VERTEX_POINT ( 'NONE', #1672 ) ;
#2363 = ORIENTED_EDGE ( 'NONE', *, *, #737, .F. ) ;
#2364 = SURFACE_STYLE_USAGE ( .BOTH. , #852 ) ;
#2365 = CARTESIAN_POINT ( 'NONE',  ( 2.000000000000000000, 0.5000000000000000000, 0.9999999999999997780 ) ) ;
#2366 = ORIENTED_EDGE ( 'NONE', *, *, #283, .T. ) ;
#2367 = UNCERTAINTY_MEASURE_WITH_UNIT (LENGTH_MEASURE( 1.000000000000000082E-05 ), #1849, 'distance_accuracy_value', 'NONE');
#2368 = PRESENTATION_STYLE_ASSIGNMENT (( #1178 ) ) ;
#2369 = DIRECTION ( 'NONE',  ( 0.000000000000000000, 1.000000000000000000, 0.000000000000000000 ) ) ;
#2370 = LINE ( 'NONE', #609, #249 ) ;
#2371 = DIRECTION ( 'NONE',  ( 0.7081841406410559481, 0.000000000000000000, 0.7060277777428373147 ) ) ;
#2372 = FILL_AREA_STYLE ('',( #2958 ) ) ;
#2373 = VERTEX_POINT ( 'NONE', #2579 ) ;
#2374 =( NAMED_UNIT ( * ) PLANE_ANGLE_UNIT ( ) SI_UNIT ( $, .RADIAN. ) );
#2375 = CARTESIAN_POINT ( 'NONE',  ( 1.235028396297817244, -0.2500000000000000000, 1.951569203483445980 ) ) ;
#2376 =( NAMED_UNIT ( * ) SI_UNIT ( $, .STERADIAN. ) SOLID_ANGLE_UNIT ( ) );
#2377 = EDGE_LOOP ( 'NONE', ( #3038, #76, #533, #1705, #2992, #1966, #2089, #3053, #1005, #2429, #471, #2543 ) ) ;
#2378 = VECTOR ( 'NONE', #1941, 1000.000000000000000 ) ;
#2379 = FACE_OUTER_BOUND ( 'NONE', #278, .T. ) ;
#2380 = EDGE_LOOP ( 'NONE', ( #2441, #1096, #627, #3443, #1821 ) ) ;
#2381 = ORIENTED_EDGE ( 'NONE', *, *, #1218, .T. ) ;
#2382 =( LENGTH_UNIT ( ) NAMED_UNIT ( * ) SI_UNIT ( .MILLI., .METRE. ) );
#2383 = CARTESIAN_POINT ( 'NONE',  ( 0.9292893218813452760, 0.5000000000000000000, 1.929289321881345387 ) ) ;
#2384 = AXIS2_PLACEMENT_3D ( 'NONE', #481, #193, #1408 ) ;
#2385 = EDGE_CURVE ( 'NONE', #935, #518, #473, .T. ) ;
#2386 = DIRECTION ( 'NONE',  ( 1.000000000000000000, 0.000000000000000000, 0.000000000000000000 ) ) ;
#2387 = VERTEX_POINT ( 'NONE', #1632 ) ;
#2388 = COLOUR_RGB ( '',0.6470588235294117974, 0.6196078431372549211, 0.5882352941176470784 ) ;
#2389 = DIRECTION ( 'NONE',  ( 0.000000000000000000, 0.000000000000000000, 1.000000000000000000 ) ) ;
#2390 = CARTESIAN_POINT ( 'NONE',  ( 1.847006130239213784, 0.5000000000000000000, 1.152993869760785994 ) ) ;
#2391 =( GEOMETRIC_REPRESENTATION_CONTEXT ( 3 ) GLOBAL_UNCERTAINTY_ASSIGNED_CONTEXT ( ( #563 ) ) GLOBAL_UNIT_ASSIGNED_CONTEXT ( ( #111, #1603, #1926 ) ) REPRESENTATION_CONTEXT ( 'NONE', 'WORKASPACE' ) );
#2392 = FACE_OUTER_BOUND ( 'NONE', #2507, .T. ) ;
#2393 = PLANE ( 'NONE',  #3916 ) ;
#2394 = EDGE_LOOP ( 'NONE', ( #2463, #3380, #2366, #3019 ) ) ;
#2395 = FILL_AREA_STYLE ('',( #917 ) ) ;
#2396 = VECTOR ( 'NONE', #2245, 1000.000000000000114 ) ;
#2397 = EDGE_CURVE ( 'NONE', #302, #971, #3481, .T. ) ;
#2398 = FILL_AREA_STYLE ('',( #2756 ) ) ;
#2399 = ORIENTED_EDGE ( 'NONE', *, *, #3251, .T. ) ;
#2400 = VECTOR ( 'NONE', #1386, 1000.000000000000000 ) ;
#2401 = FACE_OUTER_BOUND ( 'NONE', #2698, .T. ) ;
#2402 = COLOUR_RGB ( '',0.6470588235294117974, 0.6196078431372549211, 0.5882352941176470784 ) ;
#2403 = ORIENTED_EDGE ( 'NONE', *, *, #3728, .T. ) ;
#2404 = UNCERTAINTY_MEASURE_WITH_UNIT (LENGTH_MEASURE( 1.000000000000000082E-05 ), #2743, 'distance_accuracy_value', 'NONE');
#2405 = EDGE_LOOP ( 'NONE', ( #286, #352, #3694, #1110, #3148 ) ) ;
#2406 = MECHANICAL_DESIGN_GEOMETRIC_PRESENTATION_REPRESENTATION (  '', ( #2981 ), #3425 ) ;
#2407 = SURFACE_STYLE_FILL_AREA ( #3675 ) ;
#2408 = CARTESIAN_POINT ( 'NONE',  ( 1.342598203736440121, 0.5000000000000000000, 1.944801201043639516 ) ) ;
#2409 = SHAPE_DEFINITION_REPRESENTATION ( #3245, #2691 ) ;
#2410 = STYLED_ITEM ( 'NONE', ( #145 ), #2199 ) ;
#2411 = VERTEX_POINT ( 'NONE', #139 ) ;
#2412 = UNCERTAINTY_MEASURE_WITH_UNIT (LENGTH_MEASURE( 1.000000000000000082E-05 ), #374, 'distance_accuracy_value', 'NONE');
#2413 = SURFACE_STYLE_USAGE ( .BOTH. , #928 ) ;
#2414 = DIRECTION ( 'NONE',  ( 0.000000000000000000, 0.000000000000000000, 1.000000000000000000 ) ) ;
#2415 = AXIS2_PLACEMENT_3D ( 'NONE', #1597, #910, #380 ) ;
#2416 = DIRECTION ( 'NONE',  ( 0.7071067811865426878, -0.000000000000000000, 0.7071067811865522357 ) ) ;
#2417 = CARTESIAN_POINT ( 'NONE',  ( -1.183601303242793223, 0.5000000000000000000, -1.934336177217212516 ) ) ;
#2418 = AXIS2_PLACEMENT_3D ( 'NONE', #2275, #1402, #2631 ) ;
#2419 = PRESENTATION_LAYER_ASSIGNMENT (  '', '', ( #1527 ) ) ;
#2420 =( LENGTH_UNIT ( ) NAMED_UNIT ( * ) SI_UNIT ( .MILLI., .METRE. ) );
#2421 = ORIENTED_EDGE ( 'NONE', *, *, #1502, .F. ) ;
#2422 = ADVANCED_FACE ( 'NONE', ( #1935 ), #1340, .F. ) ;
#2423 = PRESENTATION_STYLE_ASSIGNMENT (( #1236 ) ) ;
#2424 =( LENGTH_UNIT ( ) NAMED_UNIT ( * ) SI_UNIT ( .MILLI., .METRE. ) );
#2425 = AXIS2_PLACEMENT_3D ( 'NONE', #1358, #2583, #1656 ) ;
#2426 = STYLED_ITEM ( 'NONE', ( #3001 ), #2702 ) ;
#2427 = ORIENTED_EDGE ( 'NONE', *, *, #1297, .T. ) ;
#2428 =( GEOMETRIC_REPRESENTATION_CONTEXT ( 3 ) GLOBAL_UNCERTAINTY_ASSIGNED_CONTEXT ( ( #1369 ) ) GLOBAL_UNIT_ASSIGNED_CONTEXT ( ( #3058, #231, #128 ) ) REPRESENTATION_CONTEXT ( 'NONE', 'WORKASPACE' ) );
#2429 = ORIENTED_EDGE ( 'NONE', *, *, #3184, .F. ) ;
#2430 = ORIENTED_EDGE ( 'NONE', *, *, #1565, .F. ) ;
#2431 = SURFACE_STYLE_USAGE ( .BOTH. , #334 ) ;
#2432 =( NAMED_UNIT ( * ) PLANE_ANGLE_UNIT ( ) SI_UNIT ( $, .RADIAN. ) );
#2433 = ORIENTED_EDGE ( 'NONE', *, *, #2836, .F. ) ;
#2434 = VERTEX_POINT ( 'NONE', #3191 ) ;
#2435 = CARTESIAN_POINT ( 'NONE',  ( 1.141871856607312941, 0.000000000000000000, 1.858128143392687281 ) ) ;
#2436 = SURFACE_SIDE_STYLE ('',( #955 ) ) ;
#2437 = DIRECTION ( 'NONE',  ( -0.7071067811865474617, 0.000000000000000000, 0.7071067811865474617 ) ) ;
#2438 = LINE ( 'NONE', #253, #1775 ) ;
#2439 = PRESENTATION_STYLE_ASSIGNMENT (( #2683 ) ) ;
#2440 = DIRECTION ( 'NONE',  ( 0.7081841406410522843, 0.000000000000000000, -0.7060277777428408674 ) ) ;
#2441 = ORIENTED_EDGE ( 'NONE', *, *, #1570, .T. ) ;
#2442 = DIRECTION ( 'NONE',  ( -1.000000000000000000, 0.000000000000000000, 0.000000000000000000 ) ) ;
#2443 = LINE ( 'NONE', #2774, #1181 ) ;
#2444 =( LENGTH_UNIT ( ) NAMED_UNIT ( * ) SI_UNIT ( .MILLI., .METRE. ) );
#2445 = EDGE_CURVE ( 'NONE', #1197, #2024, #2600, .T. ) ;
#2446 = VERTEX_POINT ( 'NONE', #436 ) ;
#2447 = EDGE_CURVE ( 'NONE', #2837, #1290, #108, .T. ) ;
#2448 = VERTEX_POINT ( 'NONE', #3427 ) ;
#2449 = CARTESIAN_POINT ( 'NONE',  ( -0.5762133289941130387, 0.5000000000000000000, -1.275922489608801058 ) ) ;
#2450 = ADVANCED_FACE ( 'NONE', ( #2265 ), #688, .F. ) ;
#2451 = CARTESIAN_POINT ( 'NONE',  ( 1.903919961059188370, 1.000000000000000000, 1.181419686669083369 ) ) ;
#2452 = STYLED_ITEM ( 'NONE', ( #1866 ), #1288 ) ;
#2453 = ORIENTED_EDGE ( 'NONE', *, *, #1405, .F. ) ;
#2454 = UNCERTAINTY_MEASURE_WITH_UNIT (LENGTH_MEASURE( 1.000000000000000082E-05 ), #3242, 'distance_accuracy_value', 'NONE');
#2455 = ORIENTED_EDGE ( 'NONE', *, *, #676, .F. ) ;
#2456 = LINE ( 'NONE', #606, #1819 ) ;
#2457 = CARTESIAN_POINT ( 'NONE',  ( 1.235983643373856689, 0.5000000000000000000, 1.838122338896785113 ) ) ;
#2458 = LINE ( 'NONE', #342, #2813 ) ;
#2459 =( NAMED_UNIT ( * ) PLANE_ANGLE_UNIT ( ) SI_UNIT ( $, .RADIAN. ) );
#2460 = VERTEX_POINT ( 'NONE', #1757 ) ;
#2461 = SURFACE_STYLE_USAGE ( .BOTH. , #936 ) ;
#2462 = MECHANICAL_DESIGN_GEOMETRIC_PRESENTATION_REPRESENTATION (  '', ( #733 ), #2914 ) ;
#2463 = ORIENTED_EDGE ( 'NONE', *, *, #1161, .F. ) ;
#2464 = AXIS2_PLACEMENT_3D ( 'NONE', #539, #839, #2700 ) ;
#2465 = PRESENTATION_LAYER_ASSIGNMENT (  '', '', ( #925 ) ) ;
#2466 = SURFACE_SIDE_STYLE ('',( #21 ) ) ;
#2467 = VERTEX_POINT ( 'NONE', #2345 ) ;
#2468 = VECTOR ( 'NONE', #2855, 999.9999999999998863 ) ;
#2469 = VECTOR ( 'NONE', #3239, 1000.000000000000000 ) ;
#2470 = LINE ( 'NONE', #1487, #2608 ) ;
#2471 = DIRECTION ( 'NONE',  ( -0.000000000000000000, 1.000000000000000000, -0.000000000000000000 ) ) ;
#2472 = MECHANICAL_DESIGN_GEOMETRIC_PRESENTATION_REPRESENTATION (  '', ( #1328 ), #745 ) ;
#2473 = ORIENTED_EDGE ( 'NONE', *, *, #3937, .T. ) ;
#2474 = SURFACE_STYLE_FILL_AREA ( #628 ) ;
#2475 = CARTESIAN_POINT ( 'NONE',  ( 1.934336177217212738, 0.5000000000000000000, 1.183601303242792779 ) ) ;
#2476 = DIRECTION ( 'NONE',  ( -0.7071067811865477948, 0.000000000000000000, 0.7071067811865473507 ) ) ;
#2477 = MECHANICAL_DESIGN_GEOMETRIC_PRESENTATION_REPRESENTATION (  '', ( #3551 ), #2871 ) ;
#2478 = CARTESIAN_POINT ( 'NONE',  ( -1.929289321881345609, 0.5000000000000000000, -0.9292893218813448319 ) ) ;
#2479 = STYLED_ITEM ( 'NONE', ( #985 ), #1362 ) ;
#2480 = LINE ( 'NONE', #2197, #615 ) ;
#2481 = ORIENTED_EDGE ( 'NONE', *, *, #1039, .F. ) ;
#2482 = VECTOR ( 'NONE', #3118, 1000.000000000000114 ) ;
#2483 = DIRECTION ( 'NONE',  ( 0.000000000000000000, -0.000000000000000000, 1.000000000000000000 ) ) ;
#2484 = DIRECTION ( 'NONE',  ( 0.7070977809625081933, -0.000000000000000000, 0.7071157812960313649 ) ) ;
#2485 = CIRCLE ( 'NONE', #441, 0.1000000000000000472 ) ;
#2486 =( NAMED_UNIT ( * ) PLANE_ANGLE_UNIT ( ) SI_UNIT ( $, .RADIAN. ) );
#2487 = VERTEX_POINT ( 'NONE', #817 ) ;
#2488 = EDGE_CURVE ( 'NONE', #1799, #1480, #2044, .T. ) ;
#2489 = CIRCLE ( 'NONE', #385, 0.1000000000000000472 ) ;
#2490 = AXIS2_PLACEMENT_3D ( 'NONE', #1583, #1270, #2483 ) ;
#2491 = VERTEX_POINT ( 'NONE', #3558 ) ;
#2492 = VECTOR ( 'NONE', #406, 1000.000000000000114 ) ;
#2493 = UNCERTAINTY_MEASURE_WITH_UNIT (LENGTH_MEASURE( 1.000000000000000082E-05 ), #2920, 'distance_accuracy_value', 'NONE');
#2494 = PRESENTATION_STYLE_ASSIGNMENT (( #1848 ) ) ;
#2495 = DIRECTION ( 'NONE',  ( -0.7081841406410510631, 0.000000000000000000, 0.7060277777428421997 ) ) ;
#2496 = VECTOR ( 'NONE', #1516, 1000.000000000000000 ) ;
#2497 = ADVANCED_FACE ( 'NONE', ( #534 ), #163, .T. ) ;
#2498 = ORIENTED_EDGE ( 'NONE', *, *, #3707, .T. ) ;
#2499 = ORIENTED_EDGE ( 'NONE', *, *, #1585, .T. ) ;
#2500 = PLANE ( 'NONE',  #2809 ) ;
#2501 = LINE ( 'NONE', #1198, #2012 ) ;
#2502 = SURFACE_STYLE_FILL_AREA ( #32 ) ;
#2503 = ORIENTED_EDGE ( 'NONE', *, *, #2140, .T. ) ;
#2504 =( LENGTH_UNIT ( ) NAMED_UNIT ( * ) SI_UNIT ( .MILLI., .METRE. ) );
#2505 = DIRECTION ( 'NONE',  ( 0.000000000000000000, 0.000000000000000000, 1.000000000000000000 ) ) ;
#2506 = DIRECTION ( 'NONE',  ( 0.000000000000000000, 0.000000000000000000, -1.000000000000000000 ) ) ;
#2507 = EDGE_LOOP ( 'NONE', ( #2670, #723, #260, #3648 ) ) ;
#2508 = ORIENTED_EDGE ( 'NONE', *, *, #1664, .F. ) ;
#2509 = FACE_OUTER_BOUND ( 'NONE', #1886, .T. ) ;
#2510 = ORIENTED_EDGE ( 'NONE', *, *, #321, .F. ) ;
#2511 = DIRECTION ( 'NONE',  ( 0.000000000000000000, 0.000000000000000000, 1.000000000000000000 ) ) ;
#2512 = SURFACE_STYLE_USAGE ( .BOTH. , #1300 ) ;
#2513 = CARTESIAN_POINT ( 'NONE',  ( 1.903919961059188370, 0.5000000000000000000, 1.181419686669083369 ) ) ;
#2514 = ORIENTED_EDGE ( 'NONE', *, *, #511, .F. ) ;
#2515 = CARTESIAN_POINT ( 'NONE',  ( 0.9292893218813452760, 0.5000000000000000000, 1.929289321881345387 ) ) ;
#2516 = DIRECTION ( 'NONE',  ( -0.000000000000000000, 1.000000000000000000, -0.000000000000000000 ) ) ;
#2517 =( NAMED_UNIT ( * ) PLANE_ANGLE_UNIT ( ) SI_UNIT ( $, .RADIAN. ) );
#2518 = ORIENTED_EDGE ( 'NONE', *, *, #1565, .T. ) ;
#2519 = CARTESIAN_POINT ( 'NONE',  ( 1.000000000000000000, 1.000000000000000000, 2.000000000000000000 ) ) ;
#2520 = PRESENTATION_STYLE_ASSIGNMENT (( #1271 ) ) ;
#2521 = ADVANCED_FACE ( 'NONE', ( #1153 ), #3436, .T. ) ;
#2522 =( NAMED_UNIT ( * ) SI_UNIT ( $, .STERADIAN. ) SOLID_ANGLE_UNIT ( ) );
#2523 = CLOSED_SHELL ( 'NONE', ( #198, #2191, #2582, #2422, #2521, #1440, #728, #3677, #3225, #3903, #2263, #2149, #2839, #2760, #3603, #2359, #330, #3673, #2782, #1284, #596, #730, #2787, #1865, #1890, #2950, #3590, #2730, #3340, #1806, #2230, #2055, #2794, #185, #1593, #1247, #2537, #1038, #2450, #1478, #275, #1288, #2031, #2573, #863, #2669, #3264, #837, #451, #1334, #443, #3807, #1681, #2983, #1555, #461, #2528, #349, #2702, #555, #1534, #1623, #290, #410, #2497, #2278, #517, #2155, #75, #1156, #2705, #1432, #1293, #214, #515, #2246, #3152, #2529, #154, #1861, #1167, #2831, #1844, #1561, #2002, #1362, #3265, #988 ) ) ;
#2524 = CARTESIAN_POINT ( 'NONE',  ( -1.353176370287435759, 0.5000000000000000000, -1.934207974095810023 ) ) ;
#2525 = VERTEX_POINT ( 'NONE', #1393 ) ;
#2526 =( NAMED_UNIT ( * ) SI_UNIT ( $, .STERADIAN. ) SOLID_ANGLE_UNIT ( ) );
#2527 = AXIS2_PLACEMENT_3D ( 'NONE', #1086, #1102, #854 ) ;
#2528 = ADVANCED_FACE ( 'NONE', ( #2986 ), #2325, .T. ) ;
#2529 = ADVANCED_FACE ( 'NONE', ( #947 ), #3333, .F. ) ;
#2530 = EDGE_CURVE ( 'NONE', #1830, #573, #1144, .T. ) ;
#2531 = MECHANICAL_DESIGN_GEOMETRIC_PRESENTATION_REPRESENTATION (  '', ( #1691 ), #2069 ) ;
#2532 = EDGE_LOOP ( 'NONE', ( #2938, #1567, #402, #363 ) ) ;
#2533 = SURFACE_STYLE_FILL_AREA ( #376 ) ;
#2534 = DIRECTION ( 'NONE',  ( -0.000000000000000000, 1.000000000000000000, -0.000000000000000000 ) ) ;
#2535 = PRESENTATION_STYLE_ASSIGNMENT (( #3797 ) ) ;
#2536 = PRESENTATION_LAYER_ASSIGNMENT (  '', '', ( #1069 ) ) ;
#2537 = ADVANCED_FACE ( 'NONE', ( #23 ), #1257, .F. ) ;
#2538 = VECTOR ( 'NONE', #3202, 1000.000000000000000 ) ;
#2539 = FILL_AREA_STYLE ('',( #2844 ) ) ;
#2540 = AXIS2_PLACEMENT_3D ( 'NONE', #93, #3752, #2506 ) ;
#2541 = AXIS2_PLACEMENT_3D ( 'NONE', #3896, #3046, #1482 ) ;
#2542 = SURFACE_STYLE_FILL_AREA ( #1675 ) ;
#2543 = ORIENTED_EDGE ( 'NONE', *, *, #2984, .T. ) ;
#2544 = FILL_AREA_STYLE_COLOUR ( '', #758 ) ;
#2545 = CARTESIAN_POINT ( 'NONE',  ( 1.141871856607312941, 1.000000000000000000, 1.858128143392687059 ) ) ;
#2546 = AXIS2_PLACEMENT_3D ( 'NONE', #2611, #2633, #1047 ) ;
#2547 = CARTESIAN_POINT ( 'NONE',  ( 1.138705442833123138, 0.5000000000000000000, 1.861294557166876862 ) ) ;
#2548 = CYLINDRICAL_SURFACE ( 'NONE', #3047, 1.399999999999999689 ) ;
#2549 = EDGE_LOOP ( 'NONE', ( #3289, #2427, #3516, #3266 ) ) ;
#2550 = PRESENTATION_LAYER_ASSIGNMENT (  '', '', ( #1708 ) ) ;
#2551 = FILL_AREA_STYLE_COLOUR ( '', #2281 ) ;
#2552 = SURFACE_STYLE_USAGE ( .BOTH. , #1969 ) ;
#2553 = CARTESIAN_POINT ( 'NONE',  ( 1.257744309980915798, 0.5000000000000000000, 1.979949467328139256 ) ) ;
#2554 = ORIENTED_EDGE ( 'NONE', *, *, #3520, .T. ) ;
#2555 = AXIS2_PLACEMENT_3D ( 'NONE', #693, #3708, #3121 ) ;
#2556 = VECTOR ( 'NONE', #3718, 1000.000000000000000 ) ;
#2557 = LINE ( 'NONE', #2261, #2556 ) ;
#2558 = CARTESIAN_POINT ( 'NONE',  ( -1.944672800657279765, 0.5000000000000000000, -1.172762213103988538 ) ) ;
#2559 = LINE ( 'NONE', #2291, #3034 ) ;
#2560 = DIRECTION ( 'NONE',  ( 0.000000000000000000, 0.000000000000000000, 1.000000000000000000 ) ) ;
#2561 = CIRCLE ( 'NONE', #815, 0.1200000000000000927 ) ;
#2562 = DIRECTION ( 'NONE',  ( -0.7081841406410521733, 0.000000000000000000, -0.7060277777428408674 ) ) ;
#2563 = EDGE_CURVE ( 'NONE', #518, #199, #2100, .T. ) ;
#2564 = DIRECTION ( 'NONE',  ( -0.7071067811865524577, -0.000000000000000000, -0.7071067811865426878 ) ) ;
#2565 = LINE ( 'NONE', #126, #3917 ) ;
#2566 = DIRECTION ( 'NONE',  ( 0.000000000000000000, 1.000000000000000000, 0.000000000000000000 ) ) ;
#2567 = DIRECTION ( 'NONE',  ( 0.000000000000000000, 0.000000000000000000, 1.000000000000000000 ) ) ;
#2568 = DIRECTION ( 'NONE',  ( 0.7071157812960313649, 0.000000000000000000, -0.7070977809625081933 ) ) ;
#2569 = LINE ( 'NONE', #3412, #2979 ) ;
#2570 = VERTEX_POINT ( 'NONE', #2841 ) ;
#2571 = LINE ( 'NONE', #774, #1968 ) ;
#2572 = DIRECTION ( 'NONE',  ( 0.000000000000000000, 0.000000000000000000, -1.000000000000000000 ) ) ;
#2573 = ADVANCED_FACE ( 'NONE', ( #123 ), #1608, .F. ) ;
#2574 = DIRECTION ( 'NONE',  ( 0.7071067811865480168, -0.000000000000000000, 0.7071067811865470176 ) ) ;
#2575 = ORIENTED_EDGE ( 'NONE', *, *, #1114, .T. ) ;
#2576 = UNCERTAINTY_MEASURE_WITH_UNIT (LENGTH_MEASURE( 1.000000000000000082E-05 ), #707, 'distance_accuracy_value', 'NONE');
#2577 = SURFACE_STYLE_USAGE ( .BOTH. , #3422 ) ;
#2578 =( LENGTH_UNIT ( ) NAMED_UNIT ( * ) SI_UNIT ( .MILLI., .METRE. ) );
#2579 = CARTESIAN_POINT ( 'NONE',  ( -0.9292893218813457201, 1.000000000000000000, -1.929289321881344277 ) ) ;
#2580 = CARTESIAN_POINT ( 'NONE',  ( 1.257744309980915798, 0.5000000000000000000, 1.859949467328139372 ) ) ;
#2581 = EDGE_CURVE ( 'NONE', #1491, #1238, #2557, .T. ) ;
#2582 = ADVANCED_FACE ( 'NONE', ( #989 ), #3763, .T. ) ;
#2583 = DIRECTION ( 'NONE',  ( -0.000000000000000000, 1.000000000000000000, -0.000000000000000000 ) ) ;
#2584 = CARTESIAN_POINT ( 'NONE',  ( -0.5762133289941129277, -0.2500000000000000000, -1.275922489608801058 ) ) ;
#2585 = CARTESIAN_POINT ( 'NONE',  ( -1.167299131114226896, 0.5000000000000000000, -1.918083643872009025 ) ) ;
#2586 = DIRECTION ( 'NONE',  ( 0.000000000000000000, 1.000000000000000000, 0.000000000000000000 ) ) ;
#2587 = DIRECTION ( 'NONE',  ( 0.000000000000000000, 1.000000000000000000, 0.000000000000000000 ) ) ;
#2588 = DIRECTION ( 'NONE',  ( 0.000000000000000000, 1.000000000000000000, 0.000000000000000000 ) ) ;
#2589 = VERTEX_POINT ( 'NONE', #3795 ) ;
#2590 = DIRECTION ( 'NONE',  ( 0.000000000000000000, 0.000000000000000000, 1.000000000000000000 ) ) ;
#2591 = EDGE_CURVE ( 'NONE', #660, #2964, #3459, .T. ) ;
#2592 = PLANE ( 'NONE',  #3169 ) ;
#2593 = ORIENTED_EDGE ( 'NONE', *, *, #643, .T. ) ;
#2594 = STYLED_ITEM ( 'NONE', ( #1384 ), #154 ) ;
#2595 = DIRECTION ( 'NONE',  ( 0.7081841406410502859, -0.000000000000000000, -0.7060277777428427548 ) ) ;
#2596 = DIRECTION ( 'NONE',  ( 0.7071067811865474617, 0.000000000000000000, -0.7071067811865475727 ) ) ;
#2597 = FACE_OUTER_BOUND ( 'NONE', #1616, .T. ) ;
#2598 = MECHANICAL_DESIGN_GEOMETRIC_PRESENTATION_REPRESENTATION (  '', ( #86 ), #2391 ) ;
#2599 = CIRCLE ( 'NONE', #1259, 1.399999999999999911 ) ;
#2600 = LINE ( 'NONE', #3171, #1841 ) ;
#2601 = CARTESIAN_POINT ( 'NONE',  ( 1.151001546496930761, 0.5000000000000000000, 1.922845672225926394 ) ) ;
#2602 = CARTESIAN_POINT ( 'NONE',  ( -2.000000000000000888, 1.000000000000000000, -1.000000000000000000 ) ) ;
#2603 = MECHANICAL_DESIGN_GEOMETRIC_PRESENTATION_REPRESENTATION (  '', ( #1261 ), #3732 ) ;
#2604 = STYLED_ITEM ( 'NONE', ( #3792 ), #1432 ) ;
#2605 = DIRECTION ( 'NONE',  ( 0.000000000000000000, 1.000000000000000000, 0.000000000000000000 ) ) ;
#2606 = SURFACE_STYLE_USAGE ( .BOTH. , #1359 ) ;
#2607 = CARTESIAN_POINT ( 'NONE',  ( -1.000000000000000222, 0.5000000000000000000, -1.999999999999999556 ) ) ;
#2608 = VECTOR ( 'NONE', #2142, 999.9999999999998863 ) ;
#2609 = VECTOR ( 'NONE', #2371, 999.9999999999998863 ) ;
#2610 = DIRECTION ( 'NONE',  ( -0.000000000000000000, 1.000000000000000000, -0.000000000000000000 ) ) ;
#2611 = CARTESIAN_POINT ( 'NONE',  ( 1.257744309980915798, 1.000000000000000000, 1.859949467328139372 ) ) ;
#2612 = CIRCLE ( 'NONE', #103, 0.1000000000000000472 ) ;
#2613 = PRESENTATION_STYLE_ASSIGNMENT (( #3530 ) ) ;
#2614 = CARTESIAN_POINT ( 'NONE',  ( 1.851721886059748412, 0.5000000000000000000, 1.153771342449179116 ) ) ;
#2615 = PRESENTATION_LAYER_ASSIGNMENT (  '', '', ( #1274 ) ) ;
#2616 = EDGE_LOOP ( 'NONE', ( #217, #1175, #65, #332 ) ) ;
#2617 = AXIS2_PLACEMENT_3D ( 'NONE', #1130, #1726, #1171 ) ;
#2618 = STYLED_ITEM ( 'NONE', ( #1299 ), #2573 ) ;
#2619 = ORIENTED_EDGE ( 'NONE', *, *, #1039, .T. ) ;
#2620 = SURFACE_STYLE_FILL_AREA ( #1466 ) ;
#2621 = DIRECTION ( 'NONE',  ( 0.7081841406410502859, -0.000000000000000000, -0.7060277777428427548 ) ) ;
#2622 = AXIS2_PLACEMENT_3D ( 'NONE', #886, #3579, #2386 ) ;
#2623 = STYLED_ITEM ( 'NONE', ( #3230 ), #2831 ) ;
#2624 = EDGE_CURVE ( 'NONE', #597, #3140, #1953, .T. ) ;
#2625 = FACE_OUTER_BOUND ( 'NONE', #3408, .T. ) ;
#2626 = EDGE_CURVE ( 'NONE', #2640, #1354, #1211, .T. ) ;
#2627 = CIRCLE ( 'NONE', #3868, 0.09999999999999982514 ) ;
#2628 = DIRECTION ( 'NONE',  ( -1.000000000000000000, 0.000000000000000000, 0.000000000000000000 ) ) ;
#2629 = DIRECTION ( 'NONE',  ( -0.7071067811865470176, 0.000000000000000000, 0.7071067811865480168 ) ) ;
#2630 = DIRECTION ( 'NONE',  ( 0.7071157812960313649, -0.000000000000000000, 0.7070977809625080823 ) ) ;
#2631 = DIRECTION ( 'NONE',  ( -0.7060277777428405344, 0.000000000000000000, -0.7081841406410526174 ) ) ;
#2632 = DIRECTION ( 'NONE',  ( -2.168404344971008868E-16, -0.000000000000000000, -1.000000000000000000 ) ) ;
#2633 = DIRECTION ( 'NONE',  ( 0.000000000000000000, 1.000000000000000000, 0.000000000000000000 ) ) ;
#2634 = CARTESIAN_POINT ( 'NONE',  ( -1.262034708977616715, 0.5000000000000000000, -1.681421236152723431 ) ) ;
#2635 = EDGE_CURVE ( 'NONE', #308, #1209, #3556, .T. ) ;
#2636 = SURFACE_STYLE_USAGE ( .BOTH. , #1723 ) ;
#2637 = ORIENTED_EDGE ( 'NONE', *, *, #2530, .F. ) ;
#2638 = EDGE_CURVE ( 'NONE', #1227, #3085, #3440, .T. ) ;
#2639 = EDGE_CURVE ( 'NONE', #3085, #3616, #695, .T. ) ;
#2640 = VERTEX_POINT ( 'NONE', #808 ) ;
#2641 = SURFACE_STYLE_USAGE ( .BOTH. , #2654 ) ;
#2642 = CARTESIAN_POINT ( 'NONE',  ( 1.181981248396587691, 0.5000000000000000000, 1.676597395366102861 ) ) ;
#2643 = LINE ( 'NONE', #3835, #1024 ) ;
#2644 = CARTESIAN_POINT ( 'NONE',  ( 1.833101546995083542, 0.5000000000000000000, 1.252022464443367733 ) ) ;
#2645 =( LENGTH_UNIT ( ) NAMED_UNIT ( * ) SI_UNIT ( .MILLI., .METRE. ) );
#2646 = DIRECTION ( 'NONE',  ( -0.000000000000000000, -1.000000000000000000, -0.000000000000000000 ) ) ;
#2647 =( GEOMETRIC_REPRESENTATION_CONTEXT ( 3 ) GLOBAL_UNCERTAINTY_ASSIGNED_CONTEXT ( ( #2047 ) ) GLOBAL_UNIT_ASSIGNED_CONTEXT ( ( #2761, #2115, #2166 ) ) REPRESENTATION_CONTEXT ( 'NONE', 'WORKASPACE' ) );
#2648 = DIRECTION ( 'NONE',  ( 0.000000000000000000, 0.000000000000000000, -1.000000000000000000 ) ) ;
#2649 = ORIENTED_EDGE ( 'NONE', *, *, #2445, .F. ) ;
#2650 = EDGE_CURVE ( 'NONE', #2695, #764, #1457, .T. ) ;
#2651 = EDGE_CURVE ( 'NONE', #1830, #3004, #571, .T. ) ;
#2652 = STYLED_ITEM ( 'NONE', ( #3502 ), #1167 ) ;
#2653 = ORIENTED_EDGE ( 'NONE', *, *, #1297, .F. ) ;
#2654 = SURFACE_SIDE_STYLE ('',( #3292 ) ) ;
#2655 = SURFACE_STYLE_FILL_AREA ( #1759 ) ;
#2656 = AXIS2_PLACEMENT_3D ( 'NONE', #1322, #2484, #2568 ) ;
#2657 = FILL_AREA_STYLE_COLOUR ( '', #2033 ) ;
#2658 = ORIENTED_EDGE ( 'NONE', *, *, #3027, .T. ) ;
#2659 = MECHANICAL_DESIGN_GEOMETRIC_PRESENTATION_REPRESENTATION (  '', ( #91 ), #1063 ) ;
#2660 = UNCERTAINTY_MEASURE_WITH_UNIT (LENGTH_MEASURE( 1.000000000000000082E-05 ), #1060, 'distance_accuracy_value', 'NONE');
#2661 = PRESENTATION_STYLE_ASSIGNMENT (( #2081 ) ) ;
#2662 = VECTOR ( 'NONE', #125, 1000.000000000000000 ) ;
#2663 = FACE_OUTER_BOUND ( 'NONE', #1725, .T. ) ;
#2664 = VECTOR ( 'NONE', #354, 1000.000000000000114 ) ;
#2665 = ORIENTED_EDGE ( 'NONE', *, *, #2624, .T. ) ;
#2666 = DIRECTION ( 'NONE',  ( -0.000000000000000000, -1.000000000000000000, -0.000000000000000000 ) ) ;
#2667 = SURFACE_STYLE_USAGE ( .BOTH. , #1120 ) ;
#2668 = CARTESIAN_POINT ( 'NONE',  ( 0.000000000000000000, 0.000000000000000000, 0.000000000000000000 ) ) ;
#2669 = ADVANCED_FACE ( 'NONE', ( #589 ), #3308, .F. ) ;
#2670 = ORIENTED_EDGE ( 'NONE', *, *, #3877, .T. ) ;
#2671 =( GEOMETRIC_REPRESENTATION_CONTEXT ( 3 ) GLOBAL_UNCERTAINTY_ASSIGNED_CONTEXT ( ( #167 ) ) GLOBAL_UNIT_ASSIGNED_CONTEXT ( ( #3495, #1162, #255 ) ) REPRESENTATION_CONTEXT ( 'NONE', 'WORKASPACE' ) );
#2672 = COLOUR_RGB ( '',0.6470588235294117974, 0.6196078431372549211, 0.5882352941176470784 ) ;
#2673 = MECHANICAL_DESIGN_GEOMETRIC_PRESENTATION_REPRESENTATION (  '', ( #3358 ), #2290 ) ;
#2674 = ORIENTED_EDGE ( 'NONE', *, *, #1030, .T. ) ;
#2675 = DIRECTION ( 'NONE',  ( 1.000000000000000000, 0.000000000000000000, -2.220446049250313081E-16 ) ) ;
#2676 = CARTESIAN_POINT ( 'NONE',  ( -1.167299131114226896, 0.5000000000000000000, -1.918083643872009025 ) ) ;
#2677 = MECHANICAL_DESIGN_GEOMETRIC_PRESENTATION_REPRESENTATION (  '', ( #1454 ), #2352 ) ;
#2678 = VERTEX_POINT ( 'NONE', #3892 ) ;
#2679 = CARTESIAN_POINT ( 'NONE',  ( -1.930552245102423070, 1.000000000000000000, -1.186925895916809637 ) ) ;
#2680 = AXIS2_PLACEMENT_3D ( 'NONE', #1924, #2848, #3645 ) ;
#2681 = DIRECTION ( 'NONE',  ( 0.000000000000000000, 1.000000000000000000, 0.000000000000000000 ) ) ;
#2682 = CARTESIAN_POINT ( 'NONE',  ( -1.181204050379262904, 1.000000000000000000, -1.762498769220798955 ) ) ;
#2683 = SURFACE_STYLE_USAGE ( .BOTH. , #586 ) ;
#2684 = CIRCLE ( 'NONE', #3444, 0.1000000000000000472 ) ;
#2685 = CARTESIAN_POINT ( 'NONE',  ( 1.833101546995083542, 0.5000000000000000000, 1.252022464443367733 ) ) ;
#2686 = VERTEX_POINT ( 'NONE', #1184 ) ;
#2687 = CARTESIAN_POINT ( 'NONE',  ( -1.252022464443368177, 0.5000000000000000000, -1.833101546995083098 ) ) ;
#2688 = CARTESIAN_POINT ( 'NONE',  ( 1.172762213103988982, 0.5000000000000000000, 1.944672800657279543 ) ) ;
#2689 = VECTOR ( 'NONE', #3872, 1000.000000000000000 ) ;
#2690 = FILL_AREA_STYLE ('',( #2134 ) ) ;
#2691 = ADVANCED_BREP_SHAPE_REPRESENTATION ( 'CDRH3D14-HPNP-100NC', ( #2199, #2622 ), #1529 ) ;
#2692 = ORIENTED_EDGE ( 'NONE', *, *, #272, .T. ) ;
#2693 = EDGE_CURVE ( 'NONE', #66, #88, #513, .T. ) ;
#2694 = ORIENTED_EDGE ( 'NONE', *, *, #846, .F. ) ;
#2695 = VERTEX_POINT ( 'NONE', #3938 ) ;
#2696 = DIRECTION ( 'NONE',  ( 0.000000000000000000, -0.000000000000000000, -1.000000000000000000 ) ) ;
#2697 = EDGE_CURVE ( 'NONE', #455, #2005, #544, .T. ) ;
#2698 = EDGE_LOOP ( 'NONE', ( #1741, #1531, #58, #2767 ) ) ;
#2699 = UNCERTAINTY_MEASURE_WITH_UNIT (LENGTH_MEASURE( 1.000000000000000082E-05 ), #828, 'distance_accuracy_value', 'NONE');
#2700 = DIRECTION ( 'NONE',  ( 0.000000000000000000, 0.000000000000000000, 1.000000000000000000 ) ) ;
#2701 = CARTESIAN_POINT ( 'NONE',  ( -1.153771342449179560, 0.5000000000000000000, -1.851721886059747968 ) ) ;
#2702 = ADVANCED_FACE ( 'NONE', ( #827 ), #2067, .T. ) ;
#2703 = DIRECTION ( 'NONE',  ( -0.000000000000000000, 1.000000000000000000, -0.000000000000000000 ) ) ;
#2704 = CARTESIAN_POINT ( 'NONE',  ( 1.151001546496930761, 0.5000000000000000000, 1.922845672225926394 ) ) ;
#2705 = ADVANCED_FACE ( 'NONE', ( #2773 ), #1880, .T. ) ;
#2706 = DIRECTION ( 'NONE',  ( -0.7071067811865471286, 0.000000000000000000, -0.7071067811865479058 ) ) ;
#2707 = ORIENTED_EDGE ( 'NONE', *, *, #3401, .F. ) ;
#2708 = SURFACE_STYLE_FILL_AREA ( #2395 ) ;
#2709 = ORIENTED_EDGE ( 'NONE', *, *, #262, .T. ) ;
#2710 = EDGE_CURVE ( 'NONE', #2678, #504, #1251, .T. ) ;
#2711 = ORIENTED_EDGE ( 'NONE', *, *, #2978, .F. ) ;
#2712 = ORIENTED_EDGE ( 'NONE', *, *, #1240, .T. ) ;
#2713 = DIRECTION ( 'NONE',  ( -0.7071067811865479058, 0.000000000000000000, -0.7071067811865472397 ) ) ;
#2714 = VECTOR ( 'NONE', #1735, 1000.000000000000000 ) ;
#2715 = SURFACE_STYLE_USAGE ( .BOTH. , #3925 ) ;
#2716 = EDGE_CURVE ( 'NONE', #3681, #2434, #1530, .T. ) ;
#2717 = ORIENTED_EDGE ( 'NONE', *, *, #1413, .T. ) ;
#2718 = SURFACE_STYLE_USAGE ( .BOTH. , #3274 ) ;
#2719 = LINE ( 'NONE', #911, #216 ) ;
#2720 = DIRECTION ( 'NONE',  ( -0.7060277777428428658, 0.000000000000000000, -0.7081841406410503970 ) ) ;
#2721 = DIRECTION ( 'NONE',  ( -0.7060277777428408674, -0.000000000000000000, -0.7081841406410521733 ) ) ;
#2722 = SURFACE_STYLE_FILL_AREA ( #2128 ) ;
#2723 = DIRECTION ( 'NONE',  ( 0.000000000000000000, 0.000000000000000000, 1.000000000000000000 ) ) ;
#2724 = ORIENTED_EDGE ( 'NONE', *, *, #1218, .F. ) ;
#2725 = SURFACE_SIDE_STYLE ('',( #2358 ) ) ;
#2726 = SURFACE_STYLE_FILL_AREA ( #845 ) ;
#2727 = SURFACE_SIDE_STYLE ('',( #1815 ) ) ;
#2728 = VECTOR ( 'NONE', #2534, 1000.000000000000000 ) ;
#2729 = VERTEX_POINT ( 'NONE', #2789 ) ;
#2730 = ADVANCED_FACE ( 'NONE', ( #404 ), #3665, .T. ) ;
#2731 = FILL_AREA_STYLE ('',( #3650 ) ) ;
#2732 = VECTOR ( 'NONE', #2632, 1000.000000000000000 ) ;
#2733 = VERTEX_POINT ( 'NONE', #1305 ) ;
#2734 = EDGE_LOOP ( 'NONE', ( #3866, #1780, #1283, #1456 ) ) ;
#2735 = SURFACE_STYLE_FILL_AREA ( #311 ) ;
#2736 = VECTOR ( 'NONE', #116, 1000.000000000000114 ) ;
#2737 = FACE_OUTER_BOUND ( 'NONE', #1528, .T. ) ;
#2738 = COLOUR_RGB ( '',0.6470588235294117974, 0.6196078431372549211, 0.5882352941176470784 ) ;
#2739 =( GEOMETRIC_REPRESENTATION_CONTEXT ( 3 ) GLOBAL_UNCERTAINTY_ASSIGNED_CONTEXT ( ( #2454 ) ) GLOBAL_UNIT_ASSIGNED_CONTEXT ( ( #3242, #3257, #2351 ) ) REPRESENTATION_CONTEXT ( 'NONE', 'WORKASPACE' ) );
#2740 = ORIENTED_EDGE ( 'NONE', *, *, #2292, .F. ) ;
#2741 = UNCERTAINTY_MEASURE_WITH_UNIT (LENGTH_MEASURE( 1.000000000000000082E-05 ), #1787, 'distance_accuracy_value', 'NONE');
#2742 = ORIENTED_EDGE ( 'NONE', *, *, #3317, .T. ) ;
#2743 =( LENGTH_UNIT ( ) NAMED_UNIT ( * ) SI_UNIT ( .MILLI., .METRE. ) );
#2744 = DIRECTION ( 'NONE',  ( 0.7071067811865474617, -0.000000000000000000, -0.7071067811865475727 ) ) ;
#2745 = DIRECTION ( 'NONE',  ( -0.7071067811865472397, -0.000000000000000000, 0.7071067811865479058 ) ) ;
#2746 = EDGE_CURVE ( 'NONE', #115, #3926, #977, .T. ) ;
#2747 = CARTESIAN_POINT ( 'NONE',  ( -1.252022464443368177, 1.000000000000000000, -1.833101546995083098 ) ) ;
#2748 = LINE ( 'NONE', #2417, #2609 ) ;
#2749 = VECTOR ( 'NONE', #2127, 1000.000000000000114 ) ;
#2750 = AXIS2_PLACEMENT_3D ( 'NONE', #3778, #3109, #2243 ) ;
#2751 = SURFACE_STYLE_FILL_AREA ( #3386 ) ;
#2752 = ORIENTED_EDGE ( 'NONE', *, *, #738, .T. ) ;
#2753 = DIRECTION ( 'NONE',  ( -1.000000000000000000, -0.000000000000000000, -0.000000000000000000 ) ) ;
#2754 =( NAMED_UNIT ( * ) SI_UNIT ( $, .STERADIAN. ) SOLID_ANGLE_UNIT ( ) );
#2755 = PRESENTATION_LAYER_ASSIGNMENT (  '', '', ( #2426 ) ) ;
#2756 = FILL_AREA_STYLE_COLOUR ( '', #1959 ) ;
#2757 = ORIENTED_EDGE ( 'NONE', *, *, #1158, .T. ) ;
#2758 = AXIS2_PLACEMENT_3D ( 'NONE', #3258, #2369, #2389 ) ;
#2759 = EDGE_CURVE ( 'NONE', #2411, #1895, #2168, .T. ) ;
#2760 = ADVANCED_FACE ( 'NONE', ( #364, #3409 ), #916, .F. ) ;
#2761 =( LENGTH_UNIT ( ) NAMED_UNIT ( * ) SI_UNIT ( .MILLI., .METRE. ) );
#2762 = ORIENTED_EDGE ( 'NONE', *, *, #64, .T. ) ;
#2763 = ORIENTED_EDGE ( 'NONE', *, *, #1109, .F. ) ;
#2764 =( LENGTH_UNIT ( ) NAMED_UNIT ( * ) SI_UNIT ( .MILLI., .METRE. ) );
#2765 = CARTESIAN_POINT ( 'NONE',  ( -1.676597395366103083, 0.5000000000000000000, -1.181981248396587247 ) ) ;
#2766 = VERTEX_POINT ( 'NONE', #2200 ) ;
#2767 = ORIENTED_EDGE ( 'NONE', *, *, #941, .T. ) ;
#2768 = CARTESIAN_POINT ( 'NONE',  ( 1.929289321881344499, 0.5000000000000000000, 0.9292893218813452760 ) ) ;
#2769 = CARTESIAN_POINT ( 'NONE',  ( -1.877404633494379693, 0.5000000000000000000, -1.122595366505620085 ) ) ;
#2770 = DIRECTION ( 'NONE',  ( 0.000000000000000000, 1.000000000000000000, 0.000000000000000000 ) ) ;
#2771 = FILL_AREA_STYLE_COLOUR ( '', #2286 ) ;
#2772 = ORIENTED_EDGE ( 'NONE', *, *, #2697, .F. ) ;
#2773 = FACE_OUTER_BOUND ( 'NONE', #2783, .T. ) ;
#2774 = CARTESIAN_POINT ( 'NONE',  ( 1.141871856607312941, 1.000000000000000000, 1.858128143392687059 ) ) ;
#2775 = ORIENTED_EDGE ( 'NONE', *, *, #400, .T. ) ;
#2776 = LINE ( 'NONE', #551, #3870 ) ;
#2777 = ORIENTED_EDGE ( 'NONE', *, *, #2639, .T. ) ;
#2778 = DIRECTION ( 'NONE',  ( -0.7081841406410505080, 0.000000000000000000, -0.7060277777428427548 ) ) ;
#2779 = DIRECTION ( 'NONE',  ( -0.7071067811865474617, -0.000000000000000000, 0.7071067811865474617 ) ) ;
#2780 = PRESENTATION_LAYER_ASSIGNMENT (  '', '', ( #3153 ) ) ;
#2781 = ORIENTED_EDGE ( 'NONE', *, *, #3393, .F. ) ;
#2782 = ADVANCED_FACE ( 'NONE', ( #669 ), #3123, .F. ) ;
#2783 = EDGE_LOOP ( 'NONE', ( #1295, #3940, #3773, #2742 ) ) ;
#2784 = PLANE ( 'NONE',  #438 ) ;
#2785 = DIRECTION ( 'NONE',  ( 0.000000000000000000, 0.000000000000000000, 1.000000000000000000 ) ) ;
#2786 = DIRECTION ( 'NONE',  ( -0.7071157812960313649, 0.000000000000000000, 0.7070977809625080823 ) ) ;
#2787 = ADVANCED_FACE ( 'NONE', ( #326 ), #698, .F. ) ;
#2788 = VERTEX_POINT ( 'NONE', #2131 ) ;
#2789 = CARTESIAN_POINT ( 'NONE',  ( 1.342598203736440121, 1.000000000000000000, 1.944801201043639516 ) ) ;
#2790 = SURFACE_STYLE_FILL_AREA ( #36 ) ;
#2791 = STYLED_ITEM ( 'NONE', ( #3294 ), #330 ) ;
#2792 = EDGE_LOOP ( 'NONE', ( #899, #1776, #2593, #668 ) ) ;
#2793 = AXIS2_PLACEMENT_3D ( 'NONE', #81, #1356, #1053 ) ;
#2794 = ADVANCED_FACE ( 'NONE', ( #444 ), #3750, .F. ) ;
#2795 = FILL_AREA_STYLE ('',( #1 ) ) ;
#2796 = ORIENTED_EDGE ( 'NONE', *, *, #2746, .F. ) ;
#2797 = COLOUR_RGB ( '',0.6470588235294117974, 0.6196078431372549211, 0.5882352941176470784 ) ;
#2798 = PRESENTATION_STYLE_ASSIGNMENT (( #2188 ) ) ;
#2799 = FILL_AREA_STYLE ('',( #313 ) ) ;
#2800 = VECTOR ( 'NONE', #2316, 1000.000000000000000 ) ;
#2801 = ORIENTED_EDGE ( 'NONE', *, *, #2322, .T. ) ;
#2802 = ORIENTED_EDGE ( 'NONE', *, *, #2107, .F. ) ;
#2803 =( NAMED_UNIT ( * ) SI_UNIT ( $, .STERADIAN. ) SOLID_ANGLE_UNIT ( ) );
#2804 = FILL_AREA_STYLE_COLOUR ( '', #1124 ) ;
#2805 = COLOUR_RGB ( '',0.6470588235294117974, 0.6196078431372549211, 0.5882352941176470784 ) ;
#2806 = DIRECTION ( 'NONE',  ( 0.7071157812960312539, 0.000000000000000000, -0.7070977809625083044 ) ) ;
#2807 = SURFACE_STYLE_USAGE ( .BOTH. , #1234 ) ;
#2808 = ORIENTED_EDGE ( 'NONE', *, *, #1885, .T. ) ;
#2809 = AXIS2_PLACEMENT_3D ( 'NONE', #3056, #3705, #1802 ) ;
#2810 = DIRECTION ( 'NONE',  ( 0.000000000000000000, -1.000000000000000000, 0.000000000000000000 ) ) ;
#2811 = DIRECTION ( 'NONE',  ( 0.7060277777428420887, -0.000000000000000000, 0.7081841406410510631 ) ) ;
#2812 =( NAMED_UNIT ( * ) PLANE_ANGLE_UNIT ( ) SI_UNIT ( $, .RADIAN. ) );
#2813 = VECTOR ( 'NONE', #2516, 1000.000000000000000 ) ;
#2814 = VECTOR ( 'NONE', #1370, 1000.000000000000114 ) ;
#2815 = VERTEX_POINT ( 'NONE', #2234 ) ;
#2816 = ORIENTED_EDGE ( 'NONE', *, *, #897, .T. ) ;
#2817 =( GEOMETRIC_REPRESENTATION_CONTEXT ( 3 ) GLOBAL_UNCERTAINTY_ASSIGNED_CONTEXT ( ( #1169 ) ) GLOBAL_UNIT_ASSIGNED_CONTEXT ( ( #3210, #1695, #2313 ) ) REPRESENTATION_CONTEXT ( 'NONE', 'WORKASPACE' ) );
#2818 = LINE ( 'NONE', #743, #2283 ) ;
#2819 = ORIENTED_EDGE ( 'NONE', *, *, #1689, .F. ) ;
#2820 = COLOUR_RGB ( '',0.6470588235294117974, 0.6196078431372549211, 0.5882352941176470784 ) ;
#2821 = UNCERTAINTY_MEASURE_WITH_UNIT (LENGTH_MEASURE( 1.000000000000000082E-05 ), #844, 'distance_accuracy_value', 'NONE');
#2822 = EDGE_CURVE ( 'NONE', #2491, #3085, #3196, .T. ) ;
#2823 = SURFACE_STYLE_FILL_AREA ( #1592 ) ;
#2824 = CARTESIAN_POINT ( 'NONE',  ( 0.000000000000000000, 0.000000000000000000, 0.000000000000000000 ) ) ;
#2825 = CONICAL_SURFACE ( 'NONE', #57, 1.399999999999999911, 0.3490658503988666728 ) ;
#2826 = ORIENTED_EDGE ( 'NONE', *, *, #1728, .T. ) ;
#2827 = ORIENTED_EDGE ( 'NONE', *, *, #3698, .F. ) ;
#2828 = DIRECTION ( 'NONE',  ( -3.169619151431772337E-17, -0.9659258262890680902, -0.2588190451025213501 ) ) ;
#2829 = DIRECTION ( 'NONE',  ( 2.168404344971008868E-16, 0.000000000000000000, 1.000000000000000000 ) ) ;
#2830 = DIRECTION ( 'NONE',  ( 0.000000000000000000, 1.000000000000000000, 0.000000000000000000 ) ) ;
#2831 = ADVANCED_FACE ( 'NONE', ( #169 ), #3526, .F. ) ;
#2832 = CARTESIAN_POINT ( 'NONE',  ( -1.183601303242793223, 1.000000000000000000, -1.934336177217212516 ) ) ;
#2833 = ORIENTED_EDGE ( 'NONE', *, *, #1240, .F. ) ;
#2834 = CARTESIAN_POINT ( 'NONE',  ( -1.944801201043639738, 1.000000000000000000, -1.342598203736439899 ) ) ;
#2835 = CARTESIAN_POINT ( 'NONE',  ( 1.235983643373856689, 1.000000000000000000, 1.838122338896785113 ) ) ;
#2836 = EDGE_CURVE ( 'NONE', #2448, #3881, #1285, .T. ) ;
#2837 = VERTEX_POINT ( 'NONE', #1085 ) ;
#2838 = VERTEX_POINT ( 'NONE', #190 ) ;
#2839 = ADVANCED_FACE ( 'NONE', ( #1962 ), #1022, .F. ) ;
#2840 = ORIENTED_EDGE ( 'NONE', *, *, #3113, .T. ) ;
#2841 = CARTESIAN_POINT ( 'NONE',  ( -1.838122338896785335, 1.000000000000000000, -1.115983643373856360 ) ) ;
#2842 = CYLINDRICAL_SURFACE ( 'NONE', #350, 0.1000000000000000472 ) ;
#2843 = CARTESIAN_POINT ( 'NONE',  ( -0.3552975670289672538, 0.000000000000000000, 0.3563827233294962760 ) ) ;
#2844 = FILL_AREA_STYLE_COLOUR ( '', #1697 ) ;
#2845 = SURFACE_STYLE_USAGE ( .BOTH. , #2212 ) ;
#2846 = ORIENTED_EDGE ( 'NONE', *, *, #1372, .T. ) ;
#2847 =( NAMED_UNIT ( * ) PLANE_ANGLE_UNIT ( ) SI_UNIT ( $, .RADIAN. ) );
#2848 = DIRECTION ( 'NONE',  ( -0.7071067811865475727, 0.000000000000000000, 0.7071067811865475727 ) ) ;
#2849 = SURFACE_SIDE_STYLE ('',( #2790 ) ) ;
#2850 = CARTESIAN_POINT ( 'NONE',  ( -1.000000000000000888, 1.000000000000000000, -2.000000000000000000 ) ) ;
#2851 = VECTOR ( 'NONE', #117, 1000.000000000000000 ) ;
#2852 = CARTESIAN_POINT ( 'NONE',  ( 0.000000000000000000, -0.2500000000000000000, 0.000000000000000000 ) ) ;
#2853 = VERTEX_POINT ( 'NONE', #755 ) ;
#2854 = FACE_OUTER_BOUND ( 'NONE', #3710, .T. ) ;
#2855 = DIRECTION ( 'NONE',  ( 0.7081841406410527284, -0.000000000000000000, 0.7060277777428404233 ) ) ;
#2856 =( GEOMETRIC_REPRESENTATION_CONTEXT ( 3 ) GLOBAL_UNCERTAINTY_ASSIGNED_CONTEXT ( ( #1176 ) ) GLOBAL_UNIT_ASSIGNED_CONTEXT ( ( #1548, #642, #1280 ) ) REPRESENTATION_CONTEXT ( 'NONE', 'WORKASPACE' ) );
#2857 = VERTEX_POINT ( 'NONE', #1639 ) ;
#2858 = CARTESIAN_POINT ( 'NONE',  ( 1.934207974095810245, 0.5000000000000000000, 1.353176370287435315 ) ) ;
#2859 = FILL_AREA_STYLE ('',( #2883 ) ) ;
#2860 = VECTOR ( 'NONE', #1015, 1000.000000000000000 ) ;
#2861 = AXIS2_PLACEMENT_3D ( 'NONE', #3575, #2931, #2648 ) ;
#2862 = VECTOR ( 'NONE', #3084, 1000.000000000000000 ) ;
#2863 = DIRECTION ( 'NONE',  ( 0.7071067811865473507, 0.000000000000000000, -0.7071067811865477948 ) ) ;
#2864 = CIRCLE ( 'NONE', #2546, 0.1199999999999998845 ) ;
#2865 = AXIS2_PLACEMENT_3D ( 'NONE', #3354, #1190, #618 ) ;
#2866 = CYLINDRICAL_SURFACE ( 'NONE', #1648, 0.1199999999999998845 ) ;
#2867 = ORIENTED_EDGE ( 'NONE', *, *, #1985, .F. ) ;
#2868 = EDGE_CURVE ( 'NONE', #1799, #2005, #2298, .T. ) ;
#2869 = SURFACE_STYLE_USAGE ( .BOTH. , #786 ) ;
#2870 = PRESENTATION_STYLE_ASSIGNMENT (( #962 ) ) ;
#2871 =( GEOMETRIC_REPRESENTATION_CONTEXT ( 3 ) GLOBAL_UNCERTAINTY_ASSIGNED_CONTEXT ( ( #2329 ) ) GLOBAL_UNIT_ASSIGNED_CONTEXT ( ( #753, #2312, #3821 ) ) REPRESENTATION_CONTEXT ( 'NONE', 'WORKASPACE' ) );
#2872 = FILL_AREA_STYLE ('',( #1004 ) ) ;
#2873 = ORIENTED_EDGE ( 'NONE', *, *, #1006, .F. ) ;
#2874 = CARTESIAN_POINT ( 'NONE',  ( 1.151001546496930761, 1.000000000000000000, 1.922845672225926394 ) ) ;
#2875 = CYLINDRICAL_SURFACE ( 'NONE', #2384, 0.1000000000000000472 ) ;
#2876 = VECTOR ( 'NONE', #2150, 999.9999999999998863 ) ;
#2877 = DIRECTION ( 'NONE',  ( 0.7081841406410527284, 0.000000000000000000, 0.7060277777428404233 ) ) ;
#2878 = ORIENTED_EDGE ( 'NONE', *, *, #1696, .F. ) ;
#2879 = AXIS2_PLACEMENT_3D ( 'NONE', #1278, #2778, #901 ) ;
#2880 = EDGE_CURVE ( 'NONE', #2387, #2695, #228, .T. ) ;
#2881 = EDGE_CURVE ( 'NONE', #335, #2446, #205, .T. ) ;
#2882 = SURFACE_SIDE_STYLE ('',( #3477 ) ) ;
#2883 = FILL_AREA_STYLE_COLOUR ( '', #531 ) ;
#2884 =( GEOMETRIC_REPRESENTATION_CONTEXT ( 3 ) GLOBAL_UNCERTAINTY_ASSIGNED_CONTEXT ( ( #2821 ) ) GLOBAL_UNIT_ASSIGNED_CONTEXT ( ( #844, #2374, #1769 ) ) REPRESENTATION_CONTEXT ( 'NONE', 'WORKASPACE' ) );
#2885 = FILL_AREA_STYLE ('',( #396 ) ) ;
#2886 = AXIS2_PLACEMENT_3D ( 'NONE', #2995, #3582, #523 ) ;
#2887 =( NAMED_UNIT ( * ) SI_UNIT ( $, .STERADIAN. ) SOLID_ANGLE_UNIT ( ) );
#2888 = DIRECTION ( 'NONE',  ( 0.7060277777428428658, -0.000000000000000000, 0.7081841406410503970 ) ) ;
#2889 = SURFACE_SIDE_STYLE ('',( #440 ) ) ;
#2890 = DIRECTION ( 'NONE',  ( 0.000000000000000000, 1.000000000000000000, 0.000000000000000000 ) ) ;
#2891 = FILL_AREA_STYLE_COLOUR ( '', #3501 ) ;
#2892 = CARTESIAN_POINT ( 'NONE',  ( -1.181204050379262904, 0.5000000000000000000, -1.762498769220798955 ) ) ;
#2893 = DIRECTION ( 'NONE',  ( -0.7070977809625079713, -0.000000000000000000, 0.7071157812960314759 ) ) ;
#2894 = CARTESIAN_POINT ( 'NONE',  ( 0.000000000000000000, -0.2500000000000000000, 0.000000000000000000 ) ) ;
#2895 = ORIENTED_EDGE ( 'NONE', *, *, #68, .F. ) ;
#2896 = LINE ( 'NONE', #1947, #679 ) ;
#2897 = ORIENTED_EDGE ( 'NONE', *, *, #904, .T. ) ;
#2898 = DIRECTION ( 'NONE',  ( 0.000000000000000000, 0.000000000000000000, 1.000000000000000000 ) ) ;
#2899 = CARTESIAN_POINT ( 'NONE',  ( -1.000000000000000222, 0.5000000000000000000, -1.999999999999999556 ) ) ;
#2900 = CARTESIAN_POINT ( 'NONE',  ( 1.748378213665942482, 0.5000000000000000000, 1.167040367566441583 ) ) ;
#2901 = EDGE_CURVE ( 'NONE', #3731, #1884, #2942, .T. ) ;
#2902 = FILL_AREA_STYLE_COLOUR ( '', #1018 ) ;
#2903 = DIRECTION ( 'NONE',  ( 0.000000000000000000, 1.000000000000000000, 0.000000000000000000 ) ) ;
#2904 = CARTESIAN_POINT ( 'NONE',  ( -1.802099494436239180, 1.000000000000000000, -1.121518125959347190 ) ) ;
#2905 = CIRCLE ( 'NONE', #981, 1.399999999999999911 ) ;
#2906 = EDGE_CURVE ( 'NONE', #3731, #1183, #862, .T. ) ;
#2907 = PRESENTATION_STYLE_ASSIGNMENT (( #2354 ) ) ;
#2908 = DIRECTION ( 'NONE',  ( 0.000000000000000000, 0.000000000000000000, 1.000000000000000000 ) ) ;
#2909 = ORIENTED_EDGE ( 'NONE', *, *, #3484, .T. ) ;
#2910 = LINE ( 'NONE', #3200, #3175 ) ;
#2911 = CARTESIAN_POINT ( 'NONE',  ( 1.999999999999999112, 0.000000000000000000, -1.000000000000000000 ) ) ;
#2912 = AXIS2_PLACEMENT_3D ( 'NONE', #2634, #3263, #1105 ) ;
#2913 = VERTEX_POINT ( 'NONE', #2701 ) ;
#2914 =( GEOMETRIC_REPRESENTATION_CONTEXT ( 3 ) GLOBAL_UNCERTAINTY_ASSIGNED_CONTEXT ( ( #1729 ) ) GLOBAL_UNIT_ASSIGNED_CONTEXT ( ( #494, #267, #3619 ) ) REPRESENTATION_CONTEXT ( 'NONE', 'WORKASPACE' ) );
#2915 = CARTESIAN_POINT ( 'NONE',  ( 1.235028396297817244, 1.000000000000000000, 1.951569203483445980 ) ) ;
#2916 = STYLED_ITEM ( 'NONE', ( #2368 ), #555 ) ;
#2917 = UNCERTAINTY_MEASURE_WITH_UNIT (LENGTH_MEASURE( 1.000000000000000082E-05 ), #506, 'distance_accuracy_value', 'NONE');
#2918 = COLOUR_RGB ( '',0.6470588235294117974, 0.6196078431372549211, 0.5882352941176470784 ) ;
#2919 = VERTEX_POINT ( 'NONE', #1430 ) ;
#2920 =( LENGTH_UNIT ( ) NAMED_UNIT ( * ) SI_UNIT ( .MILLI., .METRE. ) );
#2921 = FILL_AREA_STYLE_COLOUR ( '', #2137 ) ;
#2922 = CARTESIAN_POINT ( 'NONE',  ( 1.235983643373856689, 1.000000000000000000, 1.838122338896785113 ) ) ;
#2923 = VECTOR ( 'NONE', #722, 1000.000000000000000 ) ;
#2924 = CARTESIAN_POINT ( 'NONE',  ( 1.000000000000000000, 0.5000000000000000000, 2.000000000000000000 ) ) ;
#2925 = CARTESIAN_POINT ( 'NONE',  ( 1.181981248396587691, 0.5000000000000000000, 1.676597395366102861 ) ) ;
#2926 = FILL_AREA_STYLE_COLOUR ( '', #175 ) ;
#2927 = DIRECTION ( 'NONE',  ( 0.000000000000000000, 1.000000000000000000, 0.000000000000000000 ) ) ;
#2928 = EDGE_CURVE ( 'NONE', #2964, #2686, #180, .T. ) ;
#2929 = PLANE ( 'NONE',  #1758 ) ;
#2930 = PRESENTATION_LAYER_ASSIGNMENT (  '', '', ( #2981 ) ) ;
#2931 = DIRECTION ( 'NONE',  ( 0.000000000000000000, -1.000000000000000000, 0.000000000000000000 ) ) ;
#2932 =( GEOMETRIC_REPRESENTATION_CONTEXT ( 3 ) GLOBAL_UNCERTAINTY_ASSIGNED_CONTEXT ( ( #1538 ) ) GLOBAL_UNIT_ASSIGNED_CONTEXT ( ( #3709, #2517, #1810 ) ) REPRESENTATION_CONTEXT ( 'NONE', 'WORKASPACE' ) );
#2933 = ORIENTED_EDGE ( 'NONE', *, *, #2991, .F. ) ;
#2934 = UNCERTAINTY_MEASURE_WITH_UNIT (LENGTH_MEASURE( 1.000000000000000082E-05 ), #1717, 'distance_accuracy_value', 'NONE');
#2935 = STYLED_ITEM ( 'NONE', ( #47 ), #2278 ) ;
#2936 = STYLED_ITEM ( 'NONE', ( #230 ), #3265 ) ;
#2937 = VECTOR ( 'NONE', #1669, 1000.000000000000000 ) ;
#2938 = ORIENTED_EDGE ( 'NONE', *, *, #1709, .T. ) ;
#2939 = CARTESIAN_POINT ( 'NONE',  ( 0.000000000000000000, -0.2500000000000000000, 0.000000000000000000 ) ) ;
#2940 = CARTESIAN_POINT ( 'NONE',  ( -2.000000000000000444, 0.5000000000000000000, -0.9999999999999995559 ) ) ;
#2941 = CIRCLE ( 'NONE', #1143, 0.1199999999999998845 ) ;
#2942 = CIRCLE ( 'NONE', #1660, 0.1199999999999998845 ) ;
#2943 =( NAMED_UNIT ( * ) PLANE_ANGLE_UNIT ( ) SI_UNIT ( $, .RADIAN. ) );
#2944 =( NAMED_UNIT ( * ) SI_UNIT ( $, .STERADIAN. ) SOLID_ANGLE_UNIT ( ) );
#2945 = DIRECTION ( 'NONE',  ( 0.000000000000000000, 1.000000000000000000, 0.000000000000000000 ) ) ;
#2946 = DIRECTION ( 'NONE',  ( -0.9538793117875775662, 0.000000000000000000, 0.3001903705045475546 ) ) ;
#2947 = EDGE_CURVE ( 'NONE', #1354, #212, #1223, .T. ) ;
#2948 = SURFACE_STYLE_FILL_AREA ( #155 ) ;
#2949 = EDGE_LOOP ( 'NONE', ( #3629, #3608, #60, #1871 ) ) ;
#2950 = ADVANCED_FACE ( 'NONE', ( #3886 ), #3032, .F. ) ;
#2951 = ORIENTED_EDGE ( 'NONE', *, *, #2716, .T. ) ;
#2952 = DIRECTION ( 'NONE',  ( 1.000000000000000000, 0.000000000000000000, 0.000000000000000000 ) ) ;
#2953 = LINE ( 'NONE', #2940, #3349 ) ;
#2954 =( LENGTH_UNIT ( ) NAMED_UNIT ( * ) SI_UNIT ( .MILLI., .METRE. ) );
#2955 = SURFACE_SIDE_STYLE ('',( #226 ) ) ;
#2956 = CARTESIAN_POINT ( 'NONE',  ( 1.257744309980915798, 1.000000000000000000, 1.859949467328139372 ) ) ;
#2957 = PRESENTATION_STYLE_ASSIGNMENT (( #1421 ) ) ;
#2958 = FILL_AREA_STYLE_COLOUR ( '', #229 ) ;
#2959 = DIRECTION ( 'NONE',  ( 0.000000000000000000, -1.000000000000000000, 0.000000000000000000 ) ) ;
#2960 = MECHANICAL_DESIGN_GEOMETRIC_PRESENTATION_REPRESENTATION (  '', ( #2452 ), #2647 ) ;
#2961 = DIRECTION ( 'NONE',  ( 0.000000000000000000, 0.000000000000000000, -1.000000000000000000 ) ) ;
#2962 = ORIENTED_EDGE ( 'NONE', *, *, #713, .F. ) ;
#2963 = MECHANICAL_DESIGN_GEOMETRIC_PRESENTATION_REPRESENTATION (  '', ( #2129 ), #144 ) ;
#2964 = VERTEX_POINT ( 'NONE', #1157 ) ;
#2965 =( NAMED_UNIT ( * ) PLANE_ANGLE_UNIT ( ) SI_UNIT ( $, .RADIAN. ) );
#2966 = CARTESIAN_POINT ( 'NONE',  ( -1.930552245102423070, 0.5000000000000000000, -1.186925895916809637 ) ) ;
#2967 = ORIENTED_EDGE ( 'NONE', *, *, #1612, .F. ) ;
#2968 = UNCERTAINTY_MEASURE_WITH_UNIT (LENGTH_MEASURE( 1.000000000000000082E-05 ), #3243, 'distance_accuracy_value', 'NONE');
#2969 = CARTESIAN_POINT ( 'NONE',  ( -1.262034708977616271, 0.5000000000000000000, -1.681421236152723431 ) ) ;
#2970 = CARTESIAN_POINT ( 'NONE',  ( -1.167040367566442027, 1.000000000000000000, -1.748378213665942260 ) ) ;
#2971 = DIRECTION ( 'NONE',  ( 0.000000000000000000, 0.000000000000000000, 1.000000000000000000 ) ) ;
#2972 = DIRECTION ( 'NONE',  ( -0.000000000000000000, -1.000000000000000000, -0.000000000000000000 ) ) ;
#2973 = LINE ( 'NONE', #254, #3742 ) ;
#2974 = PRESENTATION_LAYER_ASSIGNMENT (  '', '', ( #1575 ) ) ;
#2975 = EDGE_CURVE ( 'NONE', #3881, #2448, #700, .T. ) ;
#2976 = DIRECTION ( 'NONE',  ( 0.000000000000000000, 1.000000000000000000, 0.000000000000000000 ) ) ;
#2977 = ORIENTED_EDGE ( 'NONE', *, *, #261, .T. ) ;
#2978 = EDGE_CURVE ( 'NONE', #3475, #3794, #1598, .T. ) ;
#2979 = VECTOR ( 'NONE', #3390, 1000.000000000000114 ) ;
#2980 = VERTEX_POINT ( 'NONE', #1745 ) ;
#2981 = STYLED_ITEM ( 'NONE', ( #277 ), #2055 ) ;
#2982 = ORIENTED_EDGE ( 'NONE', *, *, #3913, .T. ) ;
#2983 = ADVANCED_FACE ( 'NONE', ( #1782 ), #1495, .T. ) ;
#2984 = EDGE_CURVE ( 'NONE', #2766, #3622, #2643, .T. ) ;
#2985 = ORIENTED_EDGE ( 'NONE', *, *, #1006, .T. ) ;
#2986 = FACE_OUTER_BOUND ( 'NONE', #3359, .T. ) ;
#2987 = DIRECTION ( 'NONE',  ( 0.9538793117875775662, -0.000000000000000000, 0.3001903705045472770 ) ) ;
#2988 = CARTESIAN_POINT ( 'NONE',  ( -1.244452586400646821, -0.2500000000000000000, -1.942127013025817472 ) ) ;
#2989 = VECTOR ( 'NONE', #3583, 1000.000000000000000 ) ;
#2990 = STYLED_ITEM ( 'NONE', ( #2494 ), #2537 ) ;
#2991 = EDGE_CURVE ( 'NONE', #795, #2460, #2627, .T. ) ;
#2992 = ORIENTED_EDGE ( 'NONE', *, *, #2881, .T. ) ;
#2993 =( NAMED_UNIT ( * ) PLANE_ANGLE_UNIT ( ) SI_UNIT ( $, .RADIAN. ) );
#2994 = MECHANICAL_DESIGN_GEOMETRIC_PRESENTATION_REPRESENTATION (  '', ( #3758 ), #2817 ) ;
#2995 = CARTESIAN_POINT ( 'NONE',  ( 0.000000000000000000, 1.350000000000000089, 0.000000000000000000 ) ) ;
#2996 = EDGE_CURVE ( 'NONE', #3622, #336, #1449, .T. ) ;
#2997 = LINE ( 'NONE', #3661, #499 ) ;
#2998 = CARTESIAN_POINT ( 'NONE',  ( -1.676597395366103083, 0.5000000000000000000, -1.181981248396587247 ) ) ;
#2999 = CIRCLE ( 'NONE', #1918, 0.09999999999999982514 ) ;
#3000 = VERTEX_POINT ( 'NONE', #1266 ) ;
#3001 = PRESENTATION_STYLE_ASSIGNMENT (( #208 ) ) ;
#3002 = AXIS2_PLACEMENT_3D ( 'NONE', #2747, #1835, #11 ) ;
#3003 = DIRECTION ( 'NONE',  ( 0.000000000000000000, 0.000000000000000000, 1.000000000000000000 ) ) ;
#3004 = VERTEX_POINT ( 'NONE', #930 ) ;
#3005 = EDGE_CURVE ( 'NONE', #316, #1093, #1230, .T. ) ;
#3006 = PLANE ( 'NONE',  #914 ) ;
#3007 = ORIENTED_EDGE ( 'NONE', *, *, #261, .F. ) ;
#3008 = ORIENTED_EDGE ( 'NONE', *, *, #2397, .T. ) ;
#3009 = LINE ( 'NONE', #266, #3170 ) ;
#3010 = SURFACE_STYLE_FILL_AREA ( #2119 ) ;
#3011 = ORIENTED_EDGE ( 'NONE', *, *, #1610, .F. ) ;
#3012 = LINE ( 'NONE', #1447, #2153 ) ;
#3013 = SURFACE_SIDE_STYLE ('',( #227 ) ) ;
#3014 = DIRECTION ( 'NONE',  ( -0.000000000000000000, -1.000000000000000000, -0.000000000000000000 ) ) ;
#3015 = CIRCLE ( 'NONE', #3045, 0.09999999999999982514 ) ;
#3016 = DIRECTION ( 'NONE',  ( 0.7060277777428426438, 0.000000000000000000, -0.7081841406410503970 ) ) ;
#3017 = DIRECTION ( 'NONE',  ( -4.188538737677001009E-17, 0.9396926207859082059, 0.3420201433256694901 ) ) ;
#3018 = SURFACE_STYLE_FILL_AREA ( #3248 ) ;
#3019 = ORIENTED_EDGE ( 'NONE', *, *, #1071, .T. ) ;
#3020 = DIRECTION ( 'NONE',  ( -0.000000000000000000, -1.000000000000000000, -0.000000000000000000 ) ) ;
#3021 = ORIENTED_EDGE ( 'NONE', *, *, #283, .F. ) ;
#3022 = CARTESIAN_POINT ( 'NONE',  ( -1.859949467328139594, 0.5000000000000000000, -1.257744309980915354 ) ) ;
#3023 = EDGE_LOOP ( 'NONE', ( #2985, #637, #681, #835 ) ) ;
#3024 = ORIENTED_EDGE ( 'NONE', *, *, #2581, .T. ) ;
#3025 =( NAMED_UNIT ( * ) PLANE_ANGLE_UNIT ( ) SI_UNIT ( $, .RADIAN. ) );
#3026 = SURFACE_STYLE_FILL_AREA ( #991 ) ;
#3027 = EDGE_CURVE ( 'NONE', #2467, #1506, #2126, .T. ) ;
#3028 = COLOUR_RGB ( '',0.6470588235294117974, 0.6196078431372549211, 0.5882352941176470784 ) ;
#3029 = ORIENTED_EDGE ( 'NONE', *, *, #3728, .F. ) ;
#3030 = LINE ( 'NONE', #3658, #3432 ) ;
#3031 = DIRECTION ( 'NONE',  ( 0.000000000000000000, 1.000000000000000000, 0.000000000000000000 ) ) ;
#3032 = PLANE ( 'NONE',  #3934 ) ;
#3033 = CARTESIAN_POINT ( 'NONE',  ( 1.000000000000000000, 1.000000000000000000, 2.000000000000000000 ) ) ;
#3034 = VECTOR ( 'NONE', #3168, 1000.000000000000227 ) ;
#3035 = SURFACE_SIDE_STYLE ('',( #2722 ) ) ;
#3036 = EDGE_CURVE ( 'NONE', #1354, #72, #3383, .T. ) ;
#3037 = CARTESIAN_POINT ( 'NONE',  ( 0.5659919705094587083, -0.2500000000000000000, 1.280489394457767549 ) ) ;
#3038 = ORIENTED_EDGE ( 'NONE', *, *, #2996, .T. ) ;
#3039 = SURFACE_STYLE_FILL_AREA ( #257 ) ;
#3040 = CARTESIAN_POINT ( 'NONE',  ( -1.838122338896785335, 0.5000000000000000000, -1.235983643373856244 ) ) ;
#3041 = VECTOR ( 'NONE', #69, 1000.000000000000000 ) ;
#3042 = VECTOR ( 'NONE', #3395, 1000.000000000000000 ) ;
#3043 = CIRCLE ( 'NONE', #370, 0.1199999999999998845 ) ;
#3044 = ORIENTED_EDGE ( 'NONE', *, *, #141, .F. ) ;
#3045 = AXIS2_PLACEMENT_3D ( 'NONE', #1353, #3776, #3442 ) ;
#3046 = DIRECTION ( 'NONE',  ( -0.000000000000000000, -1.000000000000000000, -0.000000000000000000 ) ) ;
#3047 = AXIS2_PLACEMENT_3D ( 'NONE', #2894, #2610, #2334 ) ;
#3048 = VERTEX_POINT ( 'NONE', #320 ) ;
#3049 = ORIENTED_EDGE ( 'NONE', *, *, #1856, .T. ) ;
#3050 = SURFACE_STYLE_FILL_AREA ( #1868 ) ;
#3051 = AXIS2_PLACEMENT_3D ( 'NONE', #3232, #1665, #1721 ) ;
#3052 = LINE ( 'NONE', #3357, #3596 ) ;
#3053 = ORIENTED_EDGE ( 'NONE', *, *, #802, .F. ) ;
#3054 = UNCERTAINTY_MEASURE_WITH_UNIT (LENGTH_MEASURE( 1.000000000000000082E-05 ), #1902, 'distance_accuracy_value', 'NONE');
#3055 = EDGE_LOOP ( 'NONE', ( #19, #375, #2757, #2982 ) ) ;
#3056 = CARTESIAN_POINT ( 'NONE',  ( -0.9292893218813457201, 0.5000000000000000000, -1.929289321881344277 ) ) ;
#3057 = CARTESIAN_POINT ( 'NONE',  ( 1.849354080340286588, 1.000000000000000000, 1.268324636571933839 ) ) ;
#3058 =( LENGTH_UNIT ( ) NAMED_UNIT ( * ) SI_UNIT ( .MILLI., .METRE. ) );
#3059 =( GEOMETRIC_REPRESENTATION_CONTEXT ( 3 ) GLOBAL_UNCERTAINTY_ASSIGNED_CONTEXT ( ( #2493 ) ) GLOBAL_UNIT_ASSIGNED_CONTEXT ( ( #2920, #3504, #3744 ) ) REPRESENTATION_CONTEXT ( 'NONE', 'WORKASPACE' ) );
#3060 = DIRECTION ( 'NONE',  ( -0.7081841406410511741, 0.000000000000000000, -0.7060277777428419776 ) ) ;
#3061 = LINE ( 'NONE', #2998, #3231 ) ;
#3062 = STYLED_ITEM ( 'NONE', ( #3832 ), #3903 ) ;
#3063 = AXIS2_PLACEMENT_3D ( 'NONE', #61, #1313, #2511 ) ;
#3064 = DIRECTION ( 'NONE',  ( -0.7060277777428373147, 0.000000000000000000, -0.7081841406410557260 ) ) ;
#3065 = ORIENTED_EDGE ( 'NONE', *, *, #710, .F. ) ;
#3066 = CARTESIAN_POINT ( 'NONE',  ( -1.838122338896785335, 1.000000000000000000, -1.235983643373856244 ) ) ;
#3067 = CARTESIAN_POINT ( 'NONE',  ( 1.235028396297817244, -0.2500000000000000000, 1.951569203483445980 ) ) ;
#3068 = MECHANICAL_DESIGN_GEOMETRIC_PRESENTATION_REPRESENTATION (  '', ( #1595 ), #3241 ) ;
#3069 = SURFACE_STYLE_USAGE ( .BOTH. , #2727 ) ;
#3070 = ORIENTED_EDGE ( 'NONE', *, *, #3937, .F. ) ;
#3071 = MECHANICAL_DESIGN_GEOMETRIC_PRESENTATION_REPRESENTATION (  '', ( #3134 ), #3628 ) ;
#3072 = FILL_AREA_STYLE ('',( #878 ) ) ;
#3073 = EDGE_LOOP ( 'NONE', ( #425, #3664, #1777, #1663, #3640, #325 ) ) ;
#3074 = SURFACE_SIDE_STYLE ('',( #2407 ) ) ;
#3075 = CARTESIAN_POINT ( 'NONE',  ( -2.000000000000000888, 0.000000000000000000, -1.000000000000000000 ) ) ;
#3076 = ORIENTED_EDGE ( 'NONE', *, *, #2339, .T. ) ;
#3077 = DIRECTION ( 'NONE',  ( -1.000000000000000000, 0.000000000000000000, -0.000000000000000000 ) ) ;
#3078 = FACE_OUTER_BOUND ( 'NONE', #3372, .T. ) ;
#3079 = CARTESIAN_POINT ( 'NONE',  ( 0.000000000000000000, 1.000000000000000000, 0.000000000000000000 ) ) ;
#3080 = SURFACE_SIDE_STYLE ('',( #634 ) ) ;
#3081 = EDGE_LOOP ( 'NONE', ( #1309, #2135, #3011, #3536, #2163, #2740, #2772, #1392 ) ) ;
#3082 = SURFACE_STYLE_FILL_AREA ( #90 ) ;
#3083 = SURFACE_SIDE_STYLE ('',( #2726 ) ) ;
#3084 = DIRECTION ( 'NONE',  ( 0.000000000000000000, 1.000000000000000000, 0.000000000000000000 ) ) ;
#3085 = VERTEX_POINT ( 'NONE', #3683 ) ;
#3086 = DIRECTION ( 'NONE',  ( 0.000000000000000000, 1.000000000000000000, 0.000000000000000000 ) ) ;
#3087 = ORIENTED_EDGE ( 'NONE', *, *, #3184, .T. ) ;
#3088 = SURFACE_STYLE_FILL_AREA ( #902 ) ;
#3089 = FACE_OUTER_BOUND ( 'NONE', #655, .T. ) ;
#3090 = VECTOR ( 'NONE', #2566, 1000.000000000000000 ) ;
#3091 = ORIENTED_EDGE ( 'NONE', *, *, #3690, .F. ) ;
#3092 = UNCERTAINTY_MEASURE_WITH_UNIT (LENGTH_MEASURE( 1.000000000000000082E-05 ), #1389, 'distance_accuracy_value', 'NONE');
#3093 = ORIENTED_EDGE ( 'NONE', *, *, #2087, .F. ) ;
#3094 = SURFACE_STYLE_FILL_AREA ( #3381 ) ;
#3095 = CARTESIAN_POINT ( 'NONE',  ( 1.681421236152723653, 1.000000000000000000, 1.262034708977616271 ) ) ;
#3096 = CARTESIAN_POINT ( 'NONE',  ( -1.167040367566441583, 0.5000000000000000000, -1.748378213665942260 ) ) ;
#3097 = MECHANICAL_DESIGN_GEOMETRIC_PRESENTATION_REPRESENTATION (  '', ( #2060 ), #150 ) ;
#3098 = DIRECTION ( 'NONE',  ( 0.7071067811865474617, 0.000000000000000000, -0.7071067811865474617 ) ) ;
#3099 = ORIENTED_EDGE ( 'NONE', *, *, #3584, .F. ) ;
#3100 = DIRECTION ( 'NONE',  ( -0.000000000000000000, 1.000000000000000000, -0.000000000000000000 ) ) ;
#3101 = DIRECTION ( 'NONE',  ( 0.000000000000000000, 0.000000000000000000, 1.000000000000000000 ) ) ;
#3102 = EDGE_CURVE ( 'NONE', #1889, #3149, #1875, .T. ) ;
#3103 = VERTEX_POINT ( 'NONE', #296 ) ;
#3104 = ORIENTED_EDGE ( 'NONE', *, *, #1791, .F. ) ;
#3105 = AXIS2_PLACEMENT_3D ( 'NONE', #3382, #30, #2414 ) ;
#3106 = EDGE_CURVE ( 'NONE', #419, #3261, #2684, .T. ) ;
#3107 = ORIENTED_EDGE ( 'NONE', *, *, #1610, .T. ) ;
#3108 = CIRCLE ( 'NONE', #2861, 1.399999999999999911 ) ;
#3109 = DIRECTION ( 'NONE',  ( 0.000000000000000000, 1.000000000000000000, 0.000000000000000000 ) ) ;
#3110 = FILL_AREA_STYLE_COLOUR ( '', #415 ) ;
#3111 = DIRECTION ( 'NONE',  ( 0.7060277777428420887, 0.000000000000000000, 0.7081841406410509521 ) ) ;
#3112 = STYLED_ITEM ( 'NONE', ( #2439 ), #1844 ) ;
#3113 = EDGE_CURVE ( 'NONE', #1889, #1146, #2999, .T. ) ;
#3114 = MECHANICAL_DESIGN_GEOMETRIC_PRESENTATION_REPRESENTATION (  '', ( #2479 ), #1281 ) ;
#3115 = ORIENTED_EDGE ( 'NONE', *, *, #1992, .F. ) ;
#3116 = VERTEX_POINT ( 'NONE', #630 ) ;
#3117 = CIRCLE ( 'NONE', #2076, 0.1199999999999998845 ) ;
#3118 = DIRECTION ( 'NONE',  ( -0.7060277777428426438, 0.000000000000000000, 0.7081841406410503970 ) ) ;
#3119 = DIRECTION ( 'NONE',  ( 0.7060277777428440871, 0.000000000000000000, 0.7081841406410490647 ) ) ;
#3120 = STYLED_ITEM ( 'NONE', ( #1556 ), #2155 ) ;
#3121 = DIRECTION ( 'NONE',  ( 0.000000000000000000, 0.000000000000000000, 1.000000000000000000 ) ) ;
#3122 = ORIENTED_EDGE ( 'NONE', *, *, #224, .T. ) ;
#3123 = PLANE ( 'NONE',  #448 ) ;
#3124 = CARTESIAN_POINT ( 'NONE',  ( -1.197721858797649919, 0.5000000000000000000, -1.920172494404391417 ) ) ;
#3125 = CARTESIAN_POINT ( 'NONE',  ( -1.929289321881345609, 0.5000000000000000000, -0.9292893218813448319 ) ) ;
#3126 = VECTOR ( 'NONE', #1044, 1000.000000000000000 ) ;
#3127 =( LENGTH_UNIT ( ) NAMED_UNIT ( * ) SI_UNIT ( .MILLI., .METRE. ) );
#3128 = COLOUR_RGB ( '',0.6470588235294117974, 0.6196078431372549211, 0.5882352941176470784 ) ;
#3129 = ORIENTED_EDGE ( 'NONE', *, *, #611, .T. ) ;
#3130 = PRESENTATION_STYLE_ASSIGNMENT (( #2552 ) ) ;
#3131 = VECTOR ( 'NONE', #2863, 999.9999999999998863 ) ;
#3132 = AXIS2_PLACEMENT_3D ( 'NONE', #2687, #3020, #2442 ) ;
#3133 = ORIENTED_EDGE ( 'NONE', *, *, #2650, .F. ) ;
#3134 = STYLED_ITEM ( 'NONE', ( #2661 ), #2983 ) ;
#3135 = FILL_AREA_STYLE_COLOUR ( '', #2797 ) ;
#3136 = CARTESIAN_POINT ( 'NONE',  ( 1.328455888110519512, 0.5000000000000000000, 1.930659245424389603 ) ) ;
#3137 = DIRECTION ( 'NONE',  ( 0.9538793117875775662, 0.000000000000000000, -0.3001903705045475546 ) ) ;
#3138 = LINE ( 'NONE', #3745, #3415 ) ;
#3139 = FACE_OUTER_BOUND ( 'NONE', #2287, .T. ) ;
#3140 = VERTEX_POINT ( 'NONE', #607 ) ;
#3141 = CARTESIAN_POINT ( 'NONE',  ( 0.000000000000000000, 0.000000000000000000, 0.000000000000000000 ) ) ;
#3142 = DIRECTION ( 'NONE',  ( -0.9538793117875775662, 0.000000000000000000, -0.3001903705045472770 ) ) ;
#3143 = LINE ( 'NONE', #3787, #324 ) ;
#3144 = DIRECTION ( 'NONE',  ( -0.7071157812960313649, 0.000000000000000000, 0.7070977809625080823 ) ) ;
#3145 = EDGE_LOOP ( 'NONE', ( #344, #2499, #2717, #1163 ) ) ;
#3146 = CARTESIAN_POINT ( 'NONE',  ( -2.000000000000000888, 1.000000000000000000, -1.000000000000000000 ) ) ;
#3147 = CARTESIAN_POINT ( 'NONE',  ( -1.908725116671069699, 1.000000000000000000, -1.165165229309751416 ) ) ;
#3148 = ORIENTED_EDGE ( 'NONE', *, *, #132, .T. ) ;
#3149 = VERTEX_POINT ( 'NONE', #2769 ) ;
#3150 = LINE ( 'NONE', #2899, #536 ) ;
#3151 = SURFACE_STYLE_FILL_AREA ( #3780 ) ;
#3152 = ADVANCED_FACE ( 'NONE', ( #3078 ), #1025, .T. ) ;
#3153 = STYLED_ITEM ( 'NONE', ( #3670 ), #1293 ) ;
#3154 = CARTESIAN_POINT ( 'NONE',  ( 1.000000000000000000, 1.000000000000000000, 2.000000000000000000 ) ) ;
#3155 = VERTEX_POINT ( 'NONE', #74 ) ;
#3156 = DIRECTION ( 'NONE',  ( 0.000000000000000000, 0.000000000000000000, 1.000000000000000000 ) ) ;
#3157 = CARTESIAN_POINT ( 'NONE',  ( 0.000000000000000000, -0.2500000000000000000, 0.000000000000000000 ) ) ;
#3158 = PRESENTATION_LAYER_ASSIGNMENT (  '', '', ( #2060 ) ) ;
#3159 = DIRECTION ( 'NONE',  ( 0.000000000000000000, -1.000000000000000000, 0.000000000000000000 ) ) ;
#3160 = EDGE_CURVE ( 'NONE', #1191, #2387, #1927, .T. ) ;
#3161 = EDGE_CURVE ( 'NONE', #613, #1596, #3143, .T. ) ;
#3162 = ORIENTED_EDGE ( 'NONE', *, *, #2638, .T. ) ;
#3163 = FILL_AREA_STYLE ('',( #2551 ) ) ;
#3164 = CARTESIAN_POINT ( 'NONE',  ( 0.9999999999999991118, 0.000000000000000000, -2.000000000000000000 ) ) ;
#3165 = EDGE_LOOP ( 'NONE', ( #1331, #3775, #3222, #129 ) ) ;
#3166 = CARTESIAN_POINT ( 'NONE',  ( 1.140595712195099143, 0.5000000000000000000, 1.808103301846329947 ) ) ;
#3167 = DIRECTION ( 'NONE',  ( 0.000000000000000000, 1.000000000000000000, 0.000000000000000000 ) ) ;
#3168 = DIRECTION ( 'NONE',  ( -0.7081841406410537276, 0.000000000000000000, -0.7060277777428393131 ) ) ;
#3169 = AXIS2_PLACEMENT_3D ( 'NONE', #3498, #2305, #2017 ) ;
#3170 = VECTOR ( 'NONE', #1630, 1000.000000000000114 ) ;
#3171 = CARTESIAN_POINT ( 'NONE',  ( -1.676597395366103083, 0.5000000000000000000, -1.181981248396587247 ) ) ;
#3172 = VECTOR ( 'NONE', #1475, 1000.000000000000000 ) ;
#3173 = DIRECTION ( 'NONE',  ( 0.7060277777428395352, -0.000000000000000000, 0.7081841406410537276 ) ) ;
#3174 = DIRECTION ( 'NONE',  ( -0.000000000000000000, -1.000000000000000000, -0.000000000000000000 ) ) ;
#3175 = VECTOR ( 'NONE', #469, 1000.000000000000114 ) ;
#3176 = CARTESIAN_POINT ( 'NONE',  ( -1.838122338896785335, 0.5000000000000000000, -1.235983643373856244 ) ) ;
#3177 = FACE_OUTER_BOUND ( 'NONE', #1152, .T. ) ;
#3178 = LINE ( 'NONE', #405, #28 ) ;
#3179 = AXIS2_PLACEMENT_3D ( 'NONE', #565, #3565, #838 ) ;
#3180 = PRESENTATION_STYLE_ASSIGNMENT (( #736 ) ) ;
#3181 = FACE_OUTER_BOUND ( 'NONE', #575, .T. ) ;
#3182 = VERTEX_POINT ( 'NONE', #1348 ) ;
#3183 = CARTESIAN_POINT ( 'NONE',  ( -1.922845672225926617, 1.000000000000000000, -1.151001546496930317 ) ) ;
#3184 = EDGE_CURVE ( 'NONE', #393, #1352, #2561, .T. ) ;
#3185 = PLANE ( 'NONE',  #2294 ) ;
#3186 = ORIENTED_EDGE ( 'NONE', *, *, #1570, .F. ) ;
#3187 = LINE ( 'NONE', #458, #608 ) ;
#3188 = DIRECTION ( 'NONE',  ( -0.000000000000000000, 1.000000000000000000, -0.000000000000000000 ) ) ;
#3189 = STYLED_ITEM ( 'NONE', ( #3180 ), #3225 ) ;
#3190 = EDGE_CURVE ( 'NONE', #2467, #1183, #2218, .T. ) ;
#3191 = CARTESIAN_POINT ( 'NONE',  ( -1.181419686669083813, 1.000000000000000000, -1.903919961059188148 ) ) ;
#3192 = VECTOR ( 'NONE', #2721, 1000.000000000000114 ) ;
#3193 =( NAMED_UNIT ( * ) PLANE_ANGLE_UNIT ( ) SI_UNIT ( $, .RADIAN. ) );
#3194 =( NAMED_UNIT ( * ) PLANE_ANGLE_UNIT ( ) SI_UNIT ( $, .RADIAN. ) );
#3195 = SURFACE_STYLE_USAGE ( .BOTH. , #2889 ) ;
#3196 = LINE ( 'NONE', #2607, #1089 ) ;
#3197 = CARTESIAN_POINT ( 'NONE',  ( 1.165165229309751860, 1.000000000000000000, 1.908725116671069477 ) ) ;
#3198 = CARTESIAN_POINT ( 'NONE',  ( -1.922845672225926617, 0.5000000000000000000, -1.151001546496930317 ) ) ;
#3199 = ORIENTED_EDGE ( 'NONE', *, *, #464, .F. ) ;
#3200 = CARTESIAN_POINT ( 'NONE',  ( 0.3507302107138732805, 0.000000000000000000, -0.3518014173115556753 ) ) ;
#3201 = DIRECTION ( 'NONE',  ( -1.000000000000000000, 0.000000000000000000, 0.000000000000000000 ) ) ;
#3202 = DIRECTION ( 'NONE',  ( -0.7071067811865472397, -0.000000000000000000, 0.7071067811865479058 ) ) ;
#3203 = ORIENTED_EDGE ( 'NONE', *, *, #2385, .T. ) ;
#3204 =( LENGTH_UNIT ( ) NAMED_UNIT ( * ) SI_UNIT ( .MILLI., .METRE. ) );
#3205 = DIRECTION ( 'NONE',  ( 0.7060277777428410895, 0.000000000000000000, 0.7081841406410520623 ) ) ;
#3206 = DIRECTION ( 'NONE',  ( 0.000000000000000000, 0.000000000000000000, 1.000000000000000000 ) ) ;
#3207 = DIRECTION ( 'NONE',  ( 0.000000000000000000, 0.000000000000000000, 1.000000000000000000 ) ) ;
#3208 = CARTESIAN_POINT ( 'NONE',  ( -1.000000000000000222, 0.5000000000000000000, -1.999999999999999556 ) ) ;
#3209 = CARTESIAN_POINT ( 'NONE',  ( 1.235983643373856689, 0.5000000000000000000, 1.838122338896785113 ) ) ;
#3210 =( LENGTH_UNIT ( ) NAMED_UNIT ( * ) SI_UNIT ( .MILLI., .METRE. ) );
#3211 = DIRECTION ( 'NONE',  ( 0.000000000000000000, -1.000000000000000000, 0.000000000000000000 ) ) ;
#3212 = LINE ( 'NONE', #3198, #2274 ) ;
#3213 = DIRECTION ( 'NONE',  ( 0.000000000000000000, 0.000000000000000000, 1.000000000000000000 ) ) ;
#3214 = LINE ( 'NONE', #1703, #656 ) ;
#3215 = CARTESIAN_POINT ( 'NONE',  ( -0.5762133289941130387, -0.2500000000000000000, -1.275922489608801058 ) ) ;
#3216 = ORIENTED_EDGE ( 'NONE', *, *, #3394, .F. ) ;
#3217 = MECHANICAL_DESIGN_GEOMETRIC_PRESENTATION_REPRESENTATION (  '', ( #2327 ), #789 ) ;
#3218 = FILL_AREA_STYLE ('',( #2004 ) ) ;
#3219 = EDGE_CURVE ( 'NONE', #3313, #3475, #3751, .T. ) ;
#3220 =( GEOMETRIC_REPRESENTATION_CONTEXT ( 3 ) GLOBAL_UNCERTAINTY_ASSIGNED_CONTEXT ( ( #2367 ) ) GLOBAL_UNIT_ASSIGNED_CONTEXT ( ( #1849, #3334, #377 ) ) REPRESENTATION_CONTEXT ( 'NONE', 'WORKASPACE' ) );
#3221 = CIRCLE ( 'NONE', #671, 0.1200000000000000927 ) ;
#3222 = ORIENTED_EDGE ( 'NONE', *, *, #2906, .F. ) ;
#3223 = FACE_OUTER_BOUND ( 'NONE', #3055, .T. ) ;
#3224 = EDGE_CURVE ( 'NONE', #7, #795, #979, .T. ) ;
#3225 = ADVANCED_FACE ( 'NONE', ( #1965 ), #673, .T. ) ;
#3226 = SURFACE_SIDE_STYLE ('',( #2349 ) ) ;
#3227 = VECTOR ( 'NONE', #2621, 1000.000000000000114 ) ;
#3228 = CIRCLE ( 'NONE', #300, 0.1000000000000000472 ) ;
#3229 =( LENGTH_UNIT ( ) NAMED_UNIT ( * ) SI_UNIT ( .MILLI., .METRE. ) );
#3230 = PRESENTATION_STYLE_ASSIGNMENT (( #2869 ) ) ;
#3231 = VECTOR ( 'NONE', #1808, 1000.000000000000000 ) ;
#3232 = CARTESIAN_POINT ( 'NONE',  ( -1.268324636571934283, 1.000000000000000000, -1.849354080340286366 ) ) ;
#3233 = EDGE_CURVE ( 'NONE', #308, #795, #1642, .T. ) ;
#3234 =( LENGTH_UNIT ( ) NAMED_UNIT ( * ) SI_UNIT ( .MILLI., .METRE. ) );
#3235 = DIRECTION ( 'NONE',  ( -0.7081841406410521733, 0.000000000000000000, -0.7060277777428409784 ) ) ;
#3236 = ORIENTED_EDGE ( 'NONE', *, *, #3255, .F. ) ;
#3237 =( GEOMETRIC_REPRESENTATION_CONTEXT ( 3 ) GLOBAL_UNCERTAINTY_ASSIGNED_CONTEXT ( ( #724 ) ) GLOBAL_UNIT_ASSIGNED_CONTEXT ( ( #3700, #621, #657 ) ) REPRESENTATION_CONTEXT ( 'NONE', 'WORKASPACE' ) );
#3238 = ORIENTED_EDGE ( 'NONE', *, *, #1702, .F. ) ;
#3239 = DIRECTION ( 'NONE',  ( 0.000000000000000000, 1.000000000000000000, 0.000000000000000000 ) ) ;
#3240 = CIRCLE ( 'NONE', #2425, 0.1000000000000000472 ) ;
#3241 =( GEOMETRIC_REPRESENTATION_CONTEXT ( 3 ) GLOBAL_UNCERTAINTY_ASSIGNED_CONTEXT ( ( #456 ) ) GLOBAL_UNIT_ASSIGNED_CONTEXT ( ( #2504, #2159, #614 ) ) REPRESENTATION_CONTEXT ( 'NONE', 'WORKASPACE' ) );
#3242 =( LENGTH_UNIT ( ) NAMED_UNIT ( * ) SI_UNIT ( .MILLI., .METRE. ) );
#3243 =( LENGTH_UNIT ( ) NAMED_UNIT ( * ) SI_UNIT ( .MILLI., .METRE. ) );
#3244 = CARTESIAN_POINT ( 'NONE',  ( -1.858128143392687281, 1.000000000000000000, -1.141871856607312496 ) ) ;
#3245 = PRODUCT_DEFINITION_SHAPE ( 'NONE', 'NONE',  #762 ) ;
#3246 = CARTESIAN_POINT ( 'NONE',  ( -1.838122338896785335, 0.5000000000000000000, -1.235983643373856244 ) ) ;
#3247 = LINE ( 'NONE', #3855, #799 ) ;
#3248 = FILL_AREA_STYLE ('',( #232 ) ) ;
#3249 = DIRECTION ( 'NONE',  ( -0.000000000000000000, 1.000000000000000000, -0.000000000000000000 ) ) ;
#3250 = ORIENTED_EDGE ( 'NONE', *, *, #3441, .T. ) ;
#3251 = EDGE_CURVE ( 'NONE', #2344, #1649, #239, .T. ) ;
#3252 = EDGE_LOOP ( 'NONE', ( #921, #2453, #851, #2003 ) ) ;
#3253 = FILL_AREA_STYLE ('',( #3269 ) ) ;
#3254 = LINE ( 'NONE', #1443, #850 ) ;
#3255 = EDGE_CURVE ( 'NONE', #2214, #88, #1003, .T. ) ;
#3256 = VERTEX_POINT ( 'NONE', #1324 ) ;
#3257 =( NAMED_UNIT ( * ) PLANE_ANGLE_UNIT ( ) SI_UNIT ( $, .RADIAN. ) );
#3258 = CARTESIAN_POINT ( 'NONE',  ( 1.257744309980915798, 0.5000000000000000000, 1.859949467328139372 ) ) ;
#3259 = CARTESIAN_POINT ( 'NONE',  ( 1.275922489608801280, -5.963111948670274387E-16, 0.5762133289941125946 ) ) ;
#3260 = CARTESIAN_POINT ( 'NONE',  ( 1.920172494404391639, 0.5000000000000000000, 1.197721858797649475 ) ) ;
#3261 = VERTEX_POINT ( 'NONE', #2547 ) ;
#3262 = CARTESIAN_POINT ( 'NONE',  ( 1.235983643373856689, 0.5000000000000000000, 1.838122338896785113 ) ) ;
#3263 = DIRECTION ( 'NONE',  ( 0.7060277777428394241, 0.000000000000000000, -0.7081841406410538386 ) ) ;
#3264 = ADVANCED_FACE ( 'NONE', ( #2663 ), #2013, .T. ) ;
#3265 = ADVANCED_FACE ( 'NONE', ( #3823 ), #1087, .F. ) ;
#3266 = ORIENTED_EDGE ( 'NONE', *, *, #187, .F. ) ;
#3267 = VECTOR ( 'NONE', #810, 1000.000000000000114 ) ;
#3268 = VERTEX_POINT ( 'NONE', #2682 ) ;
#3269 = FILL_AREA_STYLE_COLOUR ( '', #546 ) ;
#3270 = LINE ( 'NONE', #3559, #1382 ) ;
#3271 = VECTOR ( 'NONE', #1377, 999.9999999999998863 ) ;
#3272 = EDGE_LOOP ( 'NONE', ( #2259, #843, #305, #329 ) ) ;
#3273 = PRESENTATION_LAYER_ASSIGNMENT (  '', '', ( #3474 ) ) ;
#3274 = SURFACE_SIDE_STYLE ('',( #2027 ) ) ;
#3275 = CARTESIAN_POINT ( 'NONE',  ( -1.802099494436239180, 0.5000000000000000000, -1.121518125959347190 ) ) ;
#3276 = AXIS2_PLACEMENT_3D ( 'NONE', #437, #3428, #2562 ) ;
#3277 = DIRECTION ( 'NONE',  ( 0.000000000000000000, 0.000000000000000000, -1.000000000000000000 ) ) ;
#3278 = LINE ( 'NONE', #1452, #3172 ) ;
#3279 = PRESENTATION_LAYER_ASSIGNMENT (  '', '', ( #220 ) ) ;
#3280 = MECHANICAL_DESIGN_GEOMETRIC_PRESENTATION_REPRESENTATION (  '', ( #1001 ), #1507 ) ;
#3281 = ORIENTED_EDGE ( 'NONE', *, *, #2277, .F. ) ;
#3282 = CARTESIAN_POINT ( 'NONE',  ( -1.252022464443368177, 0.5000000000000000000, -1.833101546995083098 ) ) ;
#3283 = VECTOR ( 'NONE', #2927, 1000.000000000000000 ) ;
#3284 = SURFACE_STYLE_USAGE ( .BOTH. , #259 ) ;
#3285 = ORIENTED_EDGE ( 'NONE', *, *, #3913, .F. ) ;
#3286 = MECHANICAL_DESIGN_GEOMETRIC_PRESENTATION_REPRESENTATION (  '', ( #3547 ), #1131 ) ;
#3287 = MECHANICAL_DESIGN_GEOMETRIC_PRESENTATION_REPRESENTATION (  '', ( #1077 ), #2739 ) ;
#3288 =( LENGTH_UNIT ( ) NAMED_UNIT ( * ) SI_UNIT ( .MILLI., .METRE. ) );
#3289 = ORIENTED_EDGE ( 'NONE', *, *, #1469, .F. ) ;
#3290 =( GEOMETRIC_REPRESENTATION_CONTEXT ( 3 ) GLOBAL_UNCERTAINTY_ASSIGNED_CONTEXT ( ( #1891 ) ) GLOBAL_UNIT_ASSIGNED_CONTEXT ( ( #3229, #2943, #2803 ) ) REPRESENTATION_CONTEXT ( 'NONE', 'WORKASPACE' ) );
#3291 = ORIENTED_EDGE ( 'NONE', *, *, #3518, .T. ) ;
#3292 = SURFACE_STYLE_FILL_AREA ( #2885 ) ;
#3293 = LINE ( 'NONE', #1241, #40 ) ;
#3294 = PRESENTATION_STYLE_ASSIGNMENT (( #246 ) ) ;
#3295 = VECTOR ( 'NONE', #2806, 1000.000000000000000 ) ;
#3296 = PRODUCT_CONTEXT ( 'NONE', #3765, 'mechanical' ) ;
#3297 = EDGE_CURVE ( 'NONE', #1464, #430, #2485, .T. ) ;
#3298 = ORIENTED_EDGE ( 'NONE', *, *, #1856, .F. ) ;
#3299 = SURFACE_STYLE_USAGE ( .BOTH. , #2955 ) ;
#3300 = AXIS2_PLACEMENT_3D ( 'NONE', #3782, #2267, #1113 ) ;
#3301 = AXIS2_PLACEMENT_3D ( 'NONE', #3262, #1812, #1521 ) ;
#3302 = FILL_AREA_STYLE_COLOUR ( '', #2820 ) ;
#3303 = DIRECTION ( 'NONE',  ( 0.000000000000000000, 1.000000000000000000, 0.000000000000000000 ) ) ;
#3304 = DIRECTION ( 'NONE',  ( 0.000000000000000000, -1.000000000000000000, 0.000000000000000000 ) ) ;
#3305 = VECTOR ( 'NONE', #3931, 1000.000000000000000 ) ;
#3306 = DIRECTION ( 'NONE',  ( -0.000000000000000000, -1.000000000000000000, -0.000000000000000000 ) ) ;
#3307 = ORIENTED_EDGE ( 'NONE', *, *, #3843, .T. ) ;
#3308 = CYLINDRICAL_SURFACE ( 'NONE', #3301, 0.1000000000000000472 ) ;
#3309 =( NAMED_UNIT ( * ) PLANE_ANGLE_UNIT ( ) SI_UNIT ( $, .RADIAN. ) );
#3310 = MECHANICAL_DESIGN_GEOMETRIC_PRESENTATION_REPRESENTATION (  '', ( #3189 ), #3620 ) ;
#3311 = ORIENTED_EDGE ( 'NONE', *, *, #1396, .F. ) ;
#3312 = SURFACE_STYLE_USAGE ( .BOTH. , #3330 ) ;
#3313 = VERTEX_POINT ( 'NONE', #207 ) ;
#3314 = ORIENTED_EDGE ( 'NONE', *, *, #1396, .T. ) ;
#3315 = CARTESIAN_POINT ( 'NONE',  ( 1.162903662160836182, 0.5000000000000000000, 1.670593587956011872 ) ) ;
#3316 = LINE ( 'NONE', #3805, #3271 ) ;
#3317 = EDGE_CURVE ( 'NONE', #1183, #2570, #3810, .T. ) ;
#3318 = EDGE_LOOP ( 'NONE', ( #3203, #2192, #3899, #3845 ) ) ;
#3319 = UNCERTAINTY_MEASURE_WITH_UNIT (LENGTH_MEASURE( 1.000000000000000082E-05 ), #3127, 'distance_accuracy_value', 'NONE');
#3320 = LINE ( 'NONE', #2768, #236 ) ;
#3321 = LINE ( 'NONE', #3362, #3604 ) ;
#3322 = CARTESIAN_POINT ( 'NONE',  ( 1.833101546995083542, 1.000000000000000000, 1.252022464443367733 ) ) ;
#3323 = EDGE_CURVE ( 'NONE', #639, #2214, #1064, .T. ) ;
#3324 = EDGE_CURVE ( 'NONE', #1352, #2066, #3492, .T. ) ;
#3325 = CARTESIAN_POINT ( 'NONE',  ( 0.9999999999999991118, 1.000000000000000000, -2.000000000000000000 ) ) ;
#3326 = DIRECTION ( 'NONE',  ( 0.000000000000000000, 1.000000000000000000, 0.000000000000000000 ) ) ;
#3327 = VERTEX_POINT ( 'NONE', #3197 ) ;
#3328 = ORIENTED_EDGE ( 'NONE', *, *, #2140, .F. ) ;
#3329 =( GEOMETRIC_REPRESENTATION_CONTEXT ( 3 ) GLOBAL_UNCERTAINTY_ASSIGNED_CONTEXT ( ( #3680 ) ) GLOBAL_UNIT_ASSIGNED_CONTEXT ( ( #3204, #2847, #716 ) ) REPRESENTATION_CONTEXT ( 'NONE', 'WORKASPACE' ) );
#3330 = SURFACE_SIDE_STYLE ('',( #331 ) ) ;
#3331 = EDGE_LOOP ( 'NONE', ( #265, #2796, #3735, #3494, #2158 ) ) ;
#3332 = VERTEX_POINT ( 'NONE', #3259 ) ;
#3333 = PLANE ( 'NONE',  #2879 ) ;
#3334 =( NAMED_UNIT ( * ) PLANE_ANGLE_UNIT ( ) SI_UNIT ( $, .RADIAN. ) );
#3335 =( GEOMETRIC_REPRESENTATION_CONTEXT ( 3 ) GLOBAL_UNCERTAINTY_ASSIGNED_CONTEXT ( ( #2699 ) ) GLOBAL_UNIT_ASSIGNED_CONTEXT ( ( #828, #234, #1142 ) ) REPRESENTATION_CONTEXT ( 'NONE', 'WORKASPACE' ) );
#3336 = ORIENTED_EDGE ( 'NONE', *, *, #2901, .T. ) ;
#3337 = AXIS2_PLACEMENT_3D ( 'NONE', #2182, #3142, #445 ) ;
#3338 = DIRECTION ( 'NONE',  ( 0.000000000000000000, 1.000000000000000000, 0.000000000000000000 ) ) ;
#3339 = SURFACE_STYLE_USAGE ( .BOTH. , #2436 ) ;
#3340 = ADVANCED_FACE ( 'NONE', ( #1677 ), #2825, .T. ) ;
#3341 = DIRECTION ( 'NONE',  ( -0.000000000000000000, 1.000000000000000000, -0.000000000000000000 ) ) ;
#3342 = CARTESIAN_POINT ( 'NONE',  ( 1.918083643872009247, 1.000000000000000000, 1.167299131114226451 ) ) ;
#3343 = AXIS2_PLACEMENT_3D ( 'NONE', #433, #3461, #727 ) ;
#3344 = CARTESIAN_POINT ( 'NONE',  ( 0.000000000000000000, -0.3499999999999999778, 0.000000000000000000 ) ) ;
#3345 = CARTESIAN_POINT ( 'NONE',  ( 1.667300680597866958, 0.5000000000000000000, 1.247871026164795172 ) ) ;
#3346 = ORIENTED_EDGE ( 'NONE', *, *, #2098, .T. ) ;
#3347 = PRESENTATION_STYLE_ASSIGNMENT (( #2461 ) ) ;
#3348 = CARTESIAN_POINT ( 'NONE',  ( -1.808103301846330169, 0.5000000000000000000, -1.140595712195098699 ) ) ;
#3349 = VECTOR ( 'NONE', #782, 1000.000000000000114 ) ;
#3350 = AXIS2_PLACEMENT_3D ( 'NONE', #3515, #2001, #483 ) ;
#3351 = COLOUR_RGB ( '',0.6470588235294117974, 0.6196078431372549211, 0.5882352941176470784 ) ;
#3352 = EDGE_LOOP ( 'NONE', ( #1239, #1465 ) ) ;
#3353 = EDGE_CURVE ( 'NONE', #2434, #1294, #2108, .T. ) ;
#3354 = CARTESIAN_POINT ( 'NONE',  ( 0.000000000000000000, -0.3499999999999999778, 0.000000000000000000 ) ) ;
#3355 = ORIENTED_EDGE ( 'NONE', *, *, #1690, .F. ) ;
#3356 = VECTOR ( 'NONE', #3449, 1000.000000000000000 ) ;
#3357 = CARTESIAN_POINT ( 'NONE',  ( 0.9999999999999991118, 1.000000000000000000, -2.000000000000000000 ) ) ;
#3358 = STYLED_ITEM ( 'NONE', ( #2006 ), #2450 ) ;
#3359 = EDGE_LOOP ( 'NONE', ( #1426, #3816, #1811, #924 ) ) ;
#3360 = UNCERTAINTY_MEASURE_WITH_UNIT (LENGTH_MEASURE( 1.000000000000000082E-05 ), #1258, 'distance_accuracy_value', 'NONE');
#3361 = ORIENTED_EDGE ( 'NONE', *, *, #1010, .T. ) ;
#3362 = CARTESIAN_POINT ( 'NONE',  ( 1.748378213665942482, 1.000000000000000000, 1.167040367566441583 ) ) ;
#3363 = CARTESIAN_POINT ( 'NONE',  ( -1.838122338896785335, 0.5000000000000000000, -1.235983643373856244 ) ) ;
#3364 = LINE ( 'NONE', #2390, #945 ) ;
#3365 =( LENGTH_UNIT ( ) NAMED_UNIT ( * ) SI_UNIT ( .MILLI., .METRE. ) );
#3366 = VECTOR ( 'NONE', #2564, 1000.000000000000000 ) ;
#3367 = COLOUR_RGB ( '',0.6470588235294117974, 0.6196078431372549211, 0.5882352941176470784 ) ;
#3368 = CARTESIAN_POINT ( 'NONE',  ( 1.934336177217212738, 0.5000000000000000000, 1.183601303242792779 ) ) ;
#3369 = ORIENTED_EDGE ( 'NONE', *, *, #2710, .F. ) ;
#3370 = DIRECTION ( 'NONE',  ( 0.000000000000000000, 0.000000000000000000, 1.000000000000000000 ) ) ;
#3371 = DIRECTION ( 'NONE',  ( 0.000000000000000000, 0.000000000000000000, 1.000000000000000000 ) ) ;
#3372 = EDGE_LOOP ( 'NONE', ( #1908, #537, #1512, #1414, #2816 ) ) ;
#3373 = AXIS2_PLACEMENT_3D ( 'NONE', #3452, #1942, #2272 ) ;
#3374 = APPLICATION_CONTEXT ( 'automotive_design' ) ;
#3375 = CARTESIAN_POINT ( 'NONE',  ( 1.235983643373856689, 0.5000000000000000000, 1.838122338896785113 ) ) ;
#3376 = ORIENTED_EDGE ( 'NONE', *, *, #2947, .T. ) ;
#3377 =( NAMED_UNIT ( * ) PLANE_ANGLE_UNIT ( ) SI_UNIT ( $, .RADIAN. ) );
#3378 = LINE ( 'NONE', #1279, #1641 ) ;
#3379 = EDGE_LOOP ( 'NONE', ( #715, #2514, #485, #3828 ) ) ;
#3380 = ORIENTED_EDGE ( 'NONE', *, *, #3568, .F. ) ;
#3381 = FILL_AREA_STYLE ('',( #29 ) ) ;
#3382 = CARTESIAN_POINT ( 'NONE',  ( 1.235983643373856689, 0.5000000000000000000, 1.838122338896785113 ) ) ;
#3383 = LINE ( 'NONE', #648, #3305 ) ;
#3384 = EDGE_CURVE ( 'NONE', #2214, #3103, #1159, .T. ) ;
#3385 = DIRECTION ( 'NONE',  ( -0.7071067811865477948, 0.000000000000000000, 0.7071067811865473507 ) ) ;
#3386 = FILL_AREA_STYLE ('',( #2771 ) ) ;
#3387 = VERTEX_POINT ( 'NONE', #1201 ) ;
#3388 = FILL_AREA_STYLE_COLOUR ( '', #1147 ) ;
#3389 = FILL_AREA_STYLE_COLOUR ( '', #478 ) ;
#3390 = DIRECTION ( 'NONE',  ( 0.7081841406410522843, -0.000000000000000000, 0.7060277777428407564 ) ) ;
#3391 = VERTEX_POINT ( 'NONE', #1179 ) ;
#3392 = ORIENTED_EDGE ( 'NONE', *, *, #1938, .T. ) ;
#3393 = EDGE_CURVE ( 'NONE', #3881, #576, #1857, .T. ) ;
#3394 = EDGE_CURVE ( 'NONE', #1480, #2788, #841, .T. ) ;
#3395 = DIRECTION ( 'NONE',  ( -0.000000000000000000, 1.000000000000000000, 0.000000000000000000 ) ) ;
#3396 = ORIENTED_EDGE ( 'NONE', *, *, #870, .T. ) ;
#3397 =( NAMED_UNIT ( * ) SI_UNIT ( $, .STERADIAN. ) SOLID_ANGLE_UNIT ( ) );
#3398 = PRESENTATION_STYLE_ASSIGNMENT (( #2431 ) ) ;
#3399 = ORIENTED_EDGE ( 'NONE', *, *, #2716, .F. ) ;
#3400 = ORIENTED_EDGE ( 'NONE', *, *, #2947, .F. ) ;
#3401 = EDGE_CURVE ( 'NONE', #2254, #35, #2225, .T. ) ;
#3402 =( NAMED_UNIT ( * ) PLANE_ANGLE_UNIT ( ) SI_UNIT ( $, .RADIAN. ) );
#3403 = PLANE ( 'NONE',  #2070 ) ;
#3404 = COLOUR_RGB ( '',0.6470588235294117974, 0.6196078431372549211, 0.5882352941176470784 ) ;
#3405 = PLANE ( 'NONE',  #242 ) ;
#3406 = STYLED_ITEM ( 'NONE', ( #3676 ), #410 ) ;
#3407 = DIRECTION ( 'NONE',  ( 0.7081841406410510631, 0.000000000000000000, 0.7060277777428419776 ) ) ;
#3408 = EDGE_LOOP ( 'NONE', ( #2075, #3458, #2093, #908 ) ) ;
#3409 = FACE_BOUND ( 'NONE', #1710, .T. ) ;
#3410 = AXIS2_PLACEMENT_3D ( 'NONE', #3136, #1915, #3503 ) ;
#3411 = DIRECTION ( 'NONE',  ( -0.7071067811865474617, 0.000000000000000000, 0.7071067811865474617 ) ) ;
#3412 = CARTESIAN_POINT ( 'NONE',  ( -1.280489394457767771, -0.2500000000000000000, -0.5659919705094583753 ) ) ;
#3413 = ORIENTED_EDGE ( 'NONE', *, *, #321, .T. ) ;
#3414 = EDGE_CURVE ( 'NONE', #639, #2373, #2997, .T. ) ;
#3415 = VECTOR ( 'NONE', #1977, 1000.000000000000000 ) ;
#3416 = LINE ( 'NONE', #131, #84 ) ;
#3417 = EDGE_CURVE ( 'NONE', #243, #3155, #2083, .T. ) ;
#3418 = VECTOR ( 'NONE', #140, 1000.000000000000114 ) ;
#3419 = PRESENTATION_STYLE_ASSIGNMENT (( #943 ) ) ;
#3420 = ORIENTED_EDGE ( 'NONE', *, *, #2347, .F. ) ;
#3421 = COLOUR_RGB ( '',0.6470588235294117974, 0.6196078431372549211, 0.5882352941176470784 ) ;
#3422 = SURFACE_SIDE_STYLE ('',( #79 ) ) ;
#3423 = CARTESIAN_POINT ( 'NONE',  ( -1.838122338896785335, 0.5000000000000000000, -1.135983643373856600 ) ) ;
#3424 =( GEOMETRIC_REPRESENTATION_CONTEXT ( 3 ) GLOBAL_UNCERTAINTY_ASSIGNED_CONTEXT ( ( #1800 ) ) GLOBAL_UNIT_ASSIGNED_CONTEXT ( ( #39, #2486, #3545 ) ) REPRESENTATION_CONTEXT ( 'NONE', 'WORKASPACE' ) );
#3425 =( GEOMETRIC_REPRESENTATION_CONTEXT ( 3 ) GLOBAL_UNCERTAINTY_ASSIGNED_CONTEXT ( ( #3833 ) ) GLOBAL_UNIT_ASSIGNED_CONTEXT ( ( #2420, #1203, #1422 ) ) REPRESENTATION_CONTEXT ( 'NONE', 'WORKASPACE' ) );
#3426 = PRODUCT_DEFINITION_CONTEXT ( 'detailed design', #3374, 'design' ) ;
#3427 = CARTESIAN_POINT ( 'NONE',  ( -1.657080472658437893E-16, 1.350000000000000089, -1.306217782649106596 ) ) ;
#3428 = DIRECTION ( 'NONE',  ( 0.7060277777428409784, 0.000000000000000000, -0.7081841406410522843 ) ) ;
#3429 = MECHANICAL_DESIGN_GEOMETRIC_PRESENTATION_REPRESENTATION (  '', ( #3120 ), #2932 ) ;
#3430 = PRESENTATION_STYLE_ASSIGNMENT (( #2845 ) ) ;
#3431 = ORIENTED_EDGE ( 'NONE', *, *, #2098, .F. ) ;
#3432 = VECTOR ( 'NONE', #1873, 1000.000000000000000 ) ;
#3433 = PLANE ( 'NONE',  #1490 ) ;
#3434 = FILL_AREA_STYLE_COLOUR ( '', #121 ) ;
#3435 = STYLED_ITEM ( 'NONE', ( #2907 ), #3264 ) ;
#3436 = CONICAL_SURFACE ( 'NONE', #1843, 1.399999999999999911, 0.3490658503988666728 ) ;
#3437 = ORIENTED_EDGE ( 'NONE', *, *, #460, .F. ) ;
#3438 = ORIENTED_EDGE ( 'NONE', *, *, #2277, .T. ) ;
#3439 = PRESENTATION_LAYER_ASSIGNMENT (  '', '', ( #3757 ) ) ;
#3440 = CIRCLE ( 'NONE', #3864, 0.1200000000000000927 ) ;
#3441 = EDGE_CURVE ( 'NONE', #2815, #2487, #3887, .T. ) ;
#3442 = DIRECTION ( 'NONE',  ( 0.000000000000000000, 0.000000000000000000, 1.000000000000000000 ) ) ;
#3443 = ORIENTED_EDGE ( 'NONE', *, *, #3255, .T. ) ;
#3444 = AXIS2_PLACEMENT_3D ( 'NONE', #2457, #340, #3660 ) ;
#3445 =( NAMED_UNIT ( * ) PLANE_ANGLE_UNIT ( ) SI_UNIT ( $, .RADIAN. ) );
#3446 = LINE ( 'NONE', #708, #1438 ) ;
#3447 = EDGE_CURVE ( 'NONE', #199, #3450, #542, .T. ) ;
#3448 = EDGE_CURVE ( 'NONE', #2239, #2980, #2438, .T. ) ;
#3449 = DIRECTION ( 'NONE',  ( 0.000000000000000000, 1.000000000000000000, 0.000000000000000000 ) ) ;
#3450 = VERTEX_POINT ( 'NONE', #1783 ) ;
#3451 = LINE ( 'NONE', #89, #3889 ) ;
#3453 = EDGE_CURVE ( 'NONE', #1312, #99, #2370, .T. ) ;
#3452 = CARTESIAN_POINT ( 'NONE',  ( -2.000000000000000888, 1.000000000000000000, -1.000000000000000000 ) ) ;
#3454 = DIRECTION ( 'NONE',  ( 0.7070977809625080823, 0.000000000000000000, -0.7071157812960313649 ) ) ;
#3455 = ORIENTED_EDGE ( 'NONE', *, *, #3106, .F. ) ;
#3456 = DIRECTION ( 'NONE',  ( 1.000000000000000000, 0.000000000000000000, -0.000000000000000000 ) ) ;
#3457 = LINE ( 'NONE', #3759, #2923 ) ;
#3458 = ORIENTED_EDGE ( 'NONE', *, *, #983, .F. ) ;
#3459 = LINE ( 'NONE', #725, #692 ) ;
#3460 = LINE ( 'NONE', #2558, #2273 ) ;
#3461 = DIRECTION ( 'NONE',  ( -0.000000000000000000, -1.000000000000000000, -0.000000000000000000 ) ) ;
#3462 = UNCERTAINTY_MEASURE_WITH_UNIT (LENGTH_MEASURE( 1.000000000000000082E-05 ), #520, 'distance_accuracy_value', 'NONE');
#3463 = CYLINDRICAL_SURFACE ( 'NONE', #1635, 0.09999999999999982514 ) ;
#3464 = LINE ( 'NONE', #1877, #1083 ) ;
#3465 = CARTESIAN_POINT ( 'NONE',  ( -2.000000000000000444, 0.5000000000000000000, -0.9999999999999995559 ) ) ;
#3466 = PRESENTATION_LAYER_ASSIGNMENT (  '', '', ( #2652 ) ) ;
#3467 = PLANE ( 'NONE',  #3337 ) ;
#3468 = FILL_AREA_STYLE_COLOUR ( '', #2402 ) ;
#3469 = VERTEX_POINT ( 'NONE', #1474 ) ;
#3470 = DIRECTION ( 'NONE',  ( -0.7081841406410521733, 0.000000000000000000, -0.7060277777428408674 ) ) ;
#3471 = DIRECTION ( 'NONE',  ( -0.7071067811865474617, -0.000000000000000000, 0.7071067811865474617 ) ) ;
#3472 = AXIS2_PLACEMENT_3D ( 'NONE', #2408, #2630, #2102 ) ;
#3473 = EDGE_CURVE ( 'NONE', #1312, #3391, #913, .T. ) ;
#3474 = STYLED_ITEM ( 'NONE', ( #3398 ), #443 ) ;
#3475 = VERTEX_POINT ( 'NONE', #3342 ) ;
#3476 = UNCERTAINTY_MEASURE_WITH_UNIT (LENGTH_MEASURE( 1.000000000000000082E-05 ), #2764, 'distance_accuracy_value', 'NONE');
#3477 = SURFACE_STYLE_FILL_AREA ( #1371 ) ;
#3478 = LINE ( 'NONE', #748, #422 ) ;
#3479 = MECHANICAL_DESIGN_GEOMETRIC_PRESENTATION_REPRESENTATION (  '', ( #1575 ), #38 ) ;
#3480 = VECTOR ( 'NONE', #505, 1000.000000000000114 ) ;
#3481 = LINE ( 'NONE', #2843, #3615 ) ;
#3482 = STYLED_ITEM ( 'NONE', ( #1045 ), #1593 ) ;
#3483 =( LENGTH_UNIT ( ) NAMED_UNIT ( * ) SI_UNIT ( .MILLI., .METRE. ) );
#3484 = EDGE_CURVE ( 'NONE', #2686, #2446, #3364, .T. ) ;
#3485 = CARTESIAN_POINT ( 'NONE',  ( -1.930552245102423070, 0.5000000000000000000, -1.186925895916809637 ) ) ;
#3486 = AXIS2_PLACEMENT_3D ( 'NONE', #1330, #429, #1031 ) ;
#3487 = FILL_AREA_STYLE_COLOUR ( '', #2672 ) ;
#3488 =( LENGTH_UNIT ( ) NAMED_UNIT ( * ) SI_UNIT ( .MILLI., .METRE. ) );
#3489 = DIRECTION ( 'NONE',  ( 0.7071067811865474617, 0.000000000000000000, -0.7071067811865475727 ) ) ;
#3490 = SURFACE_STYLE_FILL_AREA ( #477 ) ;
#3491 = AXIS2_PLACEMENT_3D ( 'NONE', #1249, #3663, #3098 ) ;
#3492 = LINE ( 'NONE', #3836, #754 ) ;
#3493 = CARTESIAN_POINT ( 'NONE',  ( 1.165165229309751860, 0.5000000000000000000, 1.908725116671069477 ) ) ;
#3494 = ORIENTED_EDGE ( 'NONE', *, *, #132, .F. ) ;
#3495 =( LENGTH_UNIT ( ) NAMED_UNIT ( * ) SI_UNIT ( .MILLI., .METRE. ) );
#3496 = DIRECTION ( 'NONE',  ( 0.000000000000000000, 1.000000000000000000, 0.000000000000000000 ) ) ;
#3497 = CIRCLE ( 'NONE', #1767, 1.399999999999999911 ) ;
#3498 = CARTESIAN_POINT ( 'NONE',  ( -1.922845672225926617, 0.5000000000000000000, -1.151001546496930317 ) ) ;
#3499 = EDGE_LOOP ( 'NONE', ( #1929, #1446, #557, #1793 ) ) ;
#3500 = MECHANICAL_DESIGN_GEOMETRIC_PRESENTATION_REPRESENTATION (  '', ( #3062 ), #2028 ) ;
#3501 = COLOUR_RGB ( '',0.6470588235294117974, 0.6196078431372549211, 0.5882352941176470784 ) ;
#3502 = PRESENTATION_STYLE_ASSIGNMENT (( #2512 ) ) ;
#3503 = DIRECTION ( 'NONE',  ( -0.7070977809625079713, 0.000000000000000000, 0.7071157812960314759 ) ) ;
#3504 =( NAMED_UNIT ( * ) PLANE_ANGLE_UNIT ( ) SI_UNIT ( $, .RADIAN. ) );
#3505 = VECTOR ( 'NONE', #2972, 1000.000000000000000 ) ;
#3506 = DIRECTION ( 'NONE',  ( 0.000000000000000000, 1.000000000000000000, 0.000000000000000000 ) ) ;
#3507 = FILL_AREA_STYLE ('',( #2902 ) ) ;
#3508 = SURFACE_SIDE_STYLE ('',( #2542 ) ) ;
#3509 = EDGE_CURVE ( 'NONE', #2838, #576, #3497, .T. ) ;
#3510 = CARTESIAN_POINT ( 'NONE',  ( -2.000000000000000000, 1.000000000000000000, 2.000000000000000000 ) ) ;
#3511 =( LENGTH_UNIT ( ) NAMED_UNIT ( * ) SI_UNIT ( .MILLI., .METRE. ) );
#3512 = CARTESIAN_POINT ( 'NONE',  ( 1.681421236152723653, 0.5000000000000000000, 1.262034708977616271 ) ) ;
#3513 = CARTESIAN_POINT ( 'NONE',  ( 2.000000000000000000, 0.5000000000000000000, 0.9999999999999997780 ) ) ;
#3514 = CARTESIAN_POINT ( 'NONE',  ( 1.121518125959347634, 0.5000000000000000000, 1.802099494436238958 ) ) ;
#3515 = CARTESIAN_POINT ( 'NONE',  ( 1.848979459789416691, 1.000000000000000000, 1.151020540210582865 ) ) ;
#3516 = ORIENTED_EDGE ( 'NONE', *, *, #2759, .T. ) ;
#3517 = EDGE_CURVE ( 'NONE', #335, #2324, #1496, .T. ) ;
#3518 = EDGE_CURVE ( 'NONE', #419, #3327, #892, .T. ) ;
#3519 = PRESENTATION_STYLE_ASSIGNMENT (( #2307 ) ) ;
#3520 = EDGE_CURVE ( 'NONE', #2686, #233, #1807, .T. ) ;
#3521 = ORIENTED_EDGE ( 'NONE', *, *, #548, .F. ) ;
#3522 = CARTESIAN_POINT ( 'NONE',  ( -1.922845672225926617, 1.000000000000000000, -1.151001546496930317 ) ) ;
#3523 = CARTESIAN_POINT ( 'NONE',  ( 1.186925895916810081, 1.000000000000000000, 1.930552245102422848 ) ) ;
#3524 = EDGE_CURVE ( 'NONE', #223, #3598, #2293, .T. ) ;
#3525 = LINE ( 'NONE', #2970, #666 ) ;
#3526 = PLANE ( 'NONE',  #2040 ) ;
#3527 = CARTESIAN_POINT ( 'NONE',  ( 0.000000000000000000, 0.5000000000000000000, 0.000000000000000000 ) ) ;
#3528 = SURFACE_SIDE_STYLE ('',( #1088 ) ) ;
#3529 = DIRECTION ( 'NONE',  ( 0.000000000000000000, 1.000000000000000000, 0.000000000000000000 ) ) ;
#3530 = SURFACE_STYLE_USAGE ( .BOTH. , #2318 ) ;
#3531 = PRESENTATION_LAYER_ASSIGNMENT (  '', '', ( #2129 ) ) ;
#3532 = CARTESIAN_POINT ( 'NONE',  ( 1.929289321881344499, 1.000000000000000000, 0.9292893218813452760 ) ) ;
#3533 = EDGE_LOOP ( 'NONE', ( #2473, #1792, #1679, #1786 ) ) ;
#3534 = COLOUR_RGB ( '',0.6470588235294117974, 0.6196078431372549211, 0.5882352941176470784 ) ;
#3535 =( GEOMETRIC_REPRESENTATION_CONTEXT ( 3 ) GLOBAL_UNCERTAINTY_ASSIGNED_CONTEXT ( ( #2968 ) ) GLOBAL_UNIT_ASSIGNED_CONTEXT ( ( #3243, #508, #2944 ) ) REPRESENTATION_CONTEXT ( 'NONE', 'WORKASPACE' ) );
#3536 = ORIENTED_EDGE ( 'NONE', *, *, #18, .T. ) ;
#3537 = CARTESIAN_POINT ( 'NONE',  ( 0.5659919705094587083, 0.000000000000000000, 1.280489394457767549 ) ) ;
#3538 = DIRECTION ( 'NONE',  ( -0.000000000000000000, -1.000000000000000000, -0.000000000000000000 ) ) ;
#3539 = MECHANICAL_DESIGN_GEOMETRIC_PRESENTATION_REPRESENTATION (  '', ( #3482 ), #3543 ) ;
#3540 = FILL_AREA_STYLE ('',( #804 ) ) ;
#3541 = PRESENTATION_STYLE_ASSIGNMENT (( #3566 ) ) ;
#3542 = DIRECTION ( 'NONE',  ( 0.7071067811865474617, -0.000000000000000000, -0.7071067811865475727 ) ) ;
#3543 =( GEOMETRIC_REPRESENTATION_CONTEXT ( 3 ) GLOBAL_UNCERTAINTY_ASSIGNED_CONTEXT ( ( #3319 ) ) GLOBAL_UNIT_ASSIGNED_CONTEXT ( ( #3127, #702, #1928 ) ) REPRESENTATION_CONTEXT ( 'NONE', 'WORKASPACE' ) );
#3544 = FILL_AREA_STYLE_COLOUR ( '', #691 ) ;
#3545 =( NAMED_UNIT ( * ) SI_UNIT ( $, .STERADIAN. ) SOLID_ANGLE_UNIT ( ) );
#3546 = SURFACE_STYLE_USAGE ( .BOTH. , #1785 ) ;
#3547 = STYLED_ITEM ( 'NONE', ( #3585 ), #2031 ) ;
#3548 = DIRECTION ( 'NONE',  ( 0.000000000000000000, 0.000000000000000000, 1.000000000000000000 ) ) ;
#3549 = CARTESIAN_POINT ( 'NONE',  ( 1.999999999999999556, 1.000000000000000000, 1.000000000000000000 ) ) ;
#3550 = LINE ( 'NONE', #813, #1822 ) ;
#3551 = STYLED_ITEM ( 'NONE', ( #1041 ), #2191 ) ;
#3552 = VERTEX_POINT ( 'NONE', #1248 ) ;
#3553 = MECHANICAL_DESIGN_GEOMETRIC_PRESENTATION_REPRESENTATION (  '', ( #1013 ), #3059 ) ;
#3554 = EDGE_CURVE ( 'NONE', #2187, #3572, #2458, .T. ) ;
#3555 = VECTOR ( 'NONE', #1536, 1000.000000000000000 ) ;
#3556 = CIRCLE ( 'NONE', #1404, 0.09999999999999982514 ) ;
#3557 = ORIENTED_EDGE ( 'NONE', *, *, #580, .F. ) ;
#3558 = CARTESIAN_POINT ( 'NONE',  ( -1.151020540210583309, 0.5000000000000000000, -1.848979459789416468 ) ) ;
#3559 = CARTESIAN_POINT ( 'NONE',  ( 1.186925895916810081, 0.5000000000000000000, 1.930552245102422848 ) ) ;
#3560 = AXIS2_PLACEMENT_3D ( 'NONE', #3157, #1981, #2567 ) ;
#3561 =( NAMED_UNIT ( * ) PLANE_ANGLE_UNIT ( ) SI_UNIT ( $, .RADIAN. ) );
#3562 = ORIENTED_EDGE ( 'NONE', *, *, #1333, .F. ) ;
#3563 = UNCERTAINTY_MEASURE_WITH_UNIT (LENGTH_MEASURE( 1.000000000000000082E-05 ), #3234, 'distance_accuracy_value', 'NONE');
#3564 = VECTOR ( 'NONE', #2893, 1000.000000000000114 ) ;
#3565 = DIRECTION ( 'NONE',  ( -0.7060277777428372037, 0.000000000000000000, 0.7081841406410558371 ) ) ;
#3566 = SURFACE_STYLE_USAGE ( .BOTH. , #3013 ) ;
#3567 = SURFACE_STYLE_FILL_AREA ( #2062 ) ;
#3568 = EDGE_CURVE ( 'NONE', #212, #2729, #3464, .T. ) ;
#3569 = SURFACE_STYLE_FILL_AREA ( #2315 ) ;
#3570 = CARTESIAN_POINT ( 'NONE',  ( -1.244452586400646821, 1.000000000000000000, -1.942127013025817472 ) ) ;
#3571 = SURFACE_SIDE_STYLE ('',( #3018 ) ) ;
#3572 = VERTEX_POINT ( 'NONE', #70 ) ;
#3573 = CARTESIAN_POINT ( 'NONE',  ( -1.000000000000000888, 0.000000000000000000, -2.000000000000000000 ) ) ;
#3574 = FACE_OUTER_BOUND ( 'NONE', #3936, .T. ) ;
#3575 = CARTESIAN_POINT ( 'NONE',  ( 0.000000000000000000, 0.000000000000000000, 0.000000000000000000 ) ) ;
#3576 = ORIENTED_EDGE ( 'NONE', *, *, #2984, .F. ) ;
#3577 = ORIENTED_EDGE ( 'NONE', *, *, #2162, .T. ) ;
#3578 = DIRECTION ( 'NONE',  ( 0.7071067811865474617, -0.000000000000000000, -0.7071067811865475727 ) ) ;
#3579 = DIRECTION ( 'NONE',  ( 0.000000000000000000, 0.000000000000000000, 1.000000000000000000 ) ) ;
#3580 = ORIENTED_EDGE ( 'NONE', *, *, #141, .T. ) ;
#3581 = SURFACE_SIDE_STYLE ('',( #1177 ) ) ;
#3582 = DIRECTION ( 'NONE',  ( 0.000000000000000000, 1.000000000000000000, 0.000000000000000000 ) ) ;
#3583 = DIRECTION ( 'NONE',  ( 0.000000000000000000, -0.9659258262890680902, 0.2588190451025213501 ) ) ;
#3584 = EDGE_CURVE ( 'NONE', #944, #1562, #1900, .T. ) ;
#3585 = PRESENTATION_STYLE_ASSIGNMENT (( #3546 ) ) ;
#3586 = ORIENTED_EDGE ( 'NONE', *, *, #181, .T. ) ;
#3587 = FACE_OUTER_BOUND ( 'NONE', #2549, .T. ) ;
#3588 = PRESENTATION_STYLE_ASSIGNMENT (( #17 ) ) ;
#3589 = ORIENTED_EDGE ( 'NONE', *, *, #1736, .T. ) ;
#3590 = ADVANCED_FACE ( 'NONE', ( #85 ), #113, .T. ) ;
#3591 = ORIENTED_EDGE ( 'NONE', *, *, #395, .F. ) ;
#3592 = EDGE_LOOP ( 'NONE', ( #3721, #2763, #2692, #1946 ) ) ;
#3593 = CARTESIAN_POINT ( 'NONE',  ( -2.000000000000000000, 1.000000000000000000, 2.000000000000000000 ) ) ;
#3594 = CARTESIAN_POINT ( 'NONE',  ( 1.918083643872009247, 0.5000000000000000000, 1.167299131114226451 ) ) ;
#3595 = FACE_OUTER_BOUND ( 'NONE', #2394, .T. ) ;
#3596 = VECTOR ( 'NONE', #3720, 1000.000000000000000 ) ;
#3597 = LINE ( 'NONE', #1489, #3555 ) ;
#3598 = VERTEX_POINT ( 'NONE', #384 ) ;
#3599 = UNCERTAINTY_MEASURE_WITH_UNIT (LENGTH_MEASURE( 1.000000000000000082E-05 ), #3659, 'distance_accuracy_value', 'NONE');
#3600 = PLANE ( 'NONE',  #2415 ) ;
#3601 =( LENGTH_UNIT ( ) NAMED_UNIT ( * ) SI_UNIT ( .MILLI., .METRE. ) );
#3602 = CARTESIAN_POINT ( 'NONE',  ( -1.838122338896785335, 0.5000000000000000000, -1.235983643373856244 ) ) ;
#3603 = ADVANCED_FACE ( 'NONE', ( #665 ), #975, .T. ) ;
#3604 = VECTOR ( 'NONE', #2194, 1000.000000000000114 ) ;
#3605 = DIRECTION ( 'NONE',  ( -0.000000000000000000, -1.000000000000000000, -0.000000000000000000 ) ) ;
#3606 = DIRECTION ( 'NONE',  ( 0.7071067811865480168, -0.000000000000000000, 0.7071067811865470176 ) ) ;
#3607 = CONICAL_SURFACE ( 'NONE', #1437, 1.399999999999999911, 0.2617993877991500740 ) ;
#3608 = ORIENTED_EDGE ( 'NONE', *, *, #2975, .F. ) ;
#3609 = DIRECTION ( 'NONE',  ( 0.000000000000000000, 1.000000000000000000, 0.000000000000000000 ) ) ;
#3610 = AXIS2_PLACEMENT_3D ( 'NONE', #2219, #3159, #1325 ) ;
#3611 = VERTEX_POINT ( 'NONE', #1578 ) ;
#3612 = MECHANICAL_DESIGN_GEOMETRIC_PRESENTATION_REPRESENTATION (  '', ( #2410 ), #2023 ) ;
#3613 = CYLINDRICAL_SURFACE ( 'NONE', #3486, 0.1000000000000000472 ) ;
#3614 = ORIENTED_EDGE ( 'NONE', *, *, #2710, .T. ) ;
#3615 = VECTOR ( 'NONE', #82, 1000.000000000000000 ) ;
#3616 = VERTEX_POINT ( 'NONE', #3096 ) ;
#3617 =( NAMED_UNIT ( * ) SI_UNIT ( $, .STERADIAN. ) SOLID_ANGLE_UNIT ( ) );
#3618 = PLANE ( 'NONE',  #742 ) ;
#3619 =( NAMED_UNIT ( * ) SI_UNIT ( $, .STERADIAN. ) SOLID_ANGLE_UNIT ( ) );
#3620 =( GEOMETRIC_REPRESENTATION_CONTEXT ( 3 ) GLOBAL_UNCERTAINTY_ASSIGNED_CONTEXT ( ( #2288 ) ) GLOBAL_UNIT_ASSIGNED_CONTEXT ( ( #1661, #2812, #2522 ) ) REPRESENTATION_CONTEXT ( 'NONE', 'WORKASPACE' ) );
#3621 = COLOUR_RGB ( '',0.6470588235294117974, 0.6196078431372549211, 0.5882352941176470784 ) ;
#3622 = VERTEX_POINT ( 'NONE', #361 ) ;
#3623 = LINE ( 'NONE', #67, #2876 ) ;
#3624 = VECTOR ( 'NONE', #2753, 1000.000000000000000 ) ;
#3625 = DIRECTION ( 'NONE',  ( 0.7071067811865473507, 0.000000000000000000, -0.7071067811865477948 ) ) ;
#3626 = CARTESIAN_POINT ( 'NONE',  ( 1.141871856607312941, 1.000000000000000000, 1.858128143392687059 ) ) ;
#3627 = SURFACE_STYLE_FILL_AREA ( #299 ) ;
#3628 =( GEOMETRIC_REPRESENTATION_CONTEXT ( 3 ) GLOBAL_UNCERTAINTY_ASSIGNED_CONTEXT ( ( #3634 ) ) GLOBAL_UNIT_ASSIGNED_CONTEXT ( ( #540, #252, #1473 ) ) REPRESENTATION_CONTEXT ( 'NONE', 'WORKASPACE' ) );
#3629 = ORIENTED_EDGE ( 'NONE', *, *, #2339, .F. ) ;
#3630 = EDGE_CURVE ( 'NONE', #72, #2729, #2941, .T. ) ;
#3631 = PLANE ( 'NONE',  #367 ) ;
#3632 = ORIENTED_EDGE ( 'NONE', *, *, #195, .F. ) ;
#3633 = ORIENTED_EDGE ( 'NONE', *, *, #1109, .T. ) ;
#3634 = UNCERTAINTY_MEASURE_WITH_UNIT (LENGTH_MEASURE( 1.000000000000000082E-05 ), #540, 'distance_accuracy_value', 'NONE');
#3635 = ORIENTED_EDGE ( 'NONE', *, *, #1925, .T. ) ;
#3636 =( LENGTH_UNIT ( ) NAMED_UNIT ( * ) SI_UNIT ( .MILLI., .METRE. ) );
#3637 = LINE ( 'NONE', #1444, #3861 ) ;
#3638 = ORIENTED_EDGE ( 'NONE', *, *, #224, .F. ) ;
#3639 = UNCERTAINTY_MEASURE_WITH_UNIT (LENGTH_MEASURE( 1.000000000000000082E-05 ), #1784, 'distance_accuracy_value', 'NONE');
#3640 = ORIENTED_EDGE ( 'NONE', *, *, #416, .T. ) ;
#3641 = DIRECTION ( 'NONE',  ( -0.000000000000000000, -1.000000000000000000, -0.000000000000000000 ) ) ;
#3642 = SURFACE_STYLE_FILL_AREA ( #359 ) ;
#3643 = CARTESIAN_POINT ( 'NONE',  ( -1.922845672225926617, 0.5000000000000000000, -1.151001546496930317 ) ) ;
#3644 = ORIENTED_EDGE ( 'NONE', *, *, #1730, .F. ) ;
#3645 = DIRECTION ( 'NONE',  ( 0.7071067811865474617, 0.000000000000000000, 0.7071067811865474617 ) ) ;
#3646 = DIRECTION ( 'NONE',  ( -1.000000000000000000, 0.000000000000000000, 0.000000000000000000 ) ) ;
#3647 =( NAMED_UNIT ( * ) SI_UNIT ( $, .STERADIAN. ) SOLID_ANGLE_UNIT ( ) );
#3648 = ORIENTED_EDGE ( 'NONE', *, *, #142, .T. ) ;
#3649 =( GEOMETRIC_REPRESENTATION_CONTEXT ( 3 ) GLOBAL_UNCERTAINTY_ASSIGNED_CONTEXT ( ( #1492 ) ) GLOBAL_UNIT_ASSIGNED_CONTEXT ( ( #3488, #1979, #147 ) ) REPRESENTATION_CONTEXT ( 'NONE', 'WORKASPACE' ) );
#3650 = FILL_AREA_STYLE_COLOUR ( '', #206 ) ;
#3651 = ORIENTED_EDGE ( 'NONE', *, *, #1441, .F. ) ;
#3652 = PRESENTATION_STYLE_ASSIGNMENT (( #622 ) ) ;
#3653 = DIRECTION ( 'NONE',  ( -1.000000000000000000, 0.000000000000000000, 0.000000000000000000 ) ) ;
#3654 = AXIS2_PLACEMENT_3D ( 'NONE', #3067, #545, #937 ) ;
#3655 = EDGE_LOOP ( 'NONE', ( #3589, #3336, #1129, #2802, #1922, #696 ) ) ;
#3656 = ORIENTED_EDGE ( 'NONE', *, *, #2868, .T. ) ;
#3657 =( GEOMETRIC_REPRESENTATION_CONTEXT ( 3 ) GLOBAL_UNCERTAINTY_ASSIGNED_CONTEXT ( ( #2122 ) ) GLOBAL_UNIT_ASSIGNED_CONTEXT ( ( #3511, #1488, #1062 ) ) REPRESENTATION_CONTEXT ( 'NONE', 'WORKASPACE' ) );
#3658 = CARTESIAN_POINT ( 'NONE',  ( -1.181419686669083813, 0.5000000000000000000, -1.903919961059188148 ) ) ;
#3659 =( LENGTH_UNIT ( ) NAMED_UNIT ( * ) SI_UNIT ( .MILLI., .METRE. ) );
#3660 = DIRECTION ( 'NONE',  ( 0.000000000000000000, 0.000000000000000000, 1.000000000000000000 ) ) ;
#3661 = CARTESIAN_POINT ( 'NONE',  ( -0.9292893218813457201, 1.000000000000000000, -1.929289321881344277 ) ) ;
#3662 = VECTOR ( 'NONE', #138, 1000.000000000000000 ) ;
#3663 = DIRECTION ( 'NONE',  ( 0.7071067811865475727, -0.000000000000000000, 0.7071067811865475727 ) ) ;
#3664 = ORIENTED_EDGE ( 'NONE', *, *, #3102, .F. ) ;
#3665 = PLANE ( 'NONE',  #2490 ) ;
#3666 = VECTOR ( 'NONE', #890, 1000.000000000000000 ) ;
#3667 =( GEOMETRIC_REPRESENTATION_CONTEXT ( 3 ) GLOBAL_UNCERTAINTY_ASSIGNED_CONTEXT ( ( #645 ) ) GLOBAL_UNIT_ASSIGNED_CONTEXT ( ( #2444, #873, #3647 ) ) REPRESENTATION_CONTEXT ( 'NONE', 'WORKASPACE' ) );
#3668 = PRESENTATION_LAYER_ASSIGNMENT (  '', '', ( #1267 ) ) ;
#3669 = VERTEX_POINT ( 'NONE', #3724 ) ;
#3670 = PRESENTATION_STYLE_ASSIGNMENT (( #1254 ) ) ;
#3671 = MECHANICAL_DESIGN_GEOMETRIC_PRESENTATION_REPRESENTATION (  '', ( #2021 ), #1076 ) ;
#3672 = ORIENTED_EDGE ( 'NONE', *, *, #558, .T. ) ;
#3673 = ADVANCED_FACE ( 'NONE', ( #50 ), #3405, .F. ) ;
#3674 = VECTOR ( 'NONE', #3407, 1000.000000000000114 ) ;
#3675 = FILL_AREA_STYLE ('',( #1195 ) ) ;
#3676 = PRESENTATION_STYLE_ASSIGNMENT (( #2209 ) ) ;
#3677 = ADVANCED_FACE ( 'NONE', ( #649 ), #1958, .T. ) ;
#3678 =( GEOMETRIC_REPRESENTATION_CONTEXT ( 3 ) GLOBAL_UNCERTAINTY_ASSIGNED_CONTEXT ( ( #2404 ) ) GLOBAL_UNIT_ASSIGNED_CONTEXT ( ( #2743, #3402, #2124 ) ) REPRESENTATION_CONTEXT ( 'NONE', 'WORKASPACE' ) );
#3679 = ORIENTED_EDGE ( 'NONE', *, *, #1149, .T. ) ;
#3680 = UNCERTAINTY_MEASURE_WITH_UNIT (LENGTH_MEASURE( 1.000000000000000082E-05 ), #3204, 'distance_accuracy_value', 'NONE');
#3681 = VERTEX_POINT ( 'NONE', #714 ) ;
#3682 = FACE_OUTER_BOUND ( 'NONE', #719, .T. ) ;
#3683 = CARTESIAN_POINT ( 'NONE',  ( -1.136054221460837566, 0.5000000000000000000, -1.863945778539161990 ) ) ;
#3684 = PRESENTATION_LAYER_ASSIGNMENT (  '', '', ( #3435 ) ) ;
#3685 = STYLED_ITEM ( 'NONE', ( #3830 ), #2528 ) ;
#3686 = CARTESIAN_POINT ( 'NONE',  ( 0.000000000000000000, 0.000000000000000000, 0.000000000000000000 ) ) ;
#3687 = PRESENTATION_LAYER_ASSIGNMENT (  '', '', ( #314 ) ) ;
#3688 = AXIS2_PLACEMENT_3D ( 'NONE', #1558, #1000, #1321 ) ;
#3689 = EDGE_CURVE ( 'NONE', #1668, #3261, #1634, .T. ) ;
#3690 = EDGE_CURVE ( 'NONE', #831, #1491, #106, .T. ) ;
#3691 = DIRECTION ( 'NONE',  ( -0.000000000000000000, 1.000000000000000000, -0.000000000000000000 ) ) ;
#3692 = ORIENTED_EDGE ( 'NONE', *, *, #495, .T. ) ;
#3693 = FACE_OUTER_BOUND ( 'NONE', #591, .T. ) ;
#3694 = ORIENTED_EDGE ( 'NONE', *, *, #1858, .F. ) ;
#3695 = VECTOR ( 'NONE', #3060, 1000.000000000000000 ) ;
#3696 = AXIS2_PLACEMENT_3D ( 'NONE', #3022, #1845, #1545 ) ;
#3697 = LINE ( 'NONE', #2186, #3042 ) ;
#3698 = EDGE_CURVE ( 'NONE', #831, #2766, #3767, .T. ) ;
#3699 = ORIENTED_EDGE ( 'NONE', *, *, #2635, .F. ) ;
#3700 =( LENGTH_UNIT ( ) NAMED_UNIT ( * ) SI_UNIT ( .MILLI., .METRE. ) );
#3701 =( NAMED_UNIT ( * ) SI_UNIT ( $, .STERADIAN. ) SOLID_ANGLE_UNIT ( ) );
#3702 = DIRECTION ( 'NONE',  ( -0.7071157812960313649, 0.000000000000000000, 0.7070977809625080823 ) ) ;
#3703 = ORIENTED_EDGE ( 'NONE', *, *, #686, .T. ) ;
#3704 = UNCERTAINTY_MEASURE_WITH_UNIT (LENGTH_MEASURE( 1.000000000000000082E-05 ), #2954, 'distance_accuracy_value', 'NONE');
#3705 = DIRECTION ( 'NONE',  ( -0.7071067811865523467, -0.000000000000000000, 0.7071067811865427988 ) ) ;
#3706 = LINE ( 'NONE', #2475, #794 ) ;
#3707 = EDGE_CURVE ( 'NONE', #879, #2242, #439, .T. ) ;
#3708 = DIRECTION ( 'NONE',  ( -0.000000000000000000, -1.000000000000000000, -0.000000000000000000 ) ) ;
#3709 =( LENGTH_UNIT ( ) NAMED_UNIT ( * ) SI_UNIT ( .MILLI., .METRE. ) );
#3710 = EDGE_LOOP ( 'NONE', ( #134, #2951, #980, #3431 ) ) ;
#3711 = DIRECTION ( 'NONE',  ( 0.000000000000000000, -0.000000000000000000, -1.000000000000000000 ) ) ;
#3712 = SURFACE_STYLE_USAGE ( .BOTH. , #1560 ) ;
#3713 = ORIENTED_EDGE ( 'NONE', *, *, #3219, .F. ) ;
#3714 = ORIENTED_EDGE ( 'NONE', *, *, #2693, .T. ) ;
#3715 = FILL_AREA_STYLE ('',( #1049 ) ) ;
#3716 = EDGE_LOOP ( 'NONE', ( #3713, #1154, #1009, #2826 ) ) ;
#3717 = AXIS2_PLACEMENT_3D ( 'NONE', #403, #1021, #1617 ) ;
#3718 = DIRECTION ( 'NONE',  ( -0.7071067811865472397, -0.000000000000000000, 0.7071067811865479058 ) ) ;
#3719 = PLANE ( 'NONE',  #2336 ) ;
#3720 = DIRECTION ( 'NONE',  ( -0.000000000000000000, -1.000000000000000000, -0.000000000000000000 ) ) ;
#3721 = ORIENTED_EDGE ( 'NONE', *, *, #1980, .F. ) ;
#3722 = CARTESIAN_POINT ( 'NONE',  ( 1.681421236152723653, 0.5000000000000000000, 1.262034708977616271 ) ) ;
#3723 = AXIS2_PLACEMENT_3D ( 'NONE', #678, #1647, #2572 ) ;
#3724 = CARTESIAN_POINT ( 'NONE',  ( 1.151385656614440034, 1.000000000000000000, 1.707192987148250518 ) ) ;
#3725 = VECTOR ( 'NONE', #670, 1000.000000000000000 ) ;
#3726 = ORIENTED_EDGE ( 'NONE', *, *, #802, .T. ) ;
#3727 = DIRECTION ( 'NONE',  ( -0.7071067811865477948, 0.000000000000000000, -0.7071067811865473507 ) ) ;
#3728 = EDGE_CURVE ( 'NONE', #3327, #3140, #2489, .T. ) ;
#3729 = DIRECTION ( 'NONE',  ( 0.000000000000000000, 1.000000000000000000, 0.000000000000000000 ) ) ;
#3730 = DIRECTION ( 'NONE',  ( 0.000000000000000000, 1.000000000000000000, 0.000000000000000000 ) ) ;
#3731 = VERTEX_POINT ( 'NONE', #491 ) ;
#3732 =( GEOMETRIC_REPRESENTATION_CONTEXT ( 3 ) GLOBAL_UNCERTAINTY_ASSIGNED_CONTEXT ( ( #3599 ) ) GLOBAL_UNIT_ASSIGNED_CONTEXT ( ( #3659, #1673, #2887 ) ) REPRESENTATION_CONTEXT ( 'NONE', 'WORKASPACE' ) );
#3733 = ORIENTED_EDGE ( 'NONE', *, *, #1702, .T. ) ;
#3734 = CARTESIAN_POINT ( 'NONE',  ( -1.908725116671069699, 0.5000000000000000000, -1.165165229309751416 ) ) ;
#3735 = ORIENTED_EDGE ( 'NONE', *, *, #680, .T. ) ;
#3736 = VECTOR ( 'NONE', #3235, 1000.000000000000000 ) ;
#3737 = EDGE_CURVE ( 'NONE', #759, #2640, #165, .T. ) ;
#3738 = PRESENTATION_STYLE_ASSIGNMENT (( #1892 ) ) ;
#3739 = DIRECTION ( 'NONE',  ( -0.000000000000000000, 1.000000000000000000, -0.000000000000000000 ) ) ;
#3740 = FILL_AREA_STYLE_COLOUR ( '', #215 ) ;
#3741 = STYLED_ITEM ( 'NONE', ( #674 ), #1623 ) ;
#3742 = VECTOR ( 'NONE', #1232, 1000.000000000000000 ) ;
#3743 = UNCERTAINTY_MEASURE_WITH_UNIT (LENGTH_MEASURE( 1.000000000000000082E-05 ), #2249, 'distance_accuracy_value', 'NONE');
#3744 =( NAMED_UNIT ( * ) SI_UNIT ( $, .STERADIAN. ) SOLID_ANGLE_UNIT ( ) );
#3745 = CARTESIAN_POINT ( 'NONE',  ( -1.280489394457767771, -0.2500000000000000000, -0.5659919705094583753 ) ) ;
#3746 = DIRECTION ( 'NONE',  ( 0.000000000000000000, -1.000000000000000000, 0.000000000000000000 ) ) ;
#3747 = ORIENTED_EDGE ( 'NONE', *, *, #195, .T. ) ;
#3748 = MECHANICAL_DESIGN_GEOMETRIC_PRESENTATION_REPRESENTATION (  '', ( #2935 ), #3678 ) ;
#3749 = CARTESIAN_POINT ( 'NONE',  ( 0.000000000000000000, 1.000000000000000000, 0.000000000000000000 ) ) ;
#3750 = CYLINDRICAL_SURFACE ( 'NONE', #3560, 1.399999999999999689 ) ;
#3751 = LINE ( 'NONE', #368, #2492 ) ;
#3752 = DIRECTION ( 'NONE',  ( 0.000000000000000000, -1.000000000000000000, 0.000000000000000000 ) ) ;
#3753 = AXIS2_PLACEMENT_3D ( 'NONE', #1052, #1972, #2898 ) ;
#3754 = EDGE_CURVE ( 'NONE', #1387, #879, #3240, .T. ) ;
#3755 = ORIENTED_EDGE ( 'NONE', *, *, #3520, .F. ) ;
#3756 = SURFACE_STYLE_FILL_AREA ( #3163 ) ;
#3757 = STYLED_ITEM ( 'NONE', ( #1428 ), #3807 ) ;
#3758 = STYLED_ITEM ( 'NONE', ( #1345 ), #2794 ) ;
#3759 = CARTESIAN_POINT ( 'NONE',  ( -1.929289321881345609, 1.000000000000000000, -0.9292893218813448319 ) ) ;
#3760 = EDGE_CURVE ( 'NONE', #2130, #992, #811, .T. ) ;
#3761 = ORIENTED_EDGE ( 'NONE', *, *, #2284, .T. ) ;
#3762 = VECTOR ( 'NONE', #2786, 1000.000000000000114 ) ;
#3763 = CYLINDRICAL_SURFACE ( 'NONE', #2750, 0.1199999999999998845 ) ;
#3764 = DIRECTION ( 'NONE',  ( -1.000000000000000000, 0.000000000000000000, 0.000000000000000000 ) ) ;
#3765 = APPLICATION_CONTEXT ( 'automotive_design' ) ;
#3766 = SURFACE_SIDE_STYLE ('',( #3094 ) ) ;
#3767 = LINE ( 'NONE', #1040, #1594 ) ;
#3768 = SURFACE_STYLE_USAGE ( .BOTH. , #3508 ) ;
#3769 = DIRECTION ( 'NONE',  ( -0.7071067811865477948, 0.000000000000000000, 0.7071067811865473507 ) ) ;
#3770 = SURFACE_STYLE_FILL_AREA ( #1043 ) ;
#3771 = CARTESIAN_POINT ( 'NONE',  ( 1.328455888110519512, 1.000000000000000000, 1.930659245424389603 ) ) ;
#3772 = CARTESIAN_POINT ( 'NONE',  ( -1.930659245424389825, 0.5000000000000000000, -1.328455888110519068 ) ) ;
#3773 = ORIENTED_EDGE ( 'NONE', *, *, #2906, .T. ) ;
#3774 = DIRECTION ( 'NONE',  ( 0.7060277777428420887, -0.000000000000000000, 0.7081841406410510631 ) ) ;
#3775 = ORIENTED_EDGE ( 'NONE', *, *, #3190, .T. ) ;
#3776 = DIRECTION ( 'NONE',  ( -0.000000000000000000, -1.000000000000000000, -0.000000000000000000 ) ) ;
#3777 = ORIENTED_EDGE ( 'NONE', *, *, #3005, .T. ) ;
#3778 = CARTESIAN_POINT ( 'NONE',  ( 1.257744309980915798, 0.5000000000000000000, 1.859949467328139372 ) ) ;
#3779 = LINE ( 'NONE', #2244, #2728 ) ;
#3780 = FILL_AREA_STYLE ('',( #729 ) ) ;
#3781 = DIRECTION ( 'NONE',  ( -1.000000000000000000, 0.000000000000000000, 2.168404344971008868E-16 ) ) ;
#3782 = CARTESIAN_POINT ( 'NONE',  ( -1.268324636571934283, 0.5000000000000000000, -1.849354080340286366 ) ) ;
#3783 = PLANE ( 'NONE',  #1205 ) ;
#3784 = DIRECTION ( 'NONE',  ( 0.000000000000000000, 0.000000000000000000, 1.000000000000000000 ) ) ;
#3785 = CARTESIAN_POINT ( 'NONE',  ( 0.000000000000000000, 1.350000000000000089, 0.000000000000000000 ) ) ;
#3786 = CARTESIAN_POINT ( 'NONE',  ( 1.863945778539162657, 0.5000000000000000000, 1.136054221460837121 ) ) ;
#3787 = CARTESIAN_POINT ( 'NONE',  ( 1.942127013025817694, 1.000000000000000000, 1.244452586400646377 ) ) ;
#3788 = LINE ( 'NONE', #757, #2800 ) ;
#3789 = ORIENTED_EDGE ( 'NONE', *, *, #2996, .F. ) ;
#3790 =( NAMED_UNIT ( * ) PLANE_ANGLE_UNIT ( ) SI_UNIT ( $, .RADIAN. ) );
#3791 = VECTOR ( 'NONE', #1796, 1000.000000000000114 ) ;
#3792 = PRESENTATION_STYLE_ASSIGNMENT (( #2636 ) ) ;
#3793 = CIRCLE ( 'NONE', #3343, 0.1200000000000000927 ) ;
#3794 = VERTEX_POINT ( 'NONE', #752 ) ;
#3795 = CARTESIAN_POINT ( 'NONE',  ( 1.235028396297817244, 1.000000000000000000, 1.951569203483445980 ) ) ;
#3796 = SURFACE_STYLE_USAGE ( .BOTH. , #2882 ) ;
#3797 = SURFACE_STYLE_USAGE ( .BOTH. , #1315 ) ;
#3798 = VECTOR ( 'NONE', #2007, 1000.000000000000000 ) ;
#3799 = AXIS2_PLACEMENT_3D ( 'NONE', #3811, #470, #2340 ) ;
#3800 = DIRECTION ( 'NONE',  ( -0.7071067811865472397, 0.000000000000000000, 0.7071067811865479058 ) ) ;
#3801 = VECTOR ( 'NONE', #3017, 999.9999999999998863 ) ;
#3802 = CARTESIAN_POINT ( 'NONE',  ( 1.999999999999999556, 1.000000000000000000, 1.000000000000000000 ) ) ;
#3803 = DIRECTION ( 'NONE',  ( 0.7060277777428440871, 0.000000000000000000, 0.7081841406410490647 ) ) ;
#3804 = FILL_AREA_STYLE_COLOUR ( '', #1335 ) ;
#3805 = CARTESIAN_POINT ( 'NONE',  ( 0.000000000000000000, 0.000000000000000000, -1.399999999999999911 ) ) ;
#3806 = CARTESIAN_POINT ( 'NONE',  ( -1.930659245424389825, 1.000000000000000000, -1.328455888110519068 ) ) ;
#3807 = ADVANCED_FACE ( 'NONE', ( #2625 ), #1674, .T. ) ;
#3808 = MECHANICAL_DESIGN_GEOMETRIC_PRESENTATION_REPRESENTATION (  '', ( #1590 ), #1655 ) ;
#3809 = PLANE ( 'NONE',  #2148 ) ;
#3810 = CIRCLE ( 'NONE', #549, 0.1199999999999998845 ) ;
#3811 = CARTESIAN_POINT ( 'NONE',  ( -1.838122338896785335, 0.5000000000000000000, -1.235983643373856244 ) ) ;
#3812 = ORIENTED_EDGE ( 'NONE', *, *, #2488, .T. ) ;
#3813 =( GEOMETRIC_REPRESENTATION_CONTEXT ( 3 ) GLOBAL_UNCERTAINTY_ASSIGNED_CONTEXT ( ( #3462 ) ) GLOBAL_UNIT_ASSIGNED_CONTEXT ( ( #520, #2432, #3882 ) ) REPRESENTATION_CONTEXT ( 'NONE', 'WORKASPACE' ) );
#3814 = PRESENTATION_LAYER_ASSIGNMENT (  '', '', ( #3758 ) ) ;
#3815 =( NAMED_UNIT ( * ) SI_UNIT ( $, .STERADIAN. ) SOLID_ANGLE_UNIT ( ) );
#3816 = ORIENTED_EDGE ( 'NONE', *, *, #1071, .F. ) ;
#3817 = SURFACE_SIDE_STYLE ('',( #2620 ) ) ;
#3818 = AXIS2_PLACEMENT_3D ( 'NONE', #3125, #390, #1604 ) ;
#3819 = LINE ( 'NONE', #1097, #2469 ) ;
#3820 = DIRECTION ( 'NONE',  ( 0.7081841406410502859, 0.000000000000000000, -0.7060277777428427548 ) ) ;
#3821 =( NAMED_UNIT ( * ) SI_UNIT ( $, .STERADIAN. ) SOLID_ANGLE_UNIT ( ) );
#3822 = SURFACE_STYLE_USAGE ( .BOTH. , #1361 ) ;
#3823 = FACE_OUTER_BOUND ( 'NONE', #2172, .T. ) ;
#3824 = LINE ( 'NONE', #1103, #2144 ) ;
#3825 = DIRECTION ( 'NONE',  ( -0.000000000000000000, -1.000000000000000000, -0.000000000000000000 ) ) ;
#3826 = CARTESIAN_POINT ( 'NONE',  ( 0.9999999999999991118, 0.000000000000000000, -2.000000000000000000 ) ) ;
#3827 = DIRECTION ( 'NONE',  ( 0.000000000000000000, 0.000000000000000000, 1.000000000000000000 ) ) ;
#3828 = ORIENTED_EDGE ( 'NONE', *, *, #1441, .T. ) ;
#3829 = ORIENTED_EDGE ( 'NONE', *, *, #1980, .T. ) ;
#3830 = PRESENTATION_STYLE_ASSIGNMENT (( #2309 ) ) ;
#3831 = SURFACE_SIDE_STYLE ('',( #2655 ) ) ;
#3832 = PRESENTATION_STYLE_ASSIGNMENT (( #1417 ) ) ;
#3833 = UNCERTAINTY_MEASURE_WITH_UNIT (LENGTH_MEASURE( 1.000000000000000082E-05 ), #2420, 'distance_accuracy_value', 'NONE');
#3834 = PRESENTATION_STYLE_ASSIGNMENT (( #3299 ) ) ;
#3835 = CARTESIAN_POINT ( 'NONE',  ( 1.929289321881344499, 0.5000000000000000000, 0.9292893218813452760 ) ) ;
#3836 = CARTESIAN_POINT ( 'NONE',  ( 1.748378213665942482, 0.5000000000000000000, 1.167040367566441583 ) ) ;
#3837 = DIRECTION ( 'NONE',  ( -0.7081841406410537276, 0.000000000000000000, 0.7060277777428395352 ) ) ;
#3838 = CARTESIAN_POINT ( 'NONE',  ( 1.848979459789416913, 0.000000000000000000, 1.151020540210582865 ) ) ;
#3839 = LINE ( 'NONE', #1987, #2400 ) ;
#3840 = ORIENTED_EDGE ( 'NONE', *, *, #142, .F. ) ;
#3841 = PRODUCT ( 'CDRH3D14-HPNP-100NC', 'CDRH3D14-HPNP-100NC', '', ( #3296 ) ) ;
#3842 = VECTOR ( 'NONE', #3454, 1000.000000000000114 ) ;
#3843 = EDGE_CURVE ( 'NONE', #2198, #455, #1374, .T. ) ;
#3844 = CIRCLE ( 'NONE', #1435, 0.09999999999999982514 ) ;
#3845 = ORIENTED_EDGE ( 'NONE', *, *, #68, .T. ) ;
#3846 =( NAMED_UNIT ( * ) PLANE_ANGLE_UNIT ( ) SI_UNIT ( $, .RADIAN. ) );
#3847 = MECHANICAL_DESIGN_GEOMETRIC_PRESENTATION_REPRESENTATION (  '', ( #2604 ), #1126 ) ;
#3848 = CARTESIAN_POINT ( 'NONE',  ( -1.181204050379262904, 1.000000000000000000, -1.762498769220798955 ) ) ;
#3849 = MECHANICAL_DESIGN_GEOMETRIC_PRESENTATION_REPRESENTATION (  '', ( #1267 ), #1127 ) ;
#3850 = ORIENTED_EDGE ( 'NONE', *, *, #3584, .T. ) ;
#3851 = COLOUR_RGB ( '',0.6470588235294117974, 0.6196078431372549211, 0.5882352941176470784 ) ;
#3852 = PLANE ( 'NONE',  #3179 ) ;
#3853 = CARTESIAN_POINT ( 'NONE',  ( 2.000000000000000000, 0.5000000000000000000, 0.9999999999999997780 ) ) ;
#3854 = AXIS2_PLACEMENT_3D ( 'NONE', #13, #3691, #612 ) ;
#3855 = CARTESIAN_POINT ( 'NONE',  ( -1.000000000000000888, 1.000000000000000000, -2.000000000000000000 ) ) ;
#3856 = COLOUR_RGB ( '',0.6470588235294117974, 0.6196078431372549211, 0.5882352941176470784 ) ;
#3857 = ORIENTED_EDGE ( 'NONE', *, *, #146, .T. ) ;
#3858 = CARTESIAN_POINT ( 'NONE',  ( -1.000000000000000222, 0.5000000000000000000, -1.999999999999999556 ) ) ;
#3859 = SURFACE_STYLE_FILL_AREA ( #2320 ) ;
#3860 = VERTEX_POINT ( 'NONE', #1081 ) ;
#3861 = VECTOR ( 'NONE', #834, 1000.000000000000000 ) ;
#3862 = EDGE_LOOP ( 'NONE', ( #3920, #356, #1027, #2709 ) ) ;
#3863 =( NAMED_UNIT ( * ) SI_UNIT ( $, .STERADIAN. ) SOLID_ANGLE_UNIT ( ) );
#3864 = AXIS2_PLACEMENT_3D ( 'NONE', #3282, #2666, #3911 ) ;
#3865 = PRODUCT_RELATED_PRODUCT_CATEGORY ( 'part', '', ( #3841 ) ) ;
#3866 = ORIENTED_EDGE ( 'NONE', *, *, #2626, .T. ) ;
#3867 = UNCERTAINTY_MEASURE_WITH_UNIT (LENGTH_MEASURE( 1.000000000000000082E-05 ), #1912, 'distance_accuracy_value', 'NONE');
#3868 = AXIS2_PLACEMENT_3D ( 'NONE', #2956, #2048, #2971 ) ;
#3869 = FACE_OUTER_BOUND ( 'NONE', #2532, .T. ) ;
#3870 = VECTOR ( 'NONE', #1774, 1000.000000000000000 ) ;
#3871 =( NAMED_UNIT ( * ) PLANE_ANGLE_UNIT ( ) SI_UNIT ( $, .RADIAN. ) );
#3872 = DIRECTION ( 'NONE',  ( -0.000000000000000000, -1.000000000000000000, -0.000000000000000000 ) ) ;
#3873 = DIRECTION ( 'NONE',  ( 0.7071067811865426878, -0.000000000000000000, 0.7071067811865522357 ) ) ;
#3874 = CARTESIAN_POINT ( 'NONE',  ( -1.714505518806294391E-16, 0.000000000000000000, 1.399999999999999911 ) ) ;
#3875 = ORIENTED_EDGE ( 'NONE', *, *, #1498, .T. ) ;
#3877 = EDGE_CURVE ( 'NONE', #2733, #3268, #2296, .T. ) ;
#3876 = FILL_AREA_STYLE_COLOUR ( '', #951 ) ;
#3878 = PRESENTATION_STYLE_ASSIGNMENT (( #3284 ) ) ;
#3879 = VERTEX_POINT ( 'NONE', #3523 ) ;
#3880 = EDGE_LOOP ( 'NONE', ( #1756, #3577, #1682, #2079, #704 ) ) ;
#3881 = VERTEX_POINT ( 'NONE', #2311 ) ;
#3882 =( NAMED_UNIT ( * ) SI_UNIT ( $, .STERADIAN. ) SOLID_ANGLE_UNIT ( ) );
#3883 = ORIENTED_EDGE ( 'NONE', *, *, #3509, .T. ) ;
#3884 = FACE_OUTER_BOUND ( 'NONE', #291, .T. ) ;
#3885 = FILL_AREA_STYLE_COLOUR ( '', #2918 ) ;
#3886 = FACE_OUTER_BOUND ( 'NONE', #2074, .T. ) ;
#3887 = LINE ( 'NONE', #3643, #2749 ) ;
#3888 = PLANE ( 'NONE',  #1439 ) ;
#3889 = VECTOR ( 'NONE', #3769, 1000.000000000000000 ) ;
#3890 = CARTESIAN_POINT ( 'NONE',  ( -2.000000000000000444, 1.000000000000000000, -0.9999999999999995559 ) ) ;
#3891 = ORIENTED_EDGE ( 'NONE', *, *, #3323, .T. ) ;
#3892 = CARTESIAN_POINT ( 'NONE',  ( -1.908725116671069699, 0.5000000000000000000, -1.165165229309751416 ) ) ;
#3893 = CARTESIAN_POINT ( 'NONE',  ( 1.235983643373856689, 0.5000000000000000000, 1.838122338896785113 ) ) ;
#3894 = EDGE_LOOP ( 'NONE', ( #3901, #2357, #816, #858 ) ) ;
#3895 = COLOUR_RGB ( '',0.6470588235294117974, 0.6196078431372549211, 0.5882352941176470784 ) ;
#3896 = CARTESIAN_POINT ( 'NONE',  ( -1.268324636571934283, 0.5000000000000000000, -1.849354080340286366 ) ) ;
#3897 = MECHANICAL_DESIGN_GEOMETRIC_PRESENTATION_REPRESENTATION (  '', ( #3406 ), #3220 ) ;
#3898 = ORIENTED_EDGE ( 'NONE', *, *, #1108, .T. ) ;
#3899 = ORIENTED_EDGE ( 'NONE', *, *, #3447, .T. ) ;
#3900 = DIRECTION ( 'NONE',  ( -0.7071067811865472397, 0.000000000000000000, 0.7071067811865479058 ) ) ;
#3901 = ORIENTED_EDGE ( 'NONE', *, *, #2650, .T. ) ;
#3902 = STYLED_ITEM ( 'NONE', ( #1936 ), #837 ) ;
#3903 = ADVANCED_FACE ( 'NONE', ( #783 ), #186, .F. ) ;
#3904 = LINE ( 'NONE', #647, #2268 ) ;
#3905 = DIRECTION ( 'NONE',  ( -1.000000000000000000, 0.000000000000000000, 0.000000000000000000 ) ) ;
#3906 = PRESENTATION_LAYER_ASSIGNMENT (  '', '', ( #1001 ) ) ;
#3907 = CARTESIAN_POINT ( 'NONE',  ( 0.000000000000000000, -0.3499999999999999778, 0.000000000000000000 ) ) ;
#3908 = FILL_AREA_STYLE_COLOUR ( '', #859 ) ;
#3909 = CIRCLE ( 'NONE', #1323, 1.399999999999999911 ) ;
#3910 = ORIENTED_EDGE ( 'NONE', *, *, #3113, .F. ) ;
#3911 = DIRECTION ( 'NONE',  ( -1.000000000000000000, 0.000000000000000000, 0.000000000000000000 ) ) ;
#3912 =( GEOMETRIC_REPRESENTATION_CONTEXT ( 3 ) GLOBAL_UNCERTAINTY_ASSIGNED_CONTEXT ( ( #3639 ) ) GLOBAL_UNIT_ASSIGNED_CONTEXT ( ( #1784, #1517, #1160 ) ) REPRESENTATION_CONTEXT ( 'NONE', 'WORKASPACE' ) );
#3913 = EDGE_CURVE ( 'NONE', #336, #1238, #3597, .T. ) ;
#3914 = EDGE_CURVE ( 'NONE', #982, #3611, #906, .T. ) ;
#3915 = VERTEX_POINT ( 'NONE', #2451 ) ;
#3916 = AXIS2_PLACEMENT_3D ( 'NONE', #3037, #2440, #1268 ) ;
#3917 = VECTOR ( 'NONE', #1099, 1000.000000000000114 ) ;
#3918 = ORIENTED_EDGE ( 'NONE', *, *, #97, .T. ) ;
#3919 = STYLED_ITEM ( 'NONE', ( #462 ), #2359 ) ;
#3920 = ORIENTED_EDGE ( 'NONE', *, *, #3484, .F. ) ;
#3921 =( NAMED_UNIT ( * ) PLANE_ANGLE_UNIT ( ) SI_UNIT ( $, .RADIAN. ) );
#3922 = PRESENTATION_STYLE_ASSIGNMENT (( #1778 ) ) ;
#3923 = DIRECTION ( 'NONE',  ( 0.000000000000000000, 0.000000000000000000, -1.000000000000000000 ) ) ;
#3924 = VECTOR ( 'NONE', #3605, 1000.000000000000000 ) ;
#3925 = SURFACE_SIDE_STYLE ('',( #3010 ) ) ;
#3926 = VERTEX_POINT ( 'NONE', #247 ) ;
#3927 = CARTESIAN_POINT ( 'NONE',  ( -1.676597395366103083, 1.000000000000000000, -1.181981248396587247 ) ) ;
#3928 = MECHANICAL_DESIGN_GEOMETRIC_PRESENTATION_REPRESENTATION (  '', ( #756 ), #2164 ) ;
#3929 = MECHANICAL_DESIGN_GEOMETRIC_PRESENTATION_REPRESENTATION (  '', ( #2356 ), #2884 ) ;
#3930 = PLANE ( 'NONE',  #3276 ) ;
#3931 = DIRECTION ( 'NONE',  ( 0.000000000000000000, 1.000000000000000000, 0.000000000000000000 ) ) ;
#3932 = CARTESIAN_POINT ( 'NONE',  ( -1.197721858797649919, 1.000000000000000000, -1.920172494404391417 ) ) ;
#3933 = DIRECTION ( 'NONE',  ( -0.000000000000000000, 1.000000000000000000, -0.000000000000000000 ) ) ;
#3934 = AXIS2_PLACEMENT_3D ( 'NONE', #584, #2353, #1805 ) ;
#3935 = LINE ( 'NONE', #301, #1909 ) ;
#3936 = EDGE_LOOP ( 'NONE', ( #868, #3840, #2232, #1107 ) ) ;
#3937 = EDGE_CURVE ( 'NONE', #518, #613, #3637, .T. ) ;
#3938 = CARTESIAN_POINT ( 'NONE',  ( -1.858128143392686837, 0.5000000000000000000, -1.141871856607312941 ) ) ;
#3939 =( NAMED_UNIT ( * ) SI_UNIT ( $, .STERADIAN. ) SOLID_ANGLE_UNIT ( ) );
#3940 = ORIENTED_EDGE ( 'NONE', *, *, #2901, .F. ) ;
ENDSEC;
END-ISO-10303-21;
