ISO-10303-21;
HEADER;
/* Generated by software containing ST-Developer
 * from STEP Tools, Inc. (www.steptools.com) 
 */

FILE_DESCRIPTION(
/* description */ (''),
/* implementation_level */ '2;1');

FILE_NAME(
/* name */ 'OVM6211.step',
/* time_stamp */ '2026-07-27T00:42:58+08:00',
/* author */ (''),
/* organization */ (''),
/* preprocessor_version */ 'ST-DEVELOPER v20.1',
/* originating_system */ 'Autodesk Translation Framework v15.8.0.0',
/* authorisation */ '');

FILE_SCHEMA (('AUTOMOTIVE_DESIGN { 1 0 10303 214 3 1 1 }'));
ENDSEC;

DATA;
#10=MECHANICAL_DESIGN_GEOMETRIC_PRESENTATION_REPRESENTATION('',(#1177,#1178,
#1179,#1180,#1181,#1182,#1183,#1184,#1185,#1186,#1187,#1188,#1189,#1190,
#1191,#1192,#1193,#1194,#1195,#1196,#1197,#1198,#1199,#1200,#1201,#1202,
#1203,#1204,#1205,#1206,#1207,#1208,#1209,#1210,#1211,#1212,#1213,#1214,
#1215,#1216),#2286);
#11=SHAPE_REPRESENTATION_RELATIONSHIP('SRR','None',#2293,#12);
#12=ADVANCED_BREP_SHAPE_REPRESENTATION('',(#13),#2285);
#13=MANIFOLD_SOLID_BREP('Body1',#1297);
#14=SPHERICAL_SURFACE('',#1337,0.125);
#15=SPHERICAL_SURFACE('',#1342,0.125);
#16=SPHERICAL_SURFACE('',#1347,0.125);
#17=SPHERICAL_SURFACE('',#1352,0.125);
#18=SPHERICAL_SURFACE('',#1357,0.125);
#19=SPHERICAL_SURFACE('',#1362,0.125);
#20=SPHERICAL_SURFACE('',#1367,0.125);
#21=SPHERICAL_SURFACE('',#1372,0.125);
#22=SPHERICAL_SURFACE('',#1377,0.125);
#23=SPHERICAL_SURFACE('',#1382,0.125);
#24=SPHERICAL_SURFACE('',#1387,0.125);
#25=SPHERICAL_SURFACE('',#1392,0.125);
#26=SPHERICAL_SURFACE('',#1397,0.125);
#27=SPHERICAL_SURFACE('',#1402,0.125);
#28=SPHERICAL_SURFACE('',#1407,0.125);
#29=SPHERICAL_SURFACE('',#1412,0.125);
#30=SPHERICAL_SURFACE('',#1417,0.125);
#31=SPHERICAL_SURFACE('',#1422,0.125);
#32=SPHERICAL_SURFACE('',#1427,0.125);
#33=SPHERICAL_SURFACE('',#1432,0.125);
#34=SPHERICAL_SURFACE('',#1437,0.125);
#35=SPHERICAL_SURFACE('',#1442,0.125);
#36=SPHERICAL_SURFACE('',#1447,0.125);
#37=SPHERICAL_SURFACE('',#1452,0.125);
#38=SPHERICAL_SURFACE('',#1457,0.125);
#39=SPHERICAL_SURFACE('',#1462,0.125);
#40=SPHERICAL_SURFACE('',#1467,0.125);
#41=SPHERICAL_SURFACE('',#1472,0.125);
#42=SPHERICAL_SURFACE('',#1477,0.125);
#43=FACE_BOUND('',#296,.T.);
#44=FACE_BOUND('',#298,.T.);
#45=FACE_BOUND('',#367,.T.);
#46=FACE_BOUND('',#369,.T.);
#47=FACE_BOUND('',#370,.T.);
#48=FACE_BOUND('',#371,.T.);
#49=FACE_BOUND('',#372,.T.);
#50=FACE_BOUND('',#373,.T.);
#51=FACE_BOUND('',#374,.T.);
#52=FACE_BOUND('',#375,.T.);
#53=FACE_BOUND('',#376,.T.);
#54=FACE_BOUND('',#377,.T.);
#55=FACE_BOUND('',#378,.T.);
#56=FACE_BOUND('',#379,.T.);
#57=FACE_BOUND('',#380,.T.);
#58=FACE_BOUND('',#381,.T.);
#59=FACE_BOUND('',#382,.T.);
#60=FACE_BOUND('',#383,.T.);
#61=FACE_BOUND('',#384,.T.);
#62=FACE_BOUND('',#385,.T.);
#63=FACE_BOUND('',#386,.T.);
#64=FACE_BOUND('',#387,.T.);
#65=FACE_BOUND('',#388,.T.);
#66=FACE_BOUND('',#389,.T.);
#67=FACE_BOUND('',#390,.T.);
#68=FACE_BOUND('',#391,.T.);
#69=FACE_BOUND('',#392,.T.);
#70=FACE_BOUND('',#393,.T.);
#71=FACE_BOUND('',#394,.T.);
#72=FACE_BOUND('',#395,.T.);
#73=FACE_BOUND('',#396,.T.);
#74=FACE_BOUND('',#397,.T.);
#75=CIRCLE('',#1313,0.99);
#76=CIRCLE('',#1314,0.99);
#77=CIRCLE('',#1317,0.99);
#78=CIRCLE('',#1318,0.99);
#79=CIRCLE('',#1321,0.99);
#80=CIRCLE('',#1322,0.99);
#81=CIRCLE('',#1325,0.99);
#82=CIRCLE('',#1326,0.99);
#83=CIRCLE('',#1328,1.16);
#84=CIRCLE('',#1329,1.16);
#85=CIRCLE('',#1338,0.125);
#86=CIRCLE('',#1339,0.125);
#87=CIRCLE('',#1341,0.125);
#88=CIRCLE('',#1343,0.125);
#89=CIRCLE('',#1344,0.125);
#90=CIRCLE('',#1346,0.125);
#91=CIRCLE('',#1348,0.125);
#92=CIRCLE('',#1349,0.125);
#93=CIRCLE('',#1351,0.125);
#94=CIRCLE('',#1353,0.125);
#95=CIRCLE('',#1354,0.125);
#96=CIRCLE('',#1356,0.125);
#97=CIRCLE('',#1358,0.125);
#98=CIRCLE('',#1359,0.125);
#99=CIRCLE('',#1361,0.125);
#100=CIRCLE('',#1363,0.125);
#101=CIRCLE('',#1364,0.125);
#102=CIRCLE('',#1366,0.125);
#103=CIRCLE('',#1368,0.125);
#104=CIRCLE('',#1369,0.125);
#105=CIRCLE('',#1371,0.125);
#106=CIRCLE('',#1373,0.125);
#107=CIRCLE('',#1374,0.125);
#108=CIRCLE('',#1376,0.125);
#109=CIRCLE('',#1378,0.125);
#110=CIRCLE('',#1379,0.125);
#111=CIRCLE('',#1381,0.125);
#112=CIRCLE('',#1383,0.125);
#113=CIRCLE('',#1384,0.125);
#114=CIRCLE('',#1386,0.125);
#115=CIRCLE('',#1388,0.125);
#116=CIRCLE('',#1389,0.125);
#117=CIRCLE('',#1391,0.125);
#118=CIRCLE('',#1393,0.125);
#119=CIRCLE('',#1394,0.125);
#120=CIRCLE('',#1396,0.125);
#121=CIRCLE('',#1398,0.125);
#122=CIRCLE('',#1399,0.125);
#123=CIRCLE('',#1401,0.125);
#124=CIRCLE('',#1403,0.125);
#125=CIRCLE('',#1404,0.125);
#126=CIRCLE('',#1406,0.125);
#127=CIRCLE('',#1408,0.125);
#128=CIRCLE('',#1409,0.125);
#129=CIRCLE('',#1411,0.125);
#130=CIRCLE('',#1413,0.125);
#131=CIRCLE('',#1414,0.125);
#132=CIRCLE('',#1416,0.125);
#133=CIRCLE('',#1418,0.125);
#134=CIRCLE('',#1419,0.125);
#135=CIRCLE('',#1421,0.125);
#136=CIRCLE('',#1423,0.125);
#137=CIRCLE('',#1424,0.125);
#138=CIRCLE('',#1426,0.125);
#139=CIRCLE('',#1428,0.125);
#140=CIRCLE('',#1429,0.125);
#141=CIRCLE('',#1431,0.125);
#142=CIRCLE('',#1433,0.125);
#143=CIRCLE('',#1434,0.125);
#144=CIRCLE('',#1436,0.125);
#145=CIRCLE('',#1438,0.125);
#146=CIRCLE('',#1439,0.125);
#147=CIRCLE('',#1441,0.125);
#148=CIRCLE('',#1443,0.125);
#149=CIRCLE('',#1444,0.125);
#150=CIRCLE('',#1446,0.125);
#151=CIRCLE('',#1448,0.125);
#152=CIRCLE('',#1449,0.125);
#153=CIRCLE('',#1451,0.125);
#154=CIRCLE('',#1453,0.125);
#155=CIRCLE('',#1454,0.125);
#156=CIRCLE('',#1456,0.125);
#157=CIRCLE('',#1458,0.125);
#158=CIRCLE('',#1459,0.125);
#159=CIRCLE('',#1461,0.125);
#160=CIRCLE('',#1463,0.125);
#161=CIRCLE('',#1464,0.125);
#162=CIRCLE('',#1466,0.125);
#163=CIRCLE('',#1468,0.125);
#164=CIRCLE('',#1469,0.125);
#165=CIRCLE('',#1471,0.125);
#166=CIRCLE('',#1473,0.125);
#167=CIRCLE('',#1474,0.125);
#168=CIRCLE('',#1476,0.125);
#169=CIRCLE('',#1478,0.125);
#170=CIRCLE('',#1479,0.125);
#171=CIRCLE('',#1481,0.125);
#172=CYLINDRICAL_SURFACE('',#1312,0.99);
#173=CYLINDRICAL_SURFACE('',#1316,0.99);
#174=CYLINDRICAL_SURFACE('',#1320,0.99);
#175=CYLINDRICAL_SURFACE('',#1324,0.99);
#176=CYLINDRICAL_SURFACE('',#1327,1.16);
#177=CYLINDRICAL_SURFACE('',#1340,0.125);
#178=CYLINDRICAL_SURFACE('',#1345,0.125);
#179=CYLINDRICAL_SURFACE('',#1350,0.125);
#180=CYLINDRICAL_SURFACE('',#1355,0.125);
#181=CYLINDRICAL_SURFACE('',#1360,0.125);
#182=CYLINDRICAL_SURFACE('',#1365,0.125);
#183=CYLINDRICAL_SURFACE('',#1370,0.125);
#184=CYLINDRICAL_SURFACE('',#1375,0.125);
#185=CYLINDRICAL_SURFACE('',#1380,0.125);
#186=CYLINDRICAL_SURFACE('',#1385,0.125);
#187=CYLINDRICAL_SURFACE('',#1390,0.125);
#188=CYLINDRICAL_SURFACE('',#1395,0.125);
#189=CYLINDRICAL_SURFACE('',#1400,0.125);
#190=CYLINDRICAL_SURFACE('',#1405,0.125);
#191=CYLINDRICAL_SURFACE('',#1410,0.125);
#192=CYLINDRICAL_SURFACE('',#1415,0.125);
#193=CYLINDRICAL_SURFACE('',#1420,0.125);
#194=CYLINDRICAL_SURFACE('',#1425,0.125);
#195=CYLINDRICAL_SURFACE('',#1430,0.125);
#196=CYLINDRICAL_SURFACE('',#1435,0.125);
#197=CYLINDRICAL_SURFACE('',#1440,0.125);
#198=CYLINDRICAL_SURFACE('',#1445,0.125);
#199=CYLINDRICAL_SURFACE('',#1450,0.125);
#200=CYLINDRICAL_SURFACE('',#1455,0.125);
#201=CYLINDRICAL_SURFACE('',#1460,0.125);
#202=CYLINDRICAL_SURFACE('',#1465,0.125);
#203=CYLINDRICAL_SURFACE('',#1470,0.125);
#204=CYLINDRICAL_SURFACE('',#1475,0.125);
#205=CYLINDRICAL_SURFACE('',#1480,0.125);
#206=FACE_OUTER_BOUND('',#286,.T.);
#207=FACE_OUTER_BOUND('',#287,.T.);
#208=FACE_OUTER_BOUND('',#288,.T.);
#209=FACE_OUTER_BOUND('',#289,.T.);
#210=FACE_OUTER_BOUND('',#290,.T.);
#211=FACE_OUTER_BOUND('',#291,.T.);
#212=FACE_OUTER_BOUND('',#292,.T.);
#213=FACE_OUTER_BOUND('',#293,.T.);
#214=FACE_OUTER_BOUND('',#294,.T.);
#215=FACE_OUTER_BOUND('',#295,.T.);
#216=FACE_OUTER_BOUND('',#297,.T.);
#217=FACE_OUTER_BOUND('',#299,.T.);
#218=FACE_OUTER_BOUND('',#300,.T.);
#219=FACE_OUTER_BOUND('',#301,.T.);
#220=FACE_OUTER_BOUND('',#302,.T.);
#221=FACE_OUTER_BOUND('',#303,.T.);
#222=FACE_OUTER_BOUND('',#304,.T.);
#223=FACE_OUTER_BOUND('',#305,.T.);
#224=FACE_OUTER_BOUND('',#306,.T.);
#225=FACE_OUTER_BOUND('',#307,.T.);
#226=FACE_OUTER_BOUND('',#308,.T.);
#227=FACE_OUTER_BOUND('',#309,.T.);
#228=FACE_OUTER_BOUND('',#310,.T.);
#229=FACE_OUTER_BOUND('',#311,.T.);
#230=FACE_OUTER_BOUND('',#312,.T.);
#231=FACE_OUTER_BOUND('',#313,.T.);
#232=FACE_OUTER_BOUND('',#314,.T.);
#233=FACE_OUTER_BOUND('',#315,.T.);
#234=FACE_OUTER_BOUND('',#316,.T.);
#235=FACE_OUTER_BOUND('',#317,.T.);
#236=FACE_OUTER_BOUND('',#318,.T.);
#237=FACE_OUTER_BOUND('',#319,.T.);
#238=FACE_OUTER_BOUND('',#320,.T.);
#239=FACE_OUTER_BOUND('',#321,.T.);
#240=FACE_OUTER_BOUND('',#322,.T.);
#241=FACE_OUTER_BOUND('',#323,.T.);
#242=FACE_OUTER_BOUND('',#324,.T.);
#243=FACE_OUTER_BOUND('',#325,.T.);
#244=FACE_OUTER_BOUND('',#326,.T.);
#245=FACE_OUTER_BOUND('',#327,.T.);
#246=FACE_OUTER_BOUND('',#328,.T.);
#247=FACE_OUTER_BOUND('',#329,.T.);
#248=FACE_OUTER_BOUND('',#330,.T.);
#249=FACE_OUTER_BOUND('',#331,.T.);
#250=FACE_OUTER_BOUND('',#332,.T.);
#251=FACE_OUTER_BOUND('',#333,.T.);
#252=FACE_OUTER_BOUND('',#334,.T.);
#253=FACE_OUTER_BOUND('',#335,.T.);
#254=FACE_OUTER_BOUND('',#336,.T.);
#255=FACE_OUTER_BOUND('',#337,.T.);
#256=FACE_OUTER_BOUND('',#338,.T.);
#257=FACE_OUTER_BOUND('',#339,.T.);
#258=FACE_OUTER_BOUND('',#340,.T.);
#259=FACE_OUTER_BOUND('',#341,.T.);
#260=FACE_OUTER_BOUND('',#342,.T.);
#261=FACE_OUTER_BOUND('',#343,.T.);
#262=FACE_OUTER_BOUND('',#344,.T.);
#263=FACE_OUTER_BOUND('',#345,.T.);
#264=FACE_OUTER_BOUND('',#346,.T.);
#265=FACE_OUTER_BOUND('',#347,.T.);
#266=FACE_OUTER_BOUND('',#348,.T.);
#267=FACE_OUTER_BOUND('',#349,.T.);
#268=FACE_OUTER_BOUND('',#350,.T.);
#269=FACE_OUTER_BOUND('',#351,.T.);
#270=FACE_OUTER_BOUND('',#352,.T.);
#271=FACE_OUTER_BOUND('',#353,.T.);
#272=FACE_OUTER_BOUND('',#354,.T.);
#273=FACE_OUTER_BOUND('',#355,.T.);
#274=FACE_OUTER_BOUND('',#356,.T.);
#275=FACE_OUTER_BOUND('',#357,.T.);
#276=FACE_OUTER_BOUND('',#358,.T.);
#277=FACE_OUTER_BOUND('',#359,.T.);
#278=FACE_OUTER_BOUND('',#360,.T.);
#279=FACE_OUTER_BOUND('',#361,.T.);
#280=FACE_OUTER_BOUND('',#362,.T.);
#281=FACE_OUTER_BOUND('',#363,.T.);
#282=FACE_OUTER_BOUND('',#364,.T.);
#283=FACE_OUTER_BOUND('',#365,.T.);
#284=FACE_OUTER_BOUND('',#366,.T.);
#285=FACE_OUTER_BOUND('',#368,.T.);
#286=EDGE_LOOP('',(#826,#827,#828,#829));
#287=EDGE_LOOP('',(#830,#831,#832,#833));
#288=EDGE_LOOP('',(#834,#835,#836,#837));
#289=EDGE_LOOP('',(#838,#839,#840,#841));
#290=EDGE_LOOP('',(#842,#843,#844,#845));
#291=EDGE_LOOP('',(#846,#847,#848,#849));
#292=EDGE_LOOP('',(#850,#851,#852,#853));
#293=EDGE_LOOP('',(#854,#855,#856,#857));
#294=EDGE_LOOP('',(#858,#859,#860,#861));
#295=EDGE_LOOP('',(#862));
#296=EDGE_LOOP('',(#863,#864,#865,#866,#867,#868,#869,#870));
#297=EDGE_LOOP('',(#871,#872,#873,#874));
#298=EDGE_LOOP('',(#875));
#299=EDGE_LOOP('',(#876,#877,#878,#879));
#300=EDGE_LOOP('',(#880,#881,#882,#883));
#301=EDGE_LOOP('',(#884,#885,#886,#887));
#302=EDGE_LOOP('',(#888,#889,#890,#891));
#303=EDGE_LOOP('',(#892,#893,#894,#895,#896,#897,#898,#899));
#304=EDGE_LOOP('',(#900,#901,#902));
#305=EDGE_LOOP('',(#903,#904,#905,#906));
#306=EDGE_LOOP('',(#907,#908,#909));
#307=EDGE_LOOP('',(#910,#911,#912,#913));
#308=EDGE_LOOP('',(#914,#915,#916));
#309=EDGE_LOOP('',(#917,#918,#919,#920));
#310=EDGE_LOOP('',(#921,#922,#923));
#311=EDGE_LOOP('',(#924,#925,#926,#927));
#312=EDGE_LOOP('',(#928,#929,#930));
#313=EDGE_LOOP('',(#931,#932,#933,#934));
#314=EDGE_LOOP('',(#935,#936,#937));
#315=EDGE_LOOP('',(#938,#939,#940,#941));
#316=EDGE_LOOP('',(#942,#943,#944));
#317=EDGE_LOOP('',(#945,#946,#947,#948));
#318=EDGE_LOOP('',(#949,#950,#951));
#319=EDGE_LOOP('',(#952,#953,#954,#955));
#320=EDGE_LOOP('',(#956,#957,#958));
#321=EDGE_LOOP('',(#959,#960,#961,#962));
#322=EDGE_LOOP('',(#963,#964,#965));
#323=EDGE_LOOP('',(#966,#967,#968,#969));
#324=EDGE_LOOP('',(#970,#971,#972));
#325=EDGE_LOOP('',(#973,#974,#975,#976));
#326=EDGE_LOOP('',(#977,#978,#979));
#327=EDGE_LOOP('',(#980,#981,#982,#983));
#328=EDGE_LOOP('',(#984,#985,#986));
#329=EDGE_LOOP('',(#987,#988,#989,#990));
#330=EDGE_LOOP('',(#991,#992,#993));
#331=EDGE_LOOP('',(#994,#995,#996,#997));
#332=EDGE_LOOP('',(#998,#999,#1000));
#333=EDGE_LOOP('',(#1001,#1002,#1003,#1004));
#334=EDGE_LOOP('',(#1005,#1006,#1007));
#335=EDGE_LOOP('',(#1008,#1009,#1010,#1011));
#336=EDGE_LOOP('',(#1012,#1013,#1014));
#337=EDGE_LOOP('',(#1015,#1016,#1017,#1018));
#338=EDGE_LOOP('',(#1019,#1020,#1021));
#339=EDGE_LOOP('',(#1022,#1023,#1024,#1025));
#340=EDGE_LOOP('',(#1026,#1027,#1028));
#341=EDGE_LOOP('',(#1029,#1030,#1031,#1032));
#342=EDGE_LOOP('',(#1033,#1034,#1035));
#343=EDGE_LOOP('',(#1036,#1037,#1038,#1039));
#344=EDGE_LOOP('',(#1040,#1041,#1042));
#345=EDGE_LOOP('',(#1043,#1044,#1045,#1046));
#346=EDGE_LOOP('',(#1047,#1048,#1049));
#347=EDGE_LOOP('',(#1050,#1051,#1052,#1053));
#348=EDGE_LOOP('',(#1054,#1055,#1056));
#349=EDGE_LOOP('',(#1057,#1058,#1059,#1060));
#350=EDGE_LOOP('',(#1061,#1062,#1063));
#351=EDGE_LOOP('',(#1064,#1065,#1066,#1067));
#352=EDGE_LOOP('',(#1068,#1069,#1070));
#353=EDGE_LOOP('',(#1071,#1072,#1073,#1074));
#354=EDGE_LOOP('',(#1075,#1076,#1077));
#355=EDGE_LOOP('',(#1078,#1079,#1080,#1081));
#356=EDGE_LOOP('',(#1082,#1083,#1084));
#357=EDGE_LOOP('',(#1085,#1086,#1087,#1088));
#358=EDGE_LOOP('',(#1089,#1090,#1091));
#359=EDGE_LOOP('',(#1092,#1093,#1094,#1095));
#360=EDGE_LOOP('',(#1096,#1097,#1098));
#361=EDGE_LOOP('',(#1099,#1100,#1101,#1102));
#362=EDGE_LOOP('',(#1103,#1104,#1105,#1106));
#363=EDGE_LOOP('',(#1107,#1108,#1109,#1110));
#364=EDGE_LOOP('',(#1111,#1112,#1113,#1114));
#365=EDGE_LOOP('',(#1115,#1116,#1117,#1118));
#366=EDGE_LOOP('',(#1119,#1120,#1121,#1122));
#367=EDGE_LOOP('',(#1123,#1124,#1125,#1126));
#368=EDGE_LOOP('',(#1127,#1128,#1129,#1130));
#369=EDGE_LOOP('',(#1131));
#370=EDGE_LOOP('',(#1132));
#371=EDGE_LOOP('',(#1133));
#372=EDGE_LOOP('',(#1134));
#373=EDGE_LOOP('',(#1135));
#374=EDGE_LOOP('',(#1136));
#375=EDGE_LOOP('',(#1137));
#376=EDGE_LOOP('',(#1138));
#377=EDGE_LOOP('',(#1139));
#378=EDGE_LOOP('',(#1140));
#379=EDGE_LOOP('',(#1141));
#380=EDGE_LOOP('',(#1142));
#381=EDGE_LOOP('',(#1143));
#382=EDGE_LOOP('',(#1144));
#383=EDGE_LOOP('',(#1145));
#384=EDGE_LOOP('',(#1146));
#385=EDGE_LOOP('',(#1147));
#386=EDGE_LOOP('',(#1148));
#387=EDGE_LOOP('',(#1149));
#388=EDGE_LOOP('',(#1150));
#389=EDGE_LOOP('',(#1151));
#390=EDGE_LOOP('',(#1152));
#391=EDGE_LOOP('',(#1153));
#392=EDGE_LOOP('',(#1154));
#393=EDGE_LOOP('',(#1155));
#394=EDGE_LOOP('',(#1156));
#395=EDGE_LOOP('',(#1157));
#396=EDGE_LOOP('',(#1158));
#397=EDGE_LOOP('',(#1159));
#398=LINE('',#1918,#468);
#399=LINE('',#1920,#469);
#400=LINE('',#1922,#470);
#401=LINE('',#1923,#471);
#402=LINE('',#1928,#472);
#403=LINE('',#1932,#473);
#404=LINE('',#1934,#474);
#405=LINE('',#1935,#475);
#406=LINE('',#1940,#476);
#407=LINE('',#1944,#477);
#408=LINE('',#1946,#478);
#409=LINE('',#1947,#479);
#410=LINE('',#1952,#480);
#411=LINE('',#1956,#481);
#412=LINE('',#1958,#482);
#413=LINE('',#1959,#483);
#414=LINE('',#1967,#484);
#415=LINE('',#1973,#485);
#416=LINE('',#1975,#486);
#417=LINE('',#1977,#487);
#418=LINE('',#1978,#488);
#419=LINE('',#1982,#489);
#420=LINE('',#1983,#490);
#421=LINE('',#1984,#491);
#422=LINE('',#1987,#492);
#423=LINE('',#1988,#493);
#424=LINE('',#1991,#494);
#425=LINE('',#1992,#495);
#426=LINE('',#1994,#496);
#427=LINE('',#2003,#497);
#428=LINE('',#2012,#498);
#429=LINE('',#2021,#499);
#430=LINE('',#2030,#500);
#431=LINE('',#2039,#501);
#432=LINE('',#2048,#502);
#433=LINE('',#2057,#503);
#434=LINE('',#2066,#504);
#435=LINE('',#2075,#505);
#436=LINE('',#2084,#506);
#437=LINE('',#2093,#507);
#438=LINE('',#2102,#508);
#439=LINE('',#2111,#509);
#440=LINE('',#2120,#510);
#441=LINE('',#2129,#511);
#442=LINE('',#2138,#512);
#443=LINE('',#2147,#513);
#444=LINE('',#2156,#514);
#445=LINE('',#2165,#515);
#446=LINE('',#2174,#516);
#447=LINE('',#2183,#517);
#448=LINE('',#2192,#518);
#449=LINE('',#2201,#519);
#450=LINE('',#2210,#520);
#451=LINE('',#2219,#521);
#452=LINE('',#2228,#522);
#453=LINE('',#2237,#523);
#454=LINE('',#2246,#524);
#455=LINE('',#2255,#525);
#456=LINE('',#2260,#526);
#457=LINE('',#2262,#527);
#458=LINE('',#2264,#528);
#459=LINE('',#2265,#529);
#460=LINE('',#2268,#530);
#461=LINE('',#2270,#531);
#462=LINE('',#2271,#532);
#463=LINE('',#2274,#533);
#464=LINE('',#2276,#534);
#465=LINE('',#2277,#535);
#466=LINE('',#2279,#536);
#467=LINE('',#2280,#537);
#468=VECTOR('',#1492,10.);
#469=VECTOR('',#1493,10.);
#470=VECTOR('',#1494,10.);
#471=VECTOR('',#1495,10.);
#472=VECTOR('',#1500,10.);
#473=VECTOR('',#1505,10.);
#474=VECTOR('',#1506,10.);
#475=VECTOR('',#1507,10.);
#476=VECTOR('',#1512,10.);
#477=VECTOR('',#1517,10.);
#478=VECTOR('',#1518,10.);
#479=VECTOR('',#1519,10.);
#480=VECTOR('',#1524,10.);
#481=VECTOR('',#1529,10.);
#482=VECTOR('',#1530,10.);
#483=VECTOR('',#1531,10.);
#484=VECTOR('',#1542,1.16);
#485=VECTOR('',#1549,10.);
#486=VECTOR('',#1550,10.);
#487=VECTOR('',#1551,10.);
#488=VECTOR('',#1552,10.);
#489=VECTOR('',#1555,10.);
#490=VECTOR('',#1556,10.);
#491=VECTOR('',#1557,10.);
#492=VECTOR('',#1560,10.);
#493=VECTOR('',#1561,10.);
#494=VECTOR('',#1564,10.);
#495=VECTOR('',#1565,10.);
#496=VECTOR('',#1568,10.);
#497=VECTOR('',#1579,0.125);
#498=VECTOR('',#1590,0.125);
#499=VECTOR('',#1601,0.125);
#500=VECTOR('',#1612,0.125);
#501=VECTOR('',#1623,0.125);
#502=VECTOR('',#1634,0.125);
#503=VECTOR('',#1645,0.125);
#504=VECTOR('',#1656,0.125);
#505=VECTOR('',#1667,0.125);
#506=VECTOR('',#1678,0.125);
#507=VECTOR('',#1689,0.125);
#508=VECTOR('',#1700,0.125);
#509=VECTOR('',#1711,0.125);
#510=VECTOR('',#1722,0.125);
#511=VECTOR('',#1733,0.125);
#512=VECTOR('',#1744,0.125);
#513=VECTOR('',#1755,0.125);
#514=VECTOR('',#1766,0.125);
#515=VECTOR('',#1777,0.125);
#516=VECTOR('',#1788,0.125);
#517=VECTOR('',#1799,0.125);
#518=VECTOR('',#1810,0.125);
#519=VECTOR('',#1821,0.125);
#520=VECTOR('',#1832,0.125);
#521=VECTOR('',#1843,0.125);
#522=VECTOR('',#1854,0.125);
#523=VECTOR('',#1865,0.125);
#524=VECTOR('',#1876,0.125);
#525=VECTOR('',#1887,0.125);
#526=VECTOR('',#1892,10.);
#527=VECTOR('',#1893,10.);
#528=VECTOR('',#1894,10.);
#529=VECTOR('',#1895,10.);
#530=VECTOR('',#1898,10.);
#531=VECTOR('',#1899,10.);
#532=VECTOR('',#1900,10.);
#533=VECTOR('',#1903,10.);
#534=VECTOR('',#1904,10.);
#535=VECTOR('',#1905,10.);
#536=VECTOR('',#1908,10.);
#537=VECTOR('',#1909,10.);
#538=VERTEX_POINT('',#1916);
#539=VERTEX_POINT('',#1917);
#540=VERTEX_POINT('',#1919);
#541=VERTEX_POINT('',#1921);
#542=VERTEX_POINT('',#1925);
#543=VERTEX_POINT('',#1927);
#544=VERTEX_POINT('',#1931);
#545=VERTEX_POINT('',#1933);
#546=VERTEX_POINT('',#1937);
#547=VERTEX_POINT('',#1939);
#548=VERTEX_POINT('',#1943);
#549=VERTEX_POINT('',#1945);
#550=VERTEX_POINT('',#1949);
#551=VERTEX_POINT('',#1951);
#552=VERTEX_POINT('',#1955);
#553=VERTEX_POINT('',#1957);
#554=VERTEX_POINT('',#1964);
#555=VERTEX_POINT('',#1966);
#556=VERTEX_POINT('',#1971);
#557=VERTEX_POINT('',#1972);
#558=VERTEX_POINT('',#1974);
#559=VERTEX_POINT('',#1976);
#560=VERTEX_POINT('',#1980);
#561=VERTEX_POINT('',#1981);
#562=VERTEX_POINT('',#1986);
#563=VERTEX_POINT('',#1990);
#564=VERTEX_POINT('',#1997);
#565=VERTEX_POINT('',#1999);
#566=VERTEX_POINT('',#2002);
#567=VERTEX_POINT('',#2006);
#568=VERTEX_POINT('',#2008);
#569=VERTEX_POINT('',#2011);
#570=VERTEX_POINT('',#2015);
#571=VERTEX_POINT('',#2017);
#572=VERTEX_POINT('',#2020);
#573=VERTEX_POINT('',#2024);
#574=VERTEX_POINT('',#2026);
#575=VERTEX_POINT('',#2029);
#576=VERTEX_POINT('',#2033);
#577=VERTEX_POINT('',#2035);
#578=VERTEX_POINT('',#2038);
#579=VERTEX_POINT('',#2042);
#580=VERTEX_POINT('',#2044);
#581=VERTEX_POINT('',#2047);
#582=VERTEX_POINT('',#2051);
#583=VERTEX_POINT('',#2053);
#584=VERTEX_POINT('',#2056);
#585=VERTEX_POINT('',#2060);
#586=VERTEX_POINT('',#2062);
#587=VERTEX_POINT('',#2065);
#588=VERTEX_POINT('',#2069);
#589=VERTEX_POINT('',#2071);
#590=VERTEX_POINT('',#2074);
#591=VERTEX_POINT('',#2078);
#592=VERTEX_POINT('',#2080);
#593=VERTEX_POINT('',#2083);
#594=VERTEX_POINT('',#2087);
#595=VERTEX_POINT('',#2089);
#596=VERTEX_POINT('',#2092);
#597=VERTEX_POINT('',#2096);
#598=VERTEX_POINT('',#2098);
#599=VERTEX_POINT('',#2101);
#600=VERTEX_POINT('',#2105);
#601=VERTEX_POINT('',#2107);
#602=VERTEX_POINT('',#2110);
#603=VERTEX_POINT('',#2114);
#604=VERTEX_POINT('',#2116);
#605=VERTEX_POINT('',#2119);
#606=VERTEX_POINT('',#2123);
#607=VERTEX_POINT('',#2125);
#608=VERTEX_POINT('',#2128);
#609=VERTEX_POINT('',#2132);
#610=VERTEX_POINT('',#2134);
#611=VERTEX_POINT('',#2137);
#612=VERTEX_POINT('',#2141);
#613=VERTEX_POINT('',#2143);
#614=VERTEX_POINT('',#2146);
#615=VERTEX_POINT('',#2150);
#616=VERTEX_POINT('',#2152);
#617=VERTEX_POINT('',#2155);
#618=VERTEX_POINT('',#2159);
#619=VERTEX_POINT('',#2161);
#620=VERTEX_POINT('',#2164);
#621=VERTEX_POINT('',#2168);
#622=VERTEX_POINT('',#2170);
#623=VERTEX_POINT('',#2173);
#624=VERTEX_POINT('',#2177);
#625=VERTEX_POINT('',#2179);
#626=VERTEX_POINT('',#2182);
#627=VERTEX_POINT('',#2186);
#628=VERTEX_POINT('',#2188);
#629=VERTEX_POINT('',#2191);
#630=VERTEX_POINT('',#2195);
#631=VERTEX_POINT('',#2197);
#632=VERTEX_POINT('',#2200);
#633=VERTEX_POINT('',#2204);
#634=VERTEX_POINT('',#2206);
#635=VERTEX_POINT('',#2209);
#636=VERTEX_POINT('',#2213);
#637=VERTEX_POINT('',#2215);
#638=VERTEX_POINT('',#2218);
#639=VERTEX_POINT('',#2222);
#640=VERTEX_POINT('',#2224);
#641=VERTEX_POINT('',#2227);
#642=VERTEX_POINT('',#2231);
#643=VERTEX_POINT('',#2233);
#644=VERTEX_POINT('',#2236);
#645=VERTEX_POINT('',#2240);
#646=VERTEX_POINT('',#2242);
#647=VERTEX_POINT('',#2245);
#648=VERTEX_POINT('',#2249);
#649=VERTEX_POINT('',#2251);
#650=VERTEX_POINT('',#2254);
#651=VERTEX_POINT('',#2258);
#652=VERTEX_POINT('',#2259);
#653=VERTEX_POINT('',#2261);
#654=VERTEX_POINT('',#2263);
#655=VERTEX_POINT('',#2267);
#656=VERTEX_POINT('',#2269);
#657=VERTEX_POINT('',#2273);
#658=VERTEX_POINT('',#2275);
#659=EDGE_CURVE('',#538,#539,#398,.T.);
#660=EDGE_CURVE('',#538,#540,#399,.T.);
#661=EDGE_CURVE('',#540,#541,#400,.T.);
#662=EDGE_CURVE('',#539,#541,#401,.T.);
#663=EDGE_CURVE('',#542,#538,#75,.T.);
#664=EDGE_CURVE('',#542,#543,#402,.T.);
#665=EDGE_CURVE('',#543,#540,#76,.T.);
#666=EDGE_CURVE('',#544,#542,#403,.T.);
#667=EDGE_CURVE('',#544,#545,#404,.T.);
#668=EDGE_CURVE('',#545,#543,#405,.T.);
#669=EDGE_CURVE('',#546,#544,#77,.T.);
#670=EDGE_CURVE('',#546,#547,#406,.T.);
#671=EDGE_CURVE('',#547,#545,#78,.T.);
#672=EDGE_CURVE('',#548,#546,#407,.T.);
#673=EDGE_CURVE('',#548,#549,#408,.T.);
#674=EDGE_CURVE('',#549,#547,#409,.T.);
#675=EDGE_CURVE('',#550,#548,#79,.T.);
#676=EDGE_CURVE('',#550,#551,#410,.T.);
#677=EDGE_CURVE('',#551,#549,#80,.T.);
#678=EDGE_CURVE('',#552,#550,#411,.T.);
#679=EDGE_CURVE('',#552,#553,#412,.T.);
#680=EDGE_CURVE('',#553,#551,#413,.T.);
#681=EDGE_CURVE('',#539,#552,#81,.T.);
#682=EDGE_CURVE('',#541,#553,#82,.T.);
#683=EDGE_CURVE('',#554,#554,#83,.T.);
#684=EDGE_CURVE('',#554,#555,#414,.T.);
#685=EDGE_CURVE('',#555,#555,#84,.T.);
#686=EDGE_CURVE('',#556,#557,#415,.T.);
#687=EDGE_CURVE('',#558,#556,#416,.T.);
#688=EDGE_CURVE('',#559,#558,#417,.T.);
#689=EDGE_CURVE('',#557,#559,#418,.T.);
#690=EDGE_CURVE('',#560,#561,#419,.T.);
#691=EDGE_CURVE('',#556,#560,#420,.T.);
#692=EDGE_CURVE('',#557,#561,#421,.T.);
#693=EDGE_CURVE('',#562,#560,#422,.T.);
#694=EDGE_CURVE('',#558,#562,#423,.T.);
#695=EDGE_CURVE('',#563,#562,#424,.T.);
#696=EDGE_CURVE('',#559,#563,#425,.T.);
#697=EDGE_CURVE('',#561,#563,#426,.T.);
#698=EDGE_CURVE('',#564,#564,#85,.T.);
#699=EDGE_CURVE('',#564,#565,#86,.T.);
#700=EDGE_CURVE('',#564,#566,#427,.T.);
#701=EDGE_CURVE('',#566,#566,#87,.T.);
#702=EDGE_CURVE('',#567,#567,#88,.T.);
#703=EDGE_CURVE('',#567,#568,#89,.T.);
#704=EDGE_CURVE('',#567,#569,#428,.T.);
#705=EDGE_CURVE('',#569,#569,#90,.T.);
#706=EDGE_CURVE('',#570,#570,#91,.T.);
#707=EDGE_CURVE('',#570,#571,#92,.T.);
#708=EDGE_CURVE('',#570,#572,#429,.T.);
#709=EDGE_CURVE('',#572,#572,#93,.T.);
#710=EDGE_CURVE('',#573,#573,#94,.T.);
#711=EDGE_CURVE('',#573,#574,#95,.T.);
#712=EDGE_CURVE('',#573,#575,#430,.T.);
#713=EDGE_CURVE('',#575,#575,#96,.T.);
#714=EDGE_CURVE('',#576,#576,#97,.T.);
#715=EDGE_CURVE('',#576,#577,#98,.T.);
#716=EDGE_CURVE('',#576,#578,#431,.T.);
#717=EDGE_CURVE('',#578,#578,#99,.T.);
#718=EDGE_CURVE('',#579,#579,#100,.T.);
#719=EDGE_CURVE('',#579,#580,#101,.T.);
#720=EDGE_CURVE('',#579,#581,#432,.T.);
#721=EDGE_CURVE('',#581,#581,#102,.T.);
#722=EDGE_CURVE('',#582,#582,#103,.T.);
#723=EDGE_CURVE('',#582,#583,#104,.T.);
#724=EDGE_CURVE('',#582,#584,#433,.T.);
#725=EDGE_CURVE('',#584,#584,#105,.T.);
#726=EDGE_CURVE('',#585,#585,#106,.T.);
#727=EDGE_CURVE('',#585,#586,#107,.T.);
#728=EDGE_CURVE('',#585,#587,#434,.T.);
#729=EDGE_CURVE('',#587,#587,#108,.T.);
#730=EDGE_CURVE('',#588,#588,#109,.T.);
#731=EDGE_CURVE('',#588,#589,#110,.T.);
#732=EDGE_CURVE('',#588,#590,#435,.T.);
#733=EDGE_CURVE('',#590,#590,#111,.T.);
#734=EDGE_CURVE('',#591,#591,#112,.T.);
#735=EDGE_CURVE('',#591,#592,#113,.T.);
#736=EDGE_CURVE('',#591,#593,#436,.T.);
#737=EDGE_CURVE('',#593,#593,#114,.T.);
#738=EDGE_CURVE('',#594,#594,#115,.T.);
#739=EDGE_CURVE('',#594,#595,#116,.T.);
#740=EDGE_CURVE('',#594,#596,#437,.T.);
#741=EDGE_CURVE('',#596,#596,#117,.T.);
#742=EDGE_CURVE('',#597,#597,#118,.T.);
#743=EDGE_CURVE('',#597,#598,#119,.T.);
#744=EDGE_CURVE('',#597,#599,#438,.T.);
#745=EDGE_CURVE('',#599,#599,#120,.T.);
#746=EDGE_CURVE('',#600,#600,#121,.T.);
#747=EDGE_CURVE('',#600,#601,#122,.T.);
#748=EDGE_CURVE('',#600,#602,#439,.T.);
#749=EDGE_CURVE('',#602,#602,#123,.T.);
#750=EDGE_CURVE('',#603,#603,#124,.T.);
#751=EDGE_CURVE('',#603,#604,#125,.T.);
#752=EDGE_CURVE('',#603,#605,#440,.T.);
#753=EDGE_CURVE('',#605,#605,#126,.T.);
#754=EDGE_CURVE('',#606,#606,#127,.T.);
#755=EDGE_CURVE('',#606,#607,#128,.T.);
#756=EDGE_CURVE('',#606,#608,#441,.T.);
#757=EDGE_CURVE('',#608,#608,#129,.T.);
#758=EDGE_CURVE('',#609,#609,#130,.T.);
#759=EDGE_CURVE('',#609,#610,#131,.T.);
#760=EDGE_CURVE('',#609,#611,#442,.T.);
#761=EDGE_CURVE('',#611,#611,#132,.T.);
#762=EDGE_CURVE('',#612,#612,#133,.T.);
#763=EDGE_CURVE('',#612,#613,#134,.T.);
#764=EDGE_CURVE('',#612,#614,#443,.T.);
#765=EDGE_CURVE('',#614,#614,#135,.T.);
#766=EDGE_CURVE('',#615,#615,#136,.T.);
#767=EDGE_CURVE('',#615,#616,#137,.T.);
#768=EDGE_CURVE('',#615,#617,#444,.T.);
#769=EDGE_CURVE('',#617,#617,#138,.T.);
#770=EDGE_CURVE('',#618,#618,#139,.T.);
#771=EDGE_CURVE('',#618,#619,#140,.T.);
#772=EDGE_CURVE('',#618,#620,#445,.T.);
#773=EDGE_CURVE('',#620,#620,#141,.T.);
#774=EDGE_CURVE('',#621,#621,#142,.T.);
#775=EDGE_CURVE('',#621,#622,#143,.T.);
#776=EDGE_CURVE('',#621,#623,#446,.T.);
#777=EDGE_CURVE('',#623,#623,#144,.T.);
#778=EDGE_CURVE('',#624,#624,#145,.T.);
#779=EDGE_CURVE('',#624,#625,#146,.T.);
#780=EDGE_CURVE('',#624,#626,#447,.T.);
#781=EDGE_CURVE('',#626,#626,#147,.T.);
#782=EDGE_CURVE('',#627,#627,#148,.T.);
#783=EDGE_CURVE('',#627,#628,#149,.T.);
#784=EDGE_CURVE('',#627,#629,#448,.T.);
#785=EDGE_CURVE('',#629,#629,#150,.T.);
#786=EDGE_CURVE('',#630,#630,#151,.T.);
#787=EDGE_CURVE('',#630,#631,#152,.T.);
#788=EDGE_CURVE('',#630,#632,#449,.T.);
#789=EDGE_CURVE('',#632,#632,#153,.T.);
#790=EDGE_CURVE('',#633,#633,#154,.T.);
#791=EDGE_CURVE('',#633,#634,#155,.T.);
#792=EDGE_CURVE('',#633,#635,#450,.T.);
#793=EDGE_CURVE('',#635,#635,#156,.T.);
#794=EDGE_CURVE('',#636,#636,#157,.T.);
#795=EDGE_CURVE('',#636,#637,#158,.T.);
#796=EDGE_CURVE('',#636,#638,#451,.T.);
#797=EDGE_CURVE('',#638,#638,#159,.T.);
#798=EDGE_CURVE('',#639,#639,#160,.T.);
#799=EDGE_CURVE('',#639,#640,#161,.T.);
#800=EDGE_CURVE('',#639,#641,#452,.T.);
#801=EDGE_CURVE('',#641,#641,#162,.T.);
#802=EDGE_CURVE('',#642,#642,#163,.T.);
#803=EDGE_CURVE('',#642,#643,#164,.T.);
#804=EDGE_CURVE('',#642,#644,#453,.T.);
#805=EDGE_CURVE('',#644,#644,#165,.T.);
#806=EDGE_CURVE('',#645,#645,#166,.T.);
#807=EDGE_CURVE('',#645,#646,#167,.T.);
#808=EDGE_CURVE('',#645,#647,#454,.T.);
#809=EDGE_CURVE('',#647,#647,#168,.T.);
#810=EDGE_CURVE('',#648,#648,#169,.T.);
#811=EDGE_CURVE('',#648,#649,#170,.T.);
#812=EDGE_CURVE('',#648,#650,#455,.T.);
#813=EDGE_CURVE('',#650,#650,#171,.T.);
#814=EDGE_CURVE('',#651,#652,#456,.T.);
#815=EDGE_CURVE('',#652,#653,#457,.T.);
#816=EDGE_CURVE('',#654,#653,#458,.T.);
#817=EDGE_CURVE('',#651,#654,#459,.T.);
#818=EDGE_CURVE('',#655,#651,#460,.T.);
#819=EDGE_CURVE('',#656,#654,#461,.T.);
#820=EDGE_CURVE('',#655,#656,#462,.T.);
#821=EDGE_CURVE('',#657,#655,#463,.T.);
#822=EDGE_CURVE('',#658,#656,#464,.T.);
#823=EDGE_CURVE('',#657,#658,#465,.T.);
#824=EDGE_CURVE('',#652,#657,#466,.T.);
#825=EDGE_CURVE('',#653,#658,#467,.T.);
#826=ORIENTED_EDGE('',*,*,#659,.F.);
#827=ORIENTED_EDGE('',*,*,#660,.T.);
#828=ORIENTED_EDGE('',*,*,#661,.T.);
#829=ORIENTED_EDGE('',*,*,#662,.F.);
#830=ORIENTED_EDGE('',*,*,#663,.F.);
#831=ORIENTED_EDGE('',*,*,#664,.T.);
#832=ORIENTED_EDGE('',*,*,#665,.T.);
#833=ORIENTED_EDGE('',*,*,#660,.F.);
#834=ORIENTED_EDGE('',*,*,#666,.F.);
#835=ORIENTED_EDGE('',*,*,#667,.T.);
#836=ORIENTED_EDGE('',*,*,#668,.T.);
#837=ORIENTED_EDGE('',*,*,#664,.F.);
#838=ORIENTED_EDGE('',*,*,#669,.F.);
#839=ORIENTED_EDGE('',*,*,#670,.T.);
#840=ORIENTED_EDGE('',*,*,#671,.T.);
#841=ORIENTED_EDGE('',*,*,#667,.F.);
#842=ORIENTED_EDGE('',*,*,#672,.F.);
#843=ORIENTED_EDGE('',*,*,#673,.T.);
#844=ORIENTED_EDGE('',*,*,#674,.T.);
#845=ORIENTED_EDGE('',*,*,#670,.F.);
#846=ORIENTED_EDGE('',*,*,#675,.F.);
#847=ORIENTED_EDGE('',*,*,#676,.T.);
#848=ORIENTED_EDGE('',*,*,#677,.T.);
#849=ORIENTED_EDGE('',*,*,#673,.F.);
#850=ORIENTED_EDGE('',*,*,#678,.F.);
#851=ORIENTED_EDGE('',*,*,#679,.T.);
#852=ORIENTED_EDGE('',*,*,#680,.T.);
#853=ORIENTED_EDGE('',*,*,#676,.F.);
#854=ORIENTED_EDGE('',*,*,#681,.F.);
#855=ORIENTED_EDGE('',*,*,#662,.T.);
#856=ORIENTED_EDGE('',*,*,#682,.T.);
#857=ORIENTED_EDGE('',*,*,#679,.F.);
#858=ORIENTED_EDGE('',*,*,#683,.F.);
#859=ORIENTED_EDGE('',*,*,#684,.T.);
#860=ORIENTED_EDGE('',*,*,#685,.T.);
#861=ORIENTED_EDGE('',*,*,#684,.F.);
#862=ORIENTED_EDGE('',*,*,#685,.F.);
#863=ORIENTED_EDGE('',*,*,#682,.F.);
#864=ORIENTED_EDGE('',*,*,#661,.F.);
#865=ORIENTED_EDGE('',*,*,#665,.F.);
#866=ORIENTED_EDGE('',*,*,#668,.F.);
#867=ORIENTED_EDGE('',*,*,#671,.F.);
#868=ORIENTED_EDGE('',*,*,#674,.F.);
#869=ORIENTED_EDGE('',*,*,#677,.F.);
#870=ORIENTED_EDGE('',*,*,#680,.F.);
#871=ORIENTED_EDGE('',*,*,#686,.F.);
#872=ORIENTED_EDGE('',*,*,#687,.F.);
#873=ORIENTED_EDGE('',*,*,#688,.F.);
#874=ORIENTED_EDGE('',*,*,#689,.F.);
#875=ORIENTED_EDGE('',*,*,#683,.T.);
#876=ORIENTED_EDGE('',*,*,#690,.F.);
#877=ORIENTED_EDGE('',*,*,#691,.F.);
#878=ORIENTED_EDGE('',*,*,#686,.T.);
#879=ORIENTED_EDGE('',*,*,#692,.T.);
#880=ORIENTED_EDGE('',*,*,#693,.F.);
#881=ORIENTED_EDGE('',*,*,#694,.F.);
#882=ORIENTED_EDGE('',*,*,#687,.T.);
#883=ORIENTED_EDGE('',*,*,#691,.T.);
#884=ORIENTED_EDGE('',*,*,#695,.F.);
#885=ORIENTED_EDGE('',*,*,#696,.F.);
#886=ORIENTED_EDGE('',*,*,#688,.T.);
#887=ORIENTED_EDGE('',*,*,#694,.T.);
#888=ORIENTED_EDGE('',*,*,#697,.F.);
#889=ORIENTED_EDGE('',*,*,#692,.F.);
#890=ORIENTED_EDGE('',*,*,#689,.T.);
#891=ORIENTED_EDGE('',*,*,#696,.T.);
#892=ORIENTED_EDGE('',*,*,#659,.T.);
#893=ORIENTED_EDGE('',*,*,#681,.T.);
#894=ORIENTED_EDGE('',*,*,#678,.T.);
#895=ORIENTED_EDGE('',*,*,#675,.T.);
#896=ORIENTED_EDGE('',*,*,#672,.T.);
#897=ORIENTED_EDGE('',*,*,#669,.T.);
#898=ORIENTED_EDGE('',*,*,#666,.T.);
#899=ORIENTED_EDGE('',*,*,#663,.T.);
#900=ORIENTED_EDGE('',*,*,#698,.T.);
#901=ORIENTED_EDGE('',*,*,#699,.T.);
#902=ORIENTED_EDGE('',*,*,#699,.F.);
#903=ORIENTED_EDGE('',*,*,#698,.F.);
#904=ORIENTED_EDGE('',*,*,#700,.T.);
#905=ORIENTED_EDGE('',*,*,#701,.F.);
#906=ORIENTED_EDGE('',*,*,#700,.F.);
#907=ORIENTED_EDGE('',*,*,#702,.T.);
#908=ORIENTED_EDGE('',*,*,#703,.T.);
#909=ORIENTED_EDGE('',*,*,#703,.F.);
#910=ORIENTED_EDGE('',*,*,#702,.F.);
#911=ORIENTED_EDGE('',*,*,#704,.T.);
#912=ORIENTED_EDGE('',*,*,#705,.F.);
#913=ORIENTED_EDGE('',*,*,#704,.F.);
#914=ORIENTED_EDGE('',*,*,#706,.T.);
#915=ORIENTED_EDGE('',*,*,#707,.T.);
#916=ORIENTED_EDGE('',*,*,#707,.F.);
#917=ORIENTED_EDGE('',*,*,#706,.F.);
#918=ORIENTED_EDGE('',*,*,#708,.T.);
#919=ORIENTED_EDGE('',*,*,#709,.F.);
#920=ORIENTED_EDGE('',*,*,#708,.F.);
#921=ORIENTED_EDGE('',*,*,#710,.T.);
#922=ORIENTED_EDGE('',*,*,#711,.T.);
#923=ORIENTED_EDGE('',*,*,#711,.F.);
#924=ORIENTED_EDGE('',*,*,#710,.F.);
#925=ORIENTED_EDGE('',*,*,#712,.T.);
#926=ORIENTED_EDGE('',*,*,#713,.F.);
#927=ORIENTED_EDGE('',*,*,#712,.F.);
#928=ORIENTED_EDGE('',*,*,#714,.T.);
#929=ORIENTED_EDGE('',*,*,#715,.T.);
#930=ORIENTED_EDGE('',*,*,#715,.F.);
#931=ORIENTED_EDGE('',*,*,#714,.F.);
#932=ORIENTED_EDGE('',*,*,#716,.T.);
#933=ORIENTED_EDGE('',*,*,#717,.F.);
#934=ORIENTED_EDGE('',*,*,#716,.F.);
#935=ORIENTED_EDGE('',*,*,#718,.T.);
#936=ORIENTED_EDGE('',*,*,#719,.T.);
#937=ORIENTED_EDGE('',*,*,#719,.F.);
#938=ORIENTED_EDGE('',*,*,#718,.F.);
#939=ORIENTED_EDGE('',*,*,#720,.T.);
#940=ORIENTED_EDGE('',*,*,#721,.F.);
#941=ORIENTED_EDGE('',*,*,#720,.F.);
#942=ORIENTED_EDGE('',*,*,#722,.T.);
#943=ORIENTED_EDGE('',*,*,#723,.T.);
#944=ORIENTED_EDGE('',*,*,#723,.F.);
#945=ORIENTED_EDGE('',*,*,#722,.F.);
#946=ORIENTED_EDGE('',*,*,#724,.T.);
#947=ORIENTED_EDGE('',*,*,#725,.F.);
#948=ORIENTED_EDGE('',*,*,#724,.F.);
#949=ORIENTED_EDGE('',*,*,#726,.T.);
#950=ORIENTED_EDGE('',*,*,#727,.T.);
#951=ORIENTED_EDGE('',*,*,#727,.F.);
#952=ORIENTED_EDGE('',*,*,#726,.F.);
#953=ORIENTED_EDGE('',*,*,#728,.T.);
#954=ORIENTED_EDGE('',*,*,#729,.F.);
#955=ORIENTED_EDGE('',*,*,#728,.F.);
#956=ORIENTED_EDGE('',*,*,#730,.T.);
#957=ORIENTED_EDGE('',*,*,#731,.T.);
#958=ORIENTED_EDGE('',*,*,#731,.F.);
#959=ORIENTED_EDGE('',*,*,#730,.F.);
#960=ORIENTED_EDGE('',*,*,#732,.T.);
#961=ORIENTED_EDGE('',*,*,#733,.F.);
#962=ORIENTED_EDGE('',*,*,#732,.F.);
#963=ORIENTED_EDGE('',*,*,#734,.T.);
#964=ORIENTED_EDGE('',*,*,#735,.T.);
#965=ORIENTED_EDGE('',*,*,#735,.F.);
#966=ORIENTED_EDGE('',*,*,#734,.F.);
#967=ORIENTED_EDGE('',*,*,#736,.T.);
#968=ORIENTED_EDGE('',*,*,#737,.F.);
#969=ORIENTED_EDGE('',*,*,#736,.F.);
#970=ORIENTED_EDGE('',*,*,#738,.T.);
#971=ORIENTED_EDGE('',*,*,#739,.T.);
#972=ORIENTED_EDGE('',*,*,#739,.F.);
#973=ORIENTED_EDGE('',*,*,#738,.F.);
#974=ORIENTED_EDGE('',*,*,#740,.T.);
#975=ORIENTED_EDGE('',*,*,#741,.F.);
#976=ORIENTED_EDGE('',*,*,#740,.F.);
#977=ORIENTED_EDGE('',*,*,#742,.T.);
#978=ORIENTED_EDGE('',*,*,#743,.T.);
#979=ORIENTED_EDGE('',*,*,#743,.F.);
#980=ORIENTED_EDGE('',*,*,#742,.F.);
#981=ORIENTED_EDGE('',*,*,#744,.T.);
#982=ORIENTED_EDGE('',*,*,#745,.F.);
#983=ORIENTED_EDGE('',*,*,#744,.F.);
#984=ORIENTED_EDGE('',*,*,#746,.T.);
#985=ORIENTED_EDGE('',*,*,#747,.T.);
#986=ORIENTED_EDGE('',*,*,#747,.F.);
#987=ORIENTED_EDGE('',*,*,#746,.F.);
#988=ORIENTED_EDGE('',*,*,#748,.T.);
#989=ORIENTED_EDGE('',*,*,#749,.F.);
#990=ORIENTED_EDGE('',*,*,#748,.F.);
#991=ORIENTED_EDGE('',*,*,#750,.T.);
#992=ORIENTED_EDGE('',*,*,#751,.T.);
#993=ORIENTED_EDGE('',*,*,#751,.F.);
#994=ORIENTED_EDGE('',*,*,#750,.F.);
#995=ORIENTED_EDGE('',*,*,#752,.T.);
#996=ORIENTED_EDGE('',*,*,#753,.F.);
#997=ORIENTED_EDGE('',*,*,#752,.F.);
#998=ORIENTED_EDGE('',*,*,#754,.T.);
#999=ORIENTED_EDGE('',*,*,#755,.T.);
#1000=ORIENTED_EDGE('',*,*,#755,.F.);
#1001=ORIENTED_EDGE('',*,*,#754,.F.);
#1002=ORIENTED_EDGE('',*,*,#756,.T.);
#1003=ORIENTED_EDGE('',*,*,#757,.F.);
#1004=ORIENTED_EDGE('',*,*,#756,.F.);
#1005=ORIENTED_EDGE('',*,*,#758,.T.);
#1006=ORIENTED_EDGE('',*,*,#759,.T.);
#1007=ORIENTED_EDGE('',*,*,#759,.F.);
#1008=ORIENTED_EDGE('',*,*,#758,.F.);
#1009=ORIENTED_EDGE('',*,*,#760,.T.);
#1010=ORIENTED_EDGE('',*,*,#761,.F.);
#1011=ORIENTED_EDGE('',*,*,#760,.F.);
#1012=ORIENTED_EDGE('',*,*,#762,.T.);
#1013=ORIENTED_EDGE('',*,*,#763,.T.);
#1014=ORIENTED_EDGE('',*,*,#763,.F.);
#1015=ORIENTED_EDGE('',*,*,#762,.F.);
#1016=ORIENTED_EDGE('',*,*,#764,.T.);
#1017=ORIENTED_EDGE('',*,*,#765,.F.);
#1018=ORIENTED_EDGE('',*,*,#764,.F.);
#1019=ORIENTED_EDGE('',*,*,#766,.T.);
#1020=ORIENTED_EDGE('',*,*,#767,.T.);
#1021=ORIENTED_EDGE('',*,*,#767,.F.);
#1022=ORIENTED_EDGE('',*,*,#766,.F.);
#1023=ORIENTED_EDGE('',*,*,#768,.T.);
#1024=ORIENTED_EDGE('',*,*,#769,.F.);
#1025=ORIENTED_EDGE('',*,*,#768,.F.);
#1026=ORIENTED_EDGE('',*,*,#770,.T.);
#1027=ORIENTED_EDGE('',*,*,#771,.T.);
#1028=ORIENTED_EDGE('',*,*,#771,.F.);
#1029=ORIENTED_EDGE('',*,*,#770,.F.);
#1030=ORIENTED_EDGE('',*,*,#772,.T.);
#1031=ORIENTED_EDGE('',*,*,#773,.F.);
#1032=ORIENTED_EDGE('',*,*,#772,.F.);
#1033=ORIENTED_EDGE('',*,*,#774,.T.);
#1034=ORIENTED_EDGE('',*,*,#775,.T.);
#1035=ORIENTED_EDGE('',*,*,#775,.F.);
#1036=ORIENTED_EDGE('',*,*,#774,.F.);
#1037=ORIENTED_EDGE('',*,*,#776,.T.);
#1038=ORIENTED_EDGE('',*,*,#777,.F.);
#1039=ORIENTED_EDGE('',*,*,#776,.F.);
#1040=ORIENTED_EDGE('',*,*,#778,.T.);
#1041=ORIENTED_EDGE('',*,*,#779,.T.);
#1042=ORIENTED_EDGE('',*,*,#779,.F.);
#1043=ORIENTED_EDGE('',*,*,#778,.F.);
#1044=ORIENTED_EDGE('',*,*,#780,.T.);
#1045=ORIENTED_EDGE('',*,*,#781,.F.);
#1046=ORIENTED_EDGE('',*,*,#780,.F.);
#1047=ORIENTED_EDGE('',*,*,#782,.T.);
#1048=ORIENTED_EDGE('',*,*,#783,.T.);
#1049=ORIENTED_EDGE('',*,*,#783,.F.);
#1050=ORIENTED_EDGE('',*,*,#782,.F.);
#1051=ORIENTED_EDGE('',*,*,#784,.T.);
#1052=ORIENTED_EDGE('',*,*,#785,.F.);
#1053=ORIENTED_EDGE('',*,*,#784,.F.);
#1054=ORIENTED_EDGE('',*,*,#786,.T.);
#1055=ORIENTED_EDGE('',*,*,#787,.T.);
#1056=ORIENTED_EDGE('',*,*,#787,.F.);
#1057=ORIENTED_EDGE('',*,*,#786,.F.);
#1058=ORIENTED_EDGE('',*,*,#788,.T.);
#1059=ORIENTED_EDGE('',*,*,#789,.F.);
#1060=ORIENTED_EDGE('',*,*,#788,.F.);
#1061=ORIENTED_EDGE('',*,*,#790,.T.);
#1062=ORIENTED_EDGE('',*,*,#791,.T.);
#1063=ORIENTED_EDGE('',*,*,#791,.F.);
#1064=ORIENTED_EDGE('',*,*,#790,.F.);
#1065=ORIENTED_EDGE('',*,*,#792,.T.);
#1066=ORIENTED_EDGE('',*,*,#793,.F.);
#1067=ORIENTED_EDGE('',*,*,#792,.F.);
#1068=ORIENTED_EDGE('',*,*,#794,.T.);
#1069=ORIENTED_EDGE('',*,*,#795,.T.);
#1070=ORIENTED_EDGE('',*,*,#795,.F.);
#1071=ORIENTED_EDGE('',*,*,#794,.F.);
#1072=ORIENTED_EDGE('',*,*,#796,.T.);
#1073=ORIENTED_EDGE('',*,*,#797,.F.);
#1074=ORIENTED_EDGE('',*,*,#796,.F.);
#1075=ORIENTED_EDGE('',*,*,#798,.T.);
#1076=ORIENTED_EDGE('',*,*,#799,.T.);
#1077=ORIENTED_EDGE('',*,*,#799,.F.);
#1078=ORIENTED_EDGE('',*,*,#798,.F.);
#1079=ORIENTED_EDGE('',*,*,#800,.T.);
#1080=ORIENTED_EDGE('',*,*,#801,.F.);
#1081=ORIENTED_EDGE('',*,*,#800,.F.);
#1082=ORIENTED_EDGE('',*,*,#802,.T.);
#1083=ORIENTED_EDGE('',*,*,#803,.T.);
#1084=ORIENTED_EDGE('',*,*,#803,.F.);
#1085=ORIENTED_EDGE('',*,*,#802,.F.);
#1086=ORIENTED_EDGE('',*,*,#804,.T.);
#1087=ORIENTED_EDGE('',*,*,#805,.F.);
#1088=ORIENTED_EDGE('',*,*,#804,.F.);
#1089=ORIENTED_EDGE('',*,*,#806,.T.);
#1090=ORIENTED_EDGE('',*,*,#807,.T.);
#1091=ORIENTED_EDGE('',*,*,#807,.F.);
#1092=ORIENTED_EDGE('',*,*,#806,.F.);
#1093=ORIENTED_EDGE('',*,*,#808,.T.);
#1094=ORIENTED_EDGE('',*,*,#809,.F.);
#1095=ORIENTED_EDGE('',*,*,#808,.F.);
#1096=ORIENTED_EDGE('',*,*,#810,.T.);
#1097=ORIENTED_EDGE('',*,*,#811,.T.);
#1098=ORIENTED_EDGE('',*,*,#811,.F.);
#1099=ORIENTED_EDGE('',*,*,#810,.F.);
#1100=ORIENTED_EDGE('',*,*,#812,.T.);
#1101=ORIENTED_EDGE('',*,*,#813,.F.);
#1102=ORIENTED_EDGE('',*,*,#812,.F.);
#1103=ORIENTED_EDGE('',*,*,#814,.T.);
#1104=ORIENTED_EDGE('',*,*,#815,.T.);
#1105=ORIENTED_EDGE('',*,*,#816,.F.);
#1106=ORIENTED_EDGE('',*,*,#817,.F.);
#1107=ORIENTED_EDGE('',*,*,#818,.T.);
#1108=ORIENTED_EDGE('',*,*,#817,.T.);
#1109=ORIENTED_EDGE('',*,*,#819,.F.);
#1110=ORIENTED_EDGE('',*,*,#820,.F.);
#1111=ORIENTED_EDGE('',*,*,#821,.T.);
#1112=ORIENTED_EDGE('',*,*,#820,.T.);
#1113=ORIENTED_EDGE('',*,*,#822,.F.);
#1114=ORIENTED_EDGE('',*,*,#823,.F.);
#1115=ORIENTED_EDGE('',*,*,#824,.T.);
#1116=ORIENTED_EDGE('',*,*,#823,.T.);
#1117=ORIENTED_EDGE('',*,*,#825,.F.);
#1118=ORIENTED_EDGE('',*,*,#815,.F.);
#1119=ORIENTED_EDGE('',*,*,#825,.T.);
#1120=ORIENTED_EDGE('',*,*,#822,.T.);
#1121=ORIENTED_EDGE('',*,*,#819,.T.);
#1122=ORIENTED_EDGE('',*,*,#816,.T.);
#1123=ORIENTED_EDGE('',*,*,#690,.T.);
#1124=ORIENTED_EDGE('',*,*,#697,.T.);
#1125=ORIENTED_EDGE('',*,*,#695,.T.);
#1126=ORIENTED_EDGE('',*,*,#693,.T.);
#1127=ORIENTED_EDGE('',*,*,#824,.F.);
#1128=ORIENTED_EDGE('',*,*,#814,.F.);
#1129=ORIENTED_EDGE('',*,*,#818,.F.);
#1130=ORIENTED_EDGE('',*,*,#821,.F.);
#1131=ORIENTED_EDGE('',*,*,#705,.T.);
#1132=ORIENTED_EDGE('',*,*,#713,.T.);
#1133=ORIENTED_EDGE('',*,*,#721,.T.);
#1134=ORIENTED_EDGE('',*,*,#789,.T.);
#1135=ORIENTED_EDGE('',*,*,#781,.T.);
#1136=ORIENTED_EDGE('',*,*,#773,.T.);
#1137=ORIENTED_EDGE('',*,*,#765,.T.);
#1138=ORIENTED_EDGE('',*,*,#757,.T.);
#1139=ORIENTED_EDGE('',*,*,#749,.T.);
#1140=ORIENTED_EDGE('',*,*,#741,.T.);
#1141=ORIENTED_EDGE('',*,*,#729,.T.);
#1142=ORIENTED_EDGE('',*,*,#733,.T.);
#1143=ORIENTED_EDGE('',*,*,#737,.T.);
#1144=ORIENTED_EDGE('',*,*,#797,.T.);
#1145=ORIENTED_EDGE('',*,*,#801,.T.);
#1146=ORIENTED_EDGE('',*,*,#805,.T.);
#1147=ORIENTED_EDGE('',*,*,#809,.T.);
#1148=ORIENTED_EDGE('',*,*,#813,.T.);
#1149=ORIENTED_EDGE('',*,*,#725,.T.);
#1150=ORIENTED_EDGE('',*,*,#745,.T.);
#1151=ORIENTED_EDGE('',*,*,#753,.T.);
#1152=ORIENTED_EDGE('',*,*,#761,.T.);
#1153=ORIENTED_EDGE('',*,*,#769,.T.);
#1154=ORIENTED_EDGE('',*,*,#777,.T.);
#1155=ORIENTED_EDGE('',*,*,#793,.T.);
#1156=ORIENTED_EDGE('',*,*,#785,.T.);
#1157=ORIENTED_EDGE('',*,*,#717,.T.);
#1158=ORIENTED_EDGE('',*,*,#709,.T.);
#1159=ORIENTED_EDGE('',*,*,#701,.T.);
#1160=PLANE('',#1311);
#1161=PLANE('',#1315);
#1162=PLANE('',#1319);
#1163=PLANE('',#1323);
#1164=PLANE('',#1330);
#1165=PLANE('',#1331);
#1166=PLANE('',#1332);
#1167=PLANE('',#1333);
#1168=PLANE('',#1334);
#1169=PLANE('',#1335);
#1170=PLANE('',#1336);
#1171=PLANE('',#1482);
#1172=PLANE('',#1483);
#1173=PLANE('',#1484);
#1174=PLANE('',#1485);
#1175=PLANE('',#1486);
#1176=PLANE('',#1487);
#1177=STYLED_ITEM('',(#2304),#1217);
#1178=STYLED_ITEM('',(#2304),#1218);
#1179=STYLED_ITEM('',(#2304),#1219);
#1180=STYLED_ITEM('',(#2304),#1220);
#1181=STYLED_ITEM('',(#2304),#1221);
#1182=STYLED_ITEM('',(#2304),#1222);
#1183=STYLED_ITEM('',(#2304),#1223);
#1184=STYLED_ITEM('',(#2304),#1224);
#1185=STYLED_ITEM('',(#2304),#1226);
#1186=STYLED_ITEM('',(#2304),#1232);
#1187=STYLED_ITEM('',(#2305),#1233);
#1188=STYLED_ITEM('',(#2305),#1235);
#1189=STYLED_ITEM('',(#2305),#1237);
#1190=STYLED_ITEM('',(#2305),#1239);
#1191=STYLED_ITEM('',(#2305),#1241);
#1192=STYLED_ITEM('',(#2305),#1243);
#1193=STYLED_ITEM('',(#2305),#1245);
#1194=STYLED_ITEM('',(#2305),#1247);
#1195=STYLED_ITEM('',(#2305),#1249);
#1196=STYLED_ITEM('',(#2305),#1251);
#1197=STYLED_ITEM('',(#2305),#1253);
#1198=STYLED_ITEM('',(#2305),#1255);
#1199=STYLED_ITEM('',(#2305),#1257);
#1200=STYLED_ITEM('',(#2305),#1259);
#1201=STYLED_ITEM('',(#2305),#1261);
#1202=STYLED_ITEM('',(#2305),#1263);
#1203=STYLED_ITEM('',(#2305),#1265);
#1204=STYLED_ITEM('',(#2305),#1267);
#1205=STYLED_ITEM('',(#2305),#1269);
#1206=STYLED_ITEM('',(#2305),#1271);
#1207=STYLED_ITEM('',(#2305),#1273);
#1208=STYLED_ITEM('',(#2305),#1275);
#1209=STYLED_ITEM('',(#2305),#1277);
#1210=STYLED_ITEM('',(#2305),#1279);
#1211=STYLED_ITEM('',(#2305),#1281);
#1212=STYLED_ITEM('',(#2305),#1283);
#1213=STYLED_ITEM('',(#2305),#1285);
#1214=STYLED_ITEM('',(#2305),#1287);
#1215=STYLED_ITEM('',(#2305),#1289);
#1216=STYLED_ITEM('',(#2303),#13);
#1217=ADVANCED_FACE('',(#206),#1160,.F.);
#1218=ADVANCED_FACE('',(#207),#172,.T.);
#1219=ADVANCED_FACE('',(#208),#1161,.F.);
#1220=ADVANCED_FACE('',(#209),#173,.T.);
#1221=ADVANCED_FACE('',(#210),#1162,.F.);
#1222=ADVANCED_FACE('',(#211),#174,.T.);
#1223=ADVANCED_FACE('',(#212),#1163,.F.);
#1224=ADVANCED_FACE('',(#213),#175,.T.);
#1225=ADVANCED_FACE('',(#214),#176,.F.);
#1226=ADVANCED_FACE('',(#215,#43),#1164,.T.);
#1227=ADVANCED_FACE('',(#216,#44),#1165,.T.);
#1228=ADVANCED_FACE('',(#217),#1166,.T.);
#1229=ADVANCED_FACE('',(#218),#1167,.T.);
#1230=ADVANCED_FACE('',(#219),#1168,.T.);
#1231=ADVANCED_FACE('',(#220),#1169,.T.);
#1232=ADVANCED_FACE('',(#221),#1170,.T.);
#1233=ADVANCED_FACE('',(#222),#14,.T.);
#1234=ADVANCED_FACE('',(#223),#177,.T.);
#1235=ADVANCED_FACE('',(#224),#15,.T.);
#1236=ADVANCED_FACE('',(#225),#178,.T.);
#1237=ADVANCED_FACE('',(#226),#16,.T.);
#1238=ADVANCED_FACE('',(#227),#179,.T.);
#1239=ADVANCED_FACE('',(#228),#17,.T.);
#1240=ADVANCED_FACE('',(#229),#180,.T.);
#1241=ADVANCED_FACE('',(#230),#18,.T.);
#1242=ADVANCED_FACE('',(#231),#181,.T.);
#1243=ADVANCED_FACE('',(#232),#19,.T.);
#1244=ADVANCED_FACE('',(#233),#182,.T.);
#1245=ADVANCED_FACE('',(#234),#20,.T.);
#1246=ADVANCED_FACE('',(#235),#183,.T.);
#1247=ADVANCED_FACE('',(#236),#21,.T.);
#1248=ADVANCED_FACE('',(#237),#184,.T.);
#1249=ADVANCED_FACE('',(#238),#22,.T.);
#1250=ADVANCED_FACE('',(#239),#185,.T.);
#1251=ADVANCED_FACE('',(#240),#23,.T.);
#1252=ADVANCED_FACE('',(#241),#186,.T.);
#1253=ADVANCED_FACE('',(#242),#24,.T.);
#1254=ADVANCED_FACE('',(#243),#187,.T.);
#1255=ADVANCED_FACE('',(#244),#25,.T.);
#1256=ADVANCED_FACE('',(#245),#188,.T.);
#1257=ADVANCED_FACE('',(#246),#26,.T.);
#1258=ADVANCED_FACE('',(#247),#189,.T.);
#1259=ADVANCED_FACE('',(#248),#27,.T.);
#1260=ADVANCED_FACE('',(#249),#190,.T.);
#1261=ADVANCED_FACE('',(#250),#28,.T.);
#1262=ADVANCED_FACE('',(#251),#191,.T.);
#1263=ADVANCED_FACE('',(#252),#29,.T.);
#1264=ADVANCED_FACE('',(#253),#192,.T.);
#1265=ADVANCED_FACE('',(#254),#30,.T.);
#1266=ADVANCED_FACE('',(#255),#193,.T.);
#1267=ADVANCED_FACE('',(#256),#31,.T.);
#1268=ADVANCED_FACE('',(#257),#194,.T.);
#1269=ADVANCED_FACE('',(#258),#32,.T.);
#1270=ADVANCED_FACE('',(#259),#195,.T.);
#1271=ADVANCED_FACE('',(#260),#33,.T.);
#1272=ADVANCED_FACE('',(#261),#196,.T.);
#1273=ADVANCED_FACE('',(#262),#34,.T.);
#1274=ADVANCED_FACE('',(#263),#197,.T.);
#1275=ADVANCED_FACE('',(#264),#35,.T.);
#1276=ADVANCED_FACE('',(#265),#198,.T.);
#1277=ADVANCED_FACE('',(#266),#36,.T.);
#1278=ADVANCED_FACE('',(#267),#199,.T.);
#1279=ADVANCED_FACE('',(#268),#37,.T.);
#1280=ADVANCED_FACE('',(#269),#200,.T.);
#1281=ADVANCED_FACE('',(#270),#38,.T.);
#1282=ADVANCED_FACE('',(#271),#201,.T.);
#1283=ADVANCED_FACE('',(#272),#39,.T.);
#1284=ADVANCED_FACE('',(#273),#202,.T.);
#1285=ADVANCED_FACE('',(#274),#40,.T.);
#1286=ADVANCED_FACE('',(#275),#203,.T.);
#1287=ADVANCED_FACE('',(#276),#41,.T.);
#1288=ADVANCED_FACE('',(#277),#204,.T.);
#1289=ADVANCED_FACE('',(#278),#42,.T.);
#1290=ADVANCED_FACE('',(#279),#205,.T.);
#1291=ADVANCED_FACE('',(#280),#1171,.T.);
#1292=ADVANCED_FACE('',(#281),#1172,.T.);
#1293=ADVANCED_FACE('',(#282),#1173,.T.);
#1294=ADVANCED_FACE('',(#283),#1174,.T.);
#1295=ADVANCED_FACE('',(#284,#45),#1175,.T.);
#1296=ADVANCED_FACE('',(#285,#46,#47,#48,#49,#50,#51,#52,#53,#54,#55,#56,
#57,#58,#59,#60,#61,#62,#63,#64,#65,#66,#67,#68,#69,#70,#71,#72,#73,#74),
#1176,.F.);
#1297=CLOSED_SHELL('',(#1217,#1218,#1219,#1220,#1221,#1222,#1223,#1224,
#1225,#1226,#1227,#1228,#1229,#1230,#1231,#1232,#1233,#1234,#1235,#1236,
#1237,#1238,#1239,#1240,#1241,#1242,#1243,#1244,#1245,#1246,#1247,#1248,
#1249,#1250,#1251,#1252,#1253,#1254,#1255,#1256,#1257,#1258,#1259,#1260,
#1261,#1262,#1263,#1264,#1265,#1266,#1267,#1268,#1269,#1270,#1271,#1272,
#1273,#1274,#1275,#1276,#1277,#1278,#1279,#1280,#1281,#1282,#1283,#1284,
#1285,#1286,#1287,#1288,#1289,#1290,#1291,#1292,#1293,#1294,#1295,#1296));
#1298=DERIVED_UNIT_ELEMENT(#1300,1.);
#1299=DERIVED_UNIT_ELEMENT(#2288,-3.);
#1300=(
MASS_UNIT()
NAMED_UNIT(*)
SI_UNIT(.KILO.,.GRAM.)
);
#1301=DERIVED_UNIT((#1298,#1299));
#1302=MEASURE_REPRESENTATION_ITEM('density measure',
POSITIVE_RATIO_MEASURE(7850.),#1301);
#1303=PROPERTY_DEFINITION_REPRESENTATION(#1308,#1305);
#1304=PROPERTY_DEFINITION_REPRESENTATION(#1309,#1306);
#1305=REPRESENTATION('material name',(#1307),#2285);
#1306=REPRESENTATION('density',(#1302),#2285);
#1307=DESCRIPTIVE_REPRESENTATION_ITEM('Steel','Steel');
#1308=PROPERTY_DEFINITION('material property','material name',#2295);
#1309=PROPERTY_DEFINITION('material property','density of part',#2295);
#1310=AXIS2_PLACEMENT_3D('',#1914,#1488,#1489);
#1311=AXIS2_PLACEMENT_3D('',#1915,#1490,#1491);
#1312=AXIS2_PLACEMENT_3D('',#1924,#1496,#1497);
#1313=AXIS2_PLACEMENT_3D('',#1926,#1498,#1499);
#1314=AXIS2_PLACEMENT_3D('',#1929,#1501,#1502);
#1315=AXIS2_PLACEMENT_3D('',#1930,#1503,#1504);
#1316=AXIS2_PLACEMENT_3D('',#1936,#1508,#1509);
#1317=AXIS2_PLACEMENT_3D('',#1938,#1510,#1511);
#1318=AXIS2_PLACEMENT_3D('',#1941,#1513,#1514);
#1319=AXIS2_PLACEMENT_3D('',#1942,#1515,#1516);
#1320=AXIS2_PLACEMENT_3D('',#1948,#1520,#1521);
#1321=AXIS2_PLACEMENT_3D('',#1950,#1522,#1523);
#1322=AXIS2_PLACEMENT_3D('',#1953,#1525,#1526);
#1323=AXIS2_PLACEMENT_3D('',#1954,#1527,#1528);
#1324=AXIS2_PLACEMENT_3D('',#1960,#1532,#1533);
#1325=AXIS2_PLACEMENT_3D('',#1961,#1534,#1535);
#1326=AXIS2_PLACEMENT_3D('',#1962,#1536,#1537);
#1327=AXIS2_PLACEMENT_3D('',#1963,#1538,#1539);
#1328=AXIS2_PLACEMENT_3D('',#1965,#1540,#1541);
#1329=AXIS2_PLACEMENT_3D('',#1968,#1543,#1544);
#1330=AXIS2_PLACEMENT_3D('',#1969,#1545,#1546);
#1331=AXIS2_PLACEMENT_3D('',#1970,#1547,#1548);
#1332=AXIS2_PLACEMENT_3D('',#1979,#1553,#1554);
#1333=AXIS2_PLACEMENT_3D('',#1985,#1558,#1559);
#1334=AXIS2_PLACEMENT_3D('',#1989,#1562,#1563);
#1335=AXIS2_PLACEMENT_3D('',#1993,#1566,#1567);
#1336=AXIS2_PLACEMENT_3D('',#1995,#1569,#1570);
#1337=AXIS2_PLACEMENT_3D('',#1996,#1571,#1572);
#1338=AXIS2_PLACEMENT_3D('',#1998,#1573,#1574);
#1339=AXIS2_PLACEMENT_3D('',#2000,#1575,#1576);
#1340=AXIS2_PLACEMENT_3D('',#2001,#1577,#1578);
#1341=AXIS2_PLACEMENT_3D('',#2004,#1580,#1581);
#1342=AXIS2_PLACEMENT_3D('',#2005,#1582,#1583);
#1343=AXIS2_PLACEMENT_3D('',#2007,#1584,#1585);
#1344=AXIS2_PLACEMENT_3D('',#2009,#1586,#1587);
#1345=AXIS2_PLACEMENT_3D('',#2010,#1588,#1589);
#1346=AXIS2_PLACEMENT_3D('',#2013,#1591,#1592);
#1347=AXIS2_PLACEMENT_3D('',#2014,#1593,#1594);
#1348=AXIS2_PLACEMENT_3D('',#2016,#1595,#1596);
#1349=AXIS2_PLACEMENT_3D('',#2018,#1597,#1598);
#1350=AXIS2_PLACEMENT_3D('',#2019,#1599,#1600);
#1351=AXIS2_PLACEMENT_3D('',#2022,#1602,#1603);
#1352=AXIS2_PLACEMENT_3D('',#2023,#1604,#1605);
#1353=AXIS2_PLACEMENT_3D('',#2025,#1606,#1607);
#1354=AXIS2_PLACEMENT_3D('',#2027,#1608,#1609);
#1355=AXIS2_PLACEMENT_3D('',#2028,#1610,#1611);
#1356=AXIS2_PLACEMENT_3D('',#2031,#1613,#1614);
#1357=AXIS2_PLACEMENT_3D('',#2032,#1615,#1616);
#1358=AXIS2_PLACEMENT_3D('',#2034,#1617,#1618);
#1359=AXIS2_PLACEMENT_3D('',#2036,#1619,#1620);
#1360=AXIS2_PLACEMENT_3D('',#2037,#1621,#1622);
#1361=AXIS2_PLACEMENT_3D('',#2040,#1624,#1625);
#1362=AXIS2_PLACEMENT_3D('',#2041,#1626,#1627);
#1363=AXIS2_PLACEMENT_3D('',#2043,#1628,#1629);
#1364=AXIS2_PLACEMENT_3D('',#2045,#1630,#1631);
#1365=AXIS2_PLACEMENT_3D('',#2046,#1632,#1633);
#1366=AXIS2_PLACEMENT_3D('',#2049,#1635,#1636);
#1367=AXIS2_PLACEMENT_3D('',#2050,#1637,#1638);
#1368=AXIS2_PLACEMENT_3D('',#2052,#1639,#1640);
#1369=AXIS2_PLACEMENT_3D('',#2054,#1641,#1642);
#1370=AXIS2_PLACEMENT_3D('',#2055,#1643,#1644);
#1371=AXIS2_PLACEMENT_3D('',#2058,#1646,#1647);
#1372=AXIS2_PLACEMENT_3D('',#2059,#1648,#1649);
#1373=AXIS2_PLACEMENT_3D('',#2061,#1650,#1651);
#1374=AXIS2_PLACEMENT_3D('',#2063,#1652,#1653);
#1375=AXIS2_PLACEMENT_3D('',#2064,#1654,#1655);
#1376=AXIS2_PLACEMENT_3D('',#2067,#1657,#1658);
#1377=AXIS2_PLACEMENT_3D('',#2068,#1659,#1660);
#1378=AXIS2_PLACEMENT_3D('',#2070,#1661,#1662);
#1379=AXIS2_PLACEMENT_3D('',#2072,#1663,#1664);
#1380=AXIS2_PLACEMENT_3D('',#2073,#1665,#1666);
#1381=AXIS2_PLACEMENT_3D('',#2076,#1668,#1669);
#1382=AXIS2_PLACEMENT_3D('',#2077,#1670,#1671);
#1383=AXIS2_PLACEMENT_3D('',#2079,#1672,#1673);
#1384=AXIS2_PLACEMENT_3D('',#2081,#1674,#1675);
#1385=AXIS2_PLACEMENT_3D('',#2082,#1676,#1677);
#1386=AXIS2_PLACEMENT_3D('',#2085,#1679,#1680);
#1387=AXIS2_PLACEMENT_3D('',#2086,#1681,#1682);
#1388=AXIS2_PLACEMENT_3D('',#2088,#1683,#1684);
#1389=AXIS2_PLACEMENT_3D('',#2090,#1685,#1686);
#1390=AXIS2_PLACEMENT_3D('',#2091,#1687,#1688);
#1391=AXIS2_PLACEMENT_3D('',#2094,#1690,#1691);
#1392=AXIS2_PLACEMENT_3D('',#2095,#1692,#1693);
#1393=AXIS2_PLACEMENT_3D('',#2097,#1694,#1695);
#1394=AXIS2_PLACEMENT_3D('',#2099,#1696,#1697);
#1395=AXIS2_PLACEMENT_3D('',#2100,#1698,#1699);
#1396=AXIS2_PLACEMENT_3D('',#2103,#1701,#1702);
#1397=AXIS2_PLACEMENT_3D('',#2104,#1703,#1704);
#1398=AXIS2_PLACEMENT_3D('',#2106,#1705,#1706);
#1399=AXIS2_PLACEMENT_3D('',#2108,#1707,#1708);
#1400=AXIS2_PLACEMENT_3D('',#2109,#1709,#1710);
#1401=AXIS2_PLACEMENT_3D('',#2112,#1712,#1713);
#1402=AXIS2_PLACEMENT_3D('',#2113,#1714,#1715);
#1403=AXIS2_PLACEMENT_3D('',#2115,#1716,#1717);
#1404=AXIS2_PLACEMENT_3D('',#2117,#1718,#1719);
#1405=AXIS2_PLACEMENT_3D('',#2118,#1720,#1721);
#1406=AXIS2_PLACEMENT_3D('',#2121,#1723,#1724);
#1407=AXIS2_PLACEMENT_3D('',#2122,#1725,#1726);
#1408=AXIS2_PLACEMENT_3D('',#2124,#1727,#1728);
#1409=AXIS2_PLACEMENT_3D('',#2126,#1729,#1730);
#1410=AXIS2_PLACEMENT_3D('',#2127,#1731,#1732);
#1411=AXIS2_PLACEMENT_3D('',#2130,#1734,#1735);
#1412=AXIS2_PLACEMENT_3D('',#2131,#1736,#1737);
#1413=AXIS2_PLACEMENT_3D('',#2133,#1738,#1739);
#1414=AXIS2_PLACEMENT_3D('',#2135,#1740,#1741);
#1415=AXIS2_PLACEMENT_3D('',#2136,#1742,#1743);
#1416=AXIS2_PLACEMENT_3D('',#2139,#1745,#1746);
#1417=AXIS2_PLACEMENT_3D('',#2140,#1747,#1748);
#1418=AXIS2_PLACEMENT_3D('',#2142,#1749,#1750);
#1419=AXIS2_PLACEMENT_3D('',#2144,#1751,#1752);
#1420=AXIS2_PLACEMENT_3D('',#2145,#1753,#1754);
#1421=AXIS2_PLACEMENT_3D('',#2148,#1756,#1757);
#1422=AXIS2_PLACEMENT_3D('',#2149,#1758,#1759);
#1423=AXIS2_PLACEMENT_3D('',#2151,#1760,#1761);
#1424=AXIS2_PLACEMENT_3D('',#2153,#1762,#1763);
#1425=AXIS2_PLACEMENT_3D('',#2154,#1764,#1765);
#1426=AXIS2_PLACEMENT_3D('',#2157,#1767,#1768);
#1427=AXIS2_PLACEMENT_3D('',#2158,#1769,#1770);
#1428=AXIS2_PLACEMENT_3D('',#2160,#1771,#1772);
#1429=AXIS2_PLACEMENT_3D('',#2162,#1773,#1774);
#1430=AXIS2_PLACEMENT_3D('',#2163,#1775,#1776);
#1431=AXIS2_PLACEMENT_3D('',#2166,#1778,#1779);
#1432=AXIS2_PLACEMENT_3D('',#2167,#1780,#1781);
#1433=AXIS2_PLACEMENT_3D('',#2169,#1782,#1783);
#1434=AXIS2_PLACEMENT_3D('',#2171,#1784,#1785);
#1435=AXIS2_PLACEMENT_3D('',#2172,#1786,#1787);
#1436=AXIS2_PLACEMENT_3D('',#2175,#1789,#1790);
#1437=AXIS2_PLACEMENT_3D('',#2176,#1791,#1792);
#1438=AXIS2_PLACEMENT_3D('',#2178,#1793,#1794);
#1439=AXIS2_PLACEMENT_3D('',#2180,#1795,#1796);
#1440=AXIS2_PLACEMENT_3D('',#2181,#1797,#1798);
#1441=AXIS2_PLACEMENT_3D('',#2184,#1800,#1801);
#1442=AXIS2_PLACEMENT_3D('',#2185,#1802,#1803);
#1443=AXIS2_PLACEMENT_3D('',#2187,#1804,#1805);
#1444=AXIS2_PLACEMENT_3D('',#2189,#1806,#1807);
#1445=AXIS2_PLACEMENT_3D('',#2190,#1808,#1809);
#1446=AXIS2_PLACEMENT_3D('',#2193,#1811,#1812);
#1447=AXIS2_PLACEMENT_3D('',#2194,#1813,#1814);
#1448=AXIS2_PLACEMENT_3D('',#2196,#1815,#1816);
#1449=AXIS2_PLACEMENT_3D('',#2198,#1817,#1818);
#1450=AXIS2_PLACEMENT_3D('',#2199,#1819,#1820);
#1451=AXIS2_PLACEMENT_3D('',#2202,#1822,#1823);
#1452=AXIS2_PLACEMENT_3D('',#2203,#1824,#1825);
#1453=AXIS2_PLACEMENT_3D('',#2205,#1826,#1827);
#1454=AXIS2_PLACEMENT_3D('',#2207,#1828,#1829);
#1455=AXIS2_PLACEMENT_3D('',#2208,#1830,#1831);
#1456=AXIS2_PLACEMENT_3D('',#2211,#1833,#1834);
#1457=AXIS2_PLACEMENT_3D('',#2212,#1835,#1836);
#1458=AXIS2_PLACEMENT_3D('',#2214,#1837,#1838);
#1459=AXIS2_PLACEMENT_3D('',#2216,#1839,#1840);
#1460=AXIS2_PLACEMENT_3D('',#2217,#1841,#1842);
#1461=AXIS2_PLACEMENT_3D('',#2220,#1844,#1845);
#1462=AXIS2_PLACEMENT_3D('',#2221,#1846,#1847);
#1463=AXIS2_PLACEMENT_3D('',#2223,#1848,#1849);
#1464=AXIS2_PLACEMENT_3D('',#2225,#1850,#1851);
#1465=AXIS2_PLACEMENT_3D('',#2226,#1852,#1853);
#1466=AXIS2_PLACEMENT_3D('',#2229,#1855,#1856);
#1467=AXIS2_PLACEMENT_3D('',#2230,#1857,#1858);
#1468=AXIS2_PLACEMENT_3D('',#2232,#1859,#1860);
#1469=AXIS2_PLACEMENT_3D('',#2234,#1861,#1862);
#1470=AXIS2_PLACEMENT_3D('',#2235,#1863,#1864);
#1471=AXIS2_PLACEMENT_3D('',#2238,#1866,#1867);
#1472=AXIS2_PLACEMENT_3D('',#2239,#1868,#1869);
#1473=AXIS2_PLACEMENT_3D('',#2241,#1870,#1871);
#1474=AXIS2_PLACEMENT_3D('',#2243,#1872,#1873);
#1475=AXIS2_PLACEMENT_3D('',#2244,#1874,#1875);
#1476=AXIS2_PLACEMENT_3D('',#2247,#1877,#1878);
#1477=AXIS2_PLACEMENT_3D('',#2248,#1879,#1880);
#1478=AXIS2_PLACEMENT_3D('',#2250,#1881,#1882);
#1479=AXIS2_PLACEMENT_3D('',#2252,#1883,#1884);
#1480=AXIS2_PLACEMENT_3D('',#2253,#1885,#1886);
#1481=AXIS2_PLACEMENT_3D('',#2256,#1888,#1889);
#1482=AXIS2_PLACEMENT_3D('',#2257,#1890,#1891);
#1483=AXIS2_PLACEMENT_3D('',#2266,#1896,#1897);
#1484=AXIS2_PLACEMENT_3D('',#2272,#1901,#1902);
#1485=AXIS2_PLACEMENT_3D('',#2278,#1906,#1907);
#1486=AXIS2_PLACEMENT_3D('',#2281,#1910,#1911);
#1487=AXIS2_PLACEMENT_3D('',#2282,#1912,#1913);
#1488=DIRECTION('axis',(0.,0.,1.));
#1489=DIRECTION('refdir',(1.,0.,0.));
#1490=DIRECTION('center_axis',(0.,-1.,0.));
#1491=DIRECTION('ref_axis',(-1.,0.,0.));
#1492=DIRECTION('',(-1.,0.,0.));
#1493=DIRECTION('',(0.,0.,-1.));
#1494=DIRECTION('',(-1.,0.,0.));
#1495=DIRECTION('',(0.,0.,-1.));
#1496=DIRECTION('center_axis',(0.,0.,-1.));
#1497=DIRECTION('ref_axis',(-1.,0.,0.));
#1498=DIRECTION('center_axis',(0.,0.,1.));
#1499=DIRECTION('ref_axis',(-1.,0.,0.));
#1500=DIRECTION('',(0.,0.,-1.));
#1501=DIRECTION('center_axis',(0.,0.,1.));
#1502=DIRECTION('ref_axis',(-1.,0.,0.));
#1503=DIRECTION('center_axis',(-1.,0.,0.));
#1504=DIRECTION('ref_axis',(0.,1.,0.));
#1505=DIRECTION('',(0.,1.,0.));
#1506=DIRECTION('',(0.,0.,-1.));
#1507=DIRECTION('',(0.,1.,0.));
#1508=DIRECTION('center_axis',(0.,0.,-1.));
#1509=DIRECTION('ref_axis',(-1.,0.,0.));
#1510=DIRECTION('center_axis',(0.,0.,1.));
#1511=DIRECTION('ref_axis',(-1.,0.,0.));
#1512=DIRECTION('',(0.,0.,-1.));
#1513=DIRECTION('center_axis',(0.,0.,1.));
#1514=DIRECTION('ref_axis',(-1.,0.,0.));
#1515=DIRECTION('center_axis',(0.,1.,0.));
#1516=DIRECTION('ref_axis',(1.,0.,0.));
#1517=DIRECTION('',(1.,0.,0.));
#1518=DIRECTION('',(0.,0.,-1.));
#1519=DIRECTION('',(1.,0.,0.));
#1520=DIRECTION('center_axis',(0.,0.,-1.));
#1521=DIRECTION('ref_axis',(-1.,0.,0.));
#1522=DIRECTION('center_axis',(0.,0.,1.));
#1523=DIRECTION('ref_axis',(-1.,0.,0.));
#1524=DIRECTION('',(0.,0.,-1.));
#1525=DIRECTION('center_axis',(0.,0.,1.));
#1526=DIRECTION('ref_axis',(-1.,0.,0.));
#1527=DIRECTION('center_axis',(1.,0.,0.));
#1528=DIRECTION('ref_axis',(0.,-1.,0.));
#1529=DIRECTION('',(0.,-1.,0.));
#1530=DIRECTION('',(0.,0.,-1.));
#1531=DIRECTION('',(0.,-1.,0.));
#1532=DIRECTION('center_axis',(0.,0.,-1.));
#1533=DIRECTION('ref_axis',(-1.,0.,0.));
#1534=DIRECTION('center_axis',(0.,0.,1.));
#1535=DIRECTION('ref_axis',(-1.,0.,0.));
#1536=DIRECTION('center_axis',(0.,0.,1.));
#1537=DIRECTION('ref_axis',(-1.,0.,0.));
#1538=DIRECTION('center_axis',(0.,0.,-1.));
#1539=DIRECTION('ref_axis',(-1.,0.,0.));
#1540=DIRECTION('center_axis',(0.,0.,-1.));
#1541=DIRECTION('ref_axis',(-1.,0.,0.));
#1542=DIRECTION('',(0.,0.,-1.));
#1543=DIRECTION('center_axis',(0.,0.,-1.));
#1544=DIRECTION('ref_axis',(-1.,0.,0.));
#1545=DIRECTION('center_axis',(0.,0.,1.));
#1546=DIRECTION('ref_axis',(-1.,0.,0.));
#1547=DIRECTION('center_axis',(0.,0.,1.));
#1548=DIRECTION('ref_axis',(1.,0.,0.));
#1549=DIRECTION('',(1.,0.,0.));
#1550=DIRECTION('',(0.,1.,0.));
#1551=DIRECTION('',(-1.,0.,0.));
#1552=DIRECTION('',(0.,-1.,0.));
#1553=DIRECTION('center_axis',(0.,1.,0.));
#1554=DIRECTION('ref_axis',(1.,0.,0.));
#1555=DIRECTION('',(1.,0.,0.));
#1556=DIRECTION('',(0.,0.,-1.));
#1557=DIRECTION('',(0.,0.,-1.));
#1558=DIRECTION('center_axis',(-1.,0.,0.));
#1559=DIRECTION('ref_axis',(0.,1.,0.));
#1560=DIRECTION('',(0.,1.,0.));
#1561=DIRECTION('',(0.,0.,-1.));
#1562=DIRECTION('center_axis',(0.,-1.,0.));
#1563=DIRECTION('ref_axis',(-1.,0.,0.));
#1564=DIRECTION('',(-1.,0.,0.));
#1565=DIRECTION('',(0.,0.,-1.));
#1566=DIRECTION('center_axis',(1.,0.,0.));
#1567=DIRECTION('ref_axis',(0.,-1.,0.));
#1568=DIRECTION('',(0.,-1.,0.));
#1569=DIRECTION('center_axis',(0.,0.,1.));
#1570=DIRECTION('ref_axis',(1.,0.,0.));
#1571=DIRECTION('center_axis',(0.,0.,1.));
#1572=DIRECTION('ref_axis',(1.,0.,0.));
#1573=DIRECTION('center_axis',(0.,0.,-1.));
#1574=DIRECTION('ref_axis',(1.,0.,0.));
#1575=DIRECTION('center_axis',(0.,-1.,0.));
#1576=DIRECTION('ref_axis',(-1.,0.,0.));
#1577=DIRECTION('center_axis',(0.,0.,-1.));
#1578=DIRECTION('ref_axis',(1.,0.,0.));
#1579=DIRECTION('',(0.,0.,1.));
#1580=DIRECTION('center_axis',(0.,0.,1.));
#1581=DIRECTION('ref_axis',(1.,0.,0.));
#1582=DIRECTION('center_axis',(0.,0.,1.));
#1583=DIRECTION('ref_axis',(1.,0.,0.));
#1584=DIRECTION('center_axis',(0.,0.,-1.));
#1585=DIRECTION('ref_axis',(1.,0.,0.));
#1586=DIRECTION('center_axis',(0.,-1.,0.));
#1587=DIRECTION('ref_axis',(-1.,0.,0.));
#1588=DIRECTION('center_axis',(0.,0.,-1.));
#1589=DIRECTION('ref_axis',(1.,0.,0.));
#1590=DIRECTION('',(0.,0.,1.));
#1591=DIRECTION('center_axis',(0.,0.,1.));
#1592=DIRECTION('ref_axis',(1.,0.,0.));
#1593=DIRECTION('center_axis',(0.,0.,1.));
#1594=DIRECTION('ref_axis',(1.,0.,0.));
#1595=DIRECTION('center_axis',(0.,0.,-1.));
#1596=DIRECTION('ref_axis',(1.,0.,0.));
#1597=DIRECTION('center_axis',(0.,-1.,0.));
#1598=DIRECTION('ref_axis',(-1.,0.,0.));
#1599=DIRECTION('center_axis',(0.,0.,-1.));
#1600=DIRECTION('ref_axis',(1.,0.,0.));
#1601=DIRECTION('',(0.,0.,1.));
#1602=DIRECTION('center_axis',(0.,0.,1.));
#1603=DIRECTION('ref_axis',(1.,0.,0.));
#1604=DIRECTION('center_axis',(0.,0.,1.));
#1605=DIRECTION('ref_axis',(1.,0.,0.));
#1606=DIRECTION('center_axis',(0.,0.,-1.));
#1607=DIRECTION('ref_axis',(1.,0.,0.));
#1608=DIRECTION('center_axis',(0.,-1.,0.));
#1609=DIRECTION('ref_axis',(-1.,0.,0.));
#1610=DIRECTION('center_axis',(0.,0.,-1.));
#1611=DIRECTION('ref_axis',(1.,0.,0.));
#1612=DIRECTION('',(0.,0.,1.));
#1613=DIRECTION('center_axis',(0.,0.,1.));
#1614=DIRECTION('ref_axis',(1.,0.,0.));
#1615=DIRECTION('center_axis',(0.,0.,1.));
#1616=DIRECTION('ref_axis',(1.,0.,0.));
#1617=DIRECTION('center_axis',(0.,0.,-1.));
#1618=DIRECTION('ref_axis',(1.,0.,0.));
#1619=DIRECTION('center_axis',(0.,-1.,0.));
#1620=DIRECTION('ref_axis',(-1.,0.,0.));
#1621=DIRECTION('center_axis',(0.,0.,-1.));
#1622=DIRECTION('ref_axis',(1.,0.,0.));
#1623=DIRECTION('',(0.,0.,1.));
#1624=DIRECTION('center_axis',(0.,0.,1.));
#1625=DIRECTION('ref_axis',(1.,0.,0.));
#1626=DIRECTION('center_axis',(0.,0.,1.));
#1627=DIRECTION('ref_axis',(1.,0.,0.));
#1628=DIRECTION('center_axis',(0.,0.,-1.));
#1629=DIRECTION('ref_axis',(1.,0.,0.));
#1630=DIRECTION('center_axis',(0.,-1.,0.));
#1631=DIRECTION('ref_axis',(-1.,0.,0.));
#1632=DIRECTION('center_axis',(0.,0.,-1.));
#1633=DIRECTION('ref_axis',(1.,0.,0.));
#1634=DIRECTION('',(0.,0.,1.));
#1635=DIRECTION('center_axis',(0.,0.,1.));
#1636=DIRECTION('ref_axis',(1.,0.,0.));
#1637=DIRECTION('center_axis',(0.,0.,1.));
#1638=DIRECTION('ref_axis',(1.,0.,0.));
#1639=DIRECTION('center_axis',(0.,0.,-1.));
#1640=DIRECTION('ref_axis',(1.,0.,0.));
#1641=DIRECTION('center_axis',(1.22464679914735E-16,-1.,0.));
#1642=DIRECTION('ref_axis',(-1.,-1.22464679914735E-16,0.));
#1643=DIRECTION('center_axis',(0.,0.,-1.));
#1644=DIRECTION('ref_axis',(1.,0.,0.));
#1645=DIRECTION('',(0.,0.,1.));
#1646=DIRECTION('center_axis',(0.,0.,1.));
#1647=DIRECTION('ref_axis',(1.,0.,0.));
#1648=DIRECTION('center_axis',(0.,0.,1.));
#1649=DIRECTION('ref_axis',(1.,0.,0.));
#1650=DIRECTION('center_axis',(0.,0.,-1.));
#1651=DIRECTION('ref_axis',(1.,0.,0.));
#1652=DIRECTION('center_axis',(0.,-1.,0.));
#1653=DIRECTION('ref_axis',(-1.,0.,0.));
#1654=DIRECTION('center_axis',(0.,0.,-1.));
#1655=DIRECTION('ref_axis',(1.,0.,0.));
#1656=DIRECTION('',(0.,0.,1.));
#1657=DIRECTION('center_axis',(0.,0.,1.));
#1658=DIRECTION('ref_axis',(1.,0.,0.));
#1659=DIRECTION('center_axis',(0.,0.,1.));
#1660=DIRECTION('ref_axis',(1.,0.,0.));
#1661=DIRECTION('center_axis',(0.,0.,-1.));
#1662=DIRECTION('ref_axis',(1.,0.,0.));
#1663=DIRECTION('center_axis',(1.22464679914736E-16,-1.,0.));
#1664=DIRECTION('ref_axis',(-1.,-1.22464679914736E-16,0.));
#1665=DIRECTION('center_axis',(0.,0.,-1.));
#1666=DIRECTION('ref_axis',(1.,0.,0.));
#1667=DIRECTION('',(0.,0.,1.));
#1668=DIRECTION('center_axis',(0.,0.,1.));
#1669=DIRECTION('ref_axis',(1.,0.,0.));
#1670=DIRECTION('center_axis',(0.,0.,1.));
#1671=DIRECTION('ref_axis',(1.,0.,0.));
#1672=DIRECTION('center_axis',(0.,0.,-1.));
#1673=DIRECTION('ref_axis',(1.,0.,0.));
#1674=DIRECTION('center_axis',(0.,-1.,0.));
#1675=DIRECTION('ref_axis',(-1.,0.,0.));
#1676=DIRECTION('center_axis',(0.,0.,-1.));
#1677=DIRECTION('ref_axis',(1.,0.,0.));
#1678=DIRECTION('',(0.,0.,1.));
#1679=DIRECTION('center_axis',(0.,0.,1.));
#1680=DIRECTION('ref_axis',(1.,0.,0.));
#1681=DIRECTION('center_axis',(0.,0.,1.));
#1682=DIRECTION('ref_axis',(1.,0.,0.));
#1683=DIRECTION('center_axis',(0.,0.,-1.));
#1684=DIRECTION('ref_axis',(1.,0.,0.));
#1685=DIRECTION('center_axis',(0.,-1.,0.));
#1686=DIRECTION('ref_axis',(-1.,0.,0.));
#1687=DIRECTION('center_axis',(0.,0.,-1.));
#1688=DIRECTION('ref_axis',(1.,0.,0.));
#1689=DIRECTION('',(0.,0.,1.));
#1690=DIRECTION('center_axis',(0.,0.,1.));
#1691=DIRECTION('ref_axis',(1.,0.,0.));
#1692=DIRECTION('center_axis',(0.,0.,1.));
#1693=DIRECTION('ref_axis',(1.,0.,0.));
#1694=DIRECTION('center_axis',(0.,0.,-1.));
#1695=DIRECTION('ref_axis',(1.,0.,0.));
#1696=DIRECTION('center_axis',(0.,-1.,0.));
#1697=DIRECTION('ref_axis',(-1.,0.,0.));
#1698=DIRECTION('center_axis',(0.,0.,-1.));
#1699=DIRECTION('ref_axis',(1.,0.,0.));
#1700=DIRECTION('',(0.,0.,1.));
#1701=DIRECTION('center_axis',(0.,0.,1.));
#1702=DIRECTION('ref_axis',(1.,0.,0.));
#1703=DIRECTION('center_axis',(0.,0.,1.));
#1704=DIRECTION('ref_axis',(1.,0.,0.));
#1705=DIRECTION('center_axis',(0.,0.,-1.));
#1706=DIRECTION('ref_axis',(1.,0.,0.));
#1707=DIRECTION('center_axis',(0.,-1.,0.));
#1708=DIRECTION('ref_axis',(-1.,0.,0.));
#1709=DIRECTION('center_axis',(0.,0.,-1.));
#1710=DIRECTION('ref_axis',(1.,0.,0.));
#1711=DIRECTION('',(0.,0.,1.));
#1712=DIRECTION('center_axis',(0.,0.,1.));
#1713=DIRECTION('ref_axis',(1.,0.,0.));
#1714=DIRECTION('center_axis',(0.,0.,1.));
#1715=DIRECTION('ref_axis',(1.,0.,0.));
#1716=DIRECTION('center_axis',(0.,0.,-1.));
#1717=DIRECTION('ref_axis',(1.,0.,0.));
#1718=DIRECTION('center_axis',(0.,-1.,0.));
#1719=DIRECTION('ref_axis',(-1.,0.,0.));
#1720=DIRECTION('center_axis',(0.,0.,-1.));
#1721=DIRECTION('ref_axis',(1.,0.,0.));
#1722=DIRECTION('',(0.,0.,1.));
#1723=DIRECTION('center_axis',(0.,0.,1.));
#1724=DIRECTION('ref_axis',(1.,0.,0.));
#1725=DIRECTION('center_axis',(0.,0.,1.));
#1726=DIRECTION('ref_axis',(1.,0.,0.));
#1727=DIRECTION('center_axis',(0.,0.,-1.));
#1728=DIRECTION('ref_axis',(1.,0.,0.));
#1729=DIRECTION('center_axis',(1.22464679914736E-16,-1.,0.));
#1730=DIRECTION('ref_axis',(-1.,-1.22464679914736E-16,0.));
#1731=DIRECTION('center_axis',(0.,0.,-1.));
#1732=DIRECTION('ref_axis',(1.,0.,0.));
#1733=DIRECTION('',(0.,0.,1.));
#1734=DIRECTION('center_axis',(0.,0.,1.));
#1735=DIRECTION('ref_axis',(1.,0.,0.));
#1736=DIRECTION('center_axis',(0.,0.,1.));
#1737=DIRECTION('ref_axis',(1.,0.,0.));
#1738=DIRECTION('center_axis',(0.,0.,-1.));
#1739=DIRECTION('ref_axis',(1.,0.,0.));
#1740=DIRECTION('center_axis',(0.,-1.,0.));
#1741=DIRECTION('ref_axis',(-1.,0.,0.));
#1742=DIRECTION('center_axis',(0.,0.,-1.));
#1743=DIRECTION('ref_axis',(1.,0.,0.));
#1744=DIRECTION('',(0.,0.,1.));
#1745=DIRECTION('center_axis',(0.,0.,1.));
#1746=DIRECTION('ref_axis',(1.,0.,0.));
#1747=DIRECTION('center_axis',(0.,0.,1.));
#1748=DIRECTION('ref_axis',(1.,0.,0.));
#1749=DIRECTION('center_axis',(0.,0.,-1.));
#1750=DIRECTION('ref_axis',(1.,0.,0.));
#1751=DIRECTION('center_axis',(0.,-1.,0.));
#1752=DIRECTION('ref_axis',(-1.,0.,0.));
#1753=DIRECTION('center_axis',(0.,0.,-1.));
#1754=DIRECTION('ref_axis',(1.,0.,0.));
#1755=DIRECTION('',(0.,0.,1.));
#1756=DIRECTION('center_axis',(0.,0.,1.));
#1757=DIRECTION('ref_axis',(1.,0.,0.));
#1758=DIRECTION('center_axis',(0.,0.,1.));
#1759=DIRECTION('ref_axis',(1.,0.,0.));
#1760=DIRECTION('center_axis',(0.,0.,-1.));
#1761=DIRECTION('ref_axis',(1.,0.,0.));
#1762=DIRECTION('center_axis',(0.,-1.,0.));
#1763=DIRECTION('ref_axis',(-1.,0.,0.));
#1764=DIRECTION('center_axis',(0.,0.,-1.));
#1765=DIRECTION('ref_axis',(1.,0.,0.));
#1766=DIRECTION('',(0.,0.,1.));
#1767=DIRECTION('center_axis',(0.,0.,1.));
#1768=DIRECTION('ref_axis',(1.,0.,0.));
#1769=DIRECTION('center_axis',(0.,0.,1.));
#1770=DIRECTION('ref_axis',(1.,0.,0.));
#1771=DIRECTION('center_axis',(0.,0.,-1.));
#1772=DIRECTION('ref_axis',(1.,0.,0.));
#1773=DIRECTION('center_axis',(1.22464679914736E-16,-1.,0.));
#1774=DIRECTION('ref_axis',(-1.,-1.22464679914736E-16,0.));
#1775=DIRECTION('center_axis',(0.,0.,-1.));
#1776=DIRECTION('ref_axis',(1.,0.,0.));
#1777=DIRECTION('',(0.,0.,1.));
#1778=DIRECTION('center_axis',(0.,0.,1.));
#1779=DIRECTION('ref_axis',(1.,0.,0.));
#1780=DIRECTION('center_axis',(0.,0.,1.));
#1781=DIRECTION('ref_axis',(1.,0.,0.));
#1782=DIRECTION('center_axis',(0.,0.,-1.));
#1783=DIRECTION('ref_axis',(1.,0.,0.));
#1784=DIRECTION('center_axis',(0.,-1.,0.));
#1785=DIRECTION('ref_axis',(-1.,0.,0.));
#1786=DIRECTION('center_axis',(0.,0.,-1.));
#1787=DIRECTION('ref_axis',(1.,0.,0.));
#1788=DIRECTION('',(0.,0.,1.));
#1789=DIRECTION('center_axis',(0.,0.,1.));
#1790=DIRECTION('ref_axis',(1.,0.,0.));
#1791=DIRECTION('center_axis',(0.,0.,1.));
#1792=DIRECTION('ref_axis',(1.,0.,0.));
#1793=DIRECTION('center_axis',(0.,0.,-1.));
#1794=DIRECTION('ref_axis',(1.,0.,0.));
#1795=DIRECTION('center_axis',(0.,-1.,0.));
#1796=DIRECTION('ref_axis',(-1.,0.,0.));
#1797=DIRECTION('center_axis',(0.,0.,-1.));
#1798=DIRECTION('ref_axis',(1.,0.,0.));
#1799=DIRECTION('',(0.,0.,1.));
#1800=DIRECTION('center_axis',(0.,0.,1.));
#1801=DIRECTION('ref_axis',(1.,0.,0.));
#1802=DIRECTION('center_axis',(0.,0.,1.));
#1803=DIRECTION('ref_axis',(1.,0.,0.));
#1804=DIRECTION('center_axis',(0.,0.,-1.));
#1805=DIRECTION('ref_axis',(1.,0.,0.));
#1806=DIRECTION('center_axis',(0.,-1.,0.));
#1807=DIRECTION('ref_axis',(-1.,0.,0.));
#1808=DIRECTION('center_axis',(0.,0.,-1.));
#1809=DIRECTION('ref_axis',(1.,0.,0.));
#1810=DIRECTION('',(0.,0.,1.));
#1811=DIRECTION('center_axis',(0.,0.,1.));
#1812=DIRECTION('ref_axis',(1.,0.,0.));
#1813=DIRECTION('center_axis',(0.,0.,1.));
#1814=DIRECTION('ref_axis',(1.,0.,0.));
#1815=DIRECTION('center_axis',(0.,0.,-1.));
#1816=DIRECTION('ref_axis',(1.,0.,0.));
#1817=DIRECTION('center_axis',(0.,-1.,0.));
#1818=DIRECTION('ref_axis',(-1.,0.,0.));
#1819=DIRECTION('center_axis',(0.,0.,-1.));
#1820=DIRECTION('ref_axis',(1.,0.,0.));
#1821=DIRECTION('',(0.,0.,1.));
#1822=DIRECTION('center_axis',(0.,0.,1.));
#1823=DIRECTION('ref_axis',(1.,0.,0.));
#1824=DIRECTION('center_axis',(0.,0.,1.));
#1825=DIRECTION('ref_axis',(1.,0.,0.));
#1826=DIRECTION('center_axis',(0.,0.,-1.));
#1827=DIRECTION('ref_axis',(1.,0.,0.));
#1828=DIRECTION('center_axis',(0.,-1.,0.));
#1829=DIRECTION('ref_axis',(-1.,0.,0.));
#1830=DIRECTION('center_axis',(0.,0.,-1.));
#1831=DIRECTION('ref_axis',(1.,0.,0.));
#1832=DIRECTION('',(0.,0.,1.));
#1833=DIRECTION('center_axis',(0.,0.,1.));
#1834=DIRECTION('ref_axis',(1.,0.,0.));
#1835=DIRECTION('center_axis',(0.,0.,1.));
#1836=DIRECTION('ref_axis',(1.,0.,0.));
#1837=DIRECTION('center_axis',(0.,0.,-1.));
#1838=DIRECTION('ref_axis',(1.,0.,0.));
#1839=DIRECTION('center_axis',(0.,-1.,0.));
#1840=DIRECTION('ref_axis',(-1.,0.,0.));
#1841=DIRECTION('center_axis',(0.,0.,-1.));
#1842=DIRECTION('ref_axis',(1.,0.,0.));
#1843=DIRECTION('',(0.,0.,1.));
#1844=DIRECTION('center_axis',(0.,0.,1.));
#1845=DIRECTION('ref_axis',(1.,0.,0.));
#1846=DIRECTION('center_axis',(0.,0.,1.));
#1847=DIRECTION('ref_axis',(1.,0.,0.));
#1848=DIRECTION('center_axis',(0.,0.,-1.));
#1849=DIRECTION('ref_axis',(1.,0.,0.));
#1850=DIRECTION('center_axis',(1.22464679914736E-16,-1.,0.));
#1851=DIRECTION('ref_axis',(-1.,-1.22464679914736E-16,0.));
#1852=DIRECTION('center_axis',(0.,0.,-1.));
#1853=DIRECTION('ref_axis',(1.,0.,0.));
#1854=DIRECTION('',(0.,0.,1.));
#1855=DIRECTION('center_axis',(0.,0.,1.));
#1856=DIRECTION('ref_axis',(1.,0.,0.));
#1857=DIRECTION('center_axis',(0.,0.,1.));
#1858=DIRECTION('ref_axis',(1.,0.,0.));
#1859=DIRECTION('center_axis',(0.,0.,-1.));
#1860=DIRECTION('ref_axis',(1.,0.,0.));
#1861=DIRECTION('center_axis',(0.,-1.,0.));
#1862=DIRECTION('ref_axis',(-1.,0.,0.));
#1863=DIRECTION('center_axis',(0.,0.,-1.));
#1864=DIRECTION('ref_axis',(1.,0.,0.));
#1865=DIRECTION('',(0.,0.,1.));
#1866=DIRECTION('center_axis',(0.,0.,1.));
#1867=DIRECTION('ref_axis',(1.,0.,0.));
#1868=DIRECTION('center_axis',(0.,0.,1.));
#1869=DIRECTION('ref_axis',(1.,0.,0.));
#1870=DIRECTION('center_axis',(0.,0.,-1.));
#1871=DIRECTION('ref_axis',(1.,0.,0.));
#1872=DIRECTION('center_axis',(1.22464679914736E-16,-1.,0.));
#1873=DIRECTION('ref_axis',(-1.,-1.22464679914736E-16,0.));
#1874=DIRECTION('center_axis',(0.,0.,-1.));
#1875=DIRECTION('ref_axis',(1.,0.,0.));
#1876=DIRECTION('',(0.,0.,1.));
#1877=DIRECTION('center_axis',(0.,0.,1.));
#1878=DIRECTION('ref_axis',(1.,0.,0.));
#1879=DIRECTION('center_axis',(0.,0.,1.));
#1880=DIRECTION('ref_axis',(1.,0.,0.));
#1881=DIRECTION('center_axis',(0.,0.,-1.));
#1882=DIRECTION('ref_axis',(1.,0.,0.));
#1883=DIRECTION('center_axis',(0.,-1.,0.));
#1884=DIRECTION('ref_axis',(-1.,0.,0.));
#1885=DIRECTION('center_axis',(0.,0.,-1.));
#1886=DIRECTION('ref_axis',(1.,0.,0.));
#1887=DIRECTION('',(0.,0.,1.));
#1888=DIRECTION('center_axis',(0.,0.,1.));
#1889=DIRECTION('ref_axis',(1.,0.,0.));
#1890=DIRECTION('center_axis',(0.,-1.,0.));
#1891=DIRECTION('ref_axis',(1.,0.,0.));
#1892=DIRECTION('',(1.,0.,0.));
#1893=DIRECTION('',(0.,0.,1.));
#1894=DIRECTION('',(1.,0.,0.));
#1895=DIRECTION('',(0.,0.,1.));
#1896=DIRECTION('center_axis',(-1.,0.,0.));
#1897=DIRECTION('ref_axis',(0.,-1.,0.));
#1898=DIRECTION('',(0.,-1.,0.));
#1899=DIRECTION('',(0.,-1.,0.));
#1900=DIRECTION('',(0.,0.,1.));
#1901=DIRECTION('center_axis',(0.,1.,0.));
#1902=DIRECTION('ref_axis',(-1.,0.,0.));
#1903=DIRECTION('',(-1.,0.,0.));
#1904=DIRECTION('',(-1.,0.,0.));
#1905=DIRECTION('',(0.,0.,1.));
#1906=DIRECTION('center_axis',(1.,0.,0.));
#1907=DIRECTION('ref_axis',(0.,1.,0.));
#1908=DIRECTION('',(0.,1.,0.));
#1909=DIRECTION('',(0.,1.,0.));
#1910=DIRECTION('center_axis',(0.,0.,1.));
#1911=DIRECTION('ref_axis',(1.,0.,0.));
#1912=DIRECTION('center_axis',(0.,0.,1.));
#1913=DIRECTION('ref_axis',(1.,0.,0.));
#1914=CARTESIAN_POINT('',(0.,0.,0.));
#1915=CARTESIAN_POINT('Origin',(0.531859943970214,0.835,3.9158));
#1916=CARTESIAN_POINT('',(0.531859943970214,0.835,3.9158));
#1917=CARTESIAN_POINT('',(-0.531859943970215,0.835,3.9158));
#1918=CARTESIAN_POINT('',(0.265929971985107,0.835,3.9158));
#1919=CARTESIAN_POINT('',(0.531859943970214,0.835,3.7158));
#1920=CARTESIAN_POINT('',(0.531859943970214,0.835,3.9158));
#1921=CARTESIAN_POINT('',(-0.531859943970215,0.835,3.7158));
#1922=CARTESIAN_POINT('',(0.835,0.835,3.7158));
#1923=CARTESIAN_POINT('',(-0.531859943970215,0.835,3.9158));
#1924=CARTESIAN_POINT('Origin',(0.,0.,3.9158));
#1925=CARTESIAN_POINT('',(0.835,0.531859943970214,3.9158));
#1926=CARTESIAN_POINT('Origin',(0.,0.,3.9158));
#1927=CARTESIAN_POINT('',(0.835,0.531859943970214,3.7158));
#1928=CARTESIAN_POINT('',(0.835,0.531859943970214,3.9158));
#1929=CARTESIAN_POINT('Origin',(0.,0.,3.7158));
#1930=CARTESIAN_POINT('Origin',(0.835,-0.531859943970214,3.9158));
#1931=CARTESIAN_POINT('',(0.835,-0.531859943970214,3.9158));
#1932=CARTESIAN_POINT('',(0.835,-0.265929971985107,3.9158));
#1933=CARTESIAN_POINT('',(0.835,-0.531859943970214,3.7158));
#1934=CARTESIAN_POINT('',(0.835,-0.531859943970214,3.9158));
#1935=CARTESIAN_POINT('',(0.835,-0.835,3.7158));
#1936=CARTESIAN_POINT('Origin',(0.,0.,3.9158));
#1937=CARTESIAN_POINT('',(0.531859943970215,-0.835,3.9158));
#1938=CARTESIAN_POINT('Origin',(0.,0.,3.9158));
#1939=CARTESIAN_POINT('',(0.531859943970215,-0.835,3.7158));
#1940=CARTESIAN_POINT('',(0.531859943970215,-0.835,3.9158));
#1941=CARTESIAN_POINT('Origin',(0.,0.,3.7158));
#1942=CARTESIAN_POINT('Origin',(-0.531859943970215,-0.835,3.9158));
#1943=CARTESIAN_POINT('',(-0.531859943970215,-0.835,3.9158));
#1944=CARTESIAN_POINT('',(-0.265929971985107,-0.835,3.9158));
#1945=CARTESIAN_POINT('',(-0.531859943970215,-0.835,3.7158));
#1946=CARTESIAN_POINT('',(-0.531859943970215,-0.835,3.9158));
#1947=CARTESIAN_POINT('',(-0.835,-0.835,3.7158));
#1948=CARTESIAN_POINT('Origin',(0.,0.,3.9158));
#1949=CARTESIAN_POINT('',(-0.835,-0.531859943970214,3.9158));
#1950=CARTESIAN_POINT('Origin',(0.,0.,3.9158));
#1951=CARTESIAN_POINT('',(-0.835,-0.531859943970214,3.7158));
#1952=CARTESIAN_POINT('',(-0.835,-0.531859943970214,3.9158));
#1953=CARTESIAN_POINT('Origin',(0.,0.,3.7158));
#1954=CARTESIAN_POINT('Origin',(-0.835,0.531859943970215,3.9158));
#1955=CARTESIAN_POINT('',(-0.835,0.531859943970215,3.9158));
#1956=CARTESIAN_POINT('',(-0.835,0.265929971985107,3.9158));
#1957=CARTESIAN_POINT('',(-0.835,0.531859943970215,3.7158));
#1958=CARTESIAN_POINT('',(-0.835,0.531859943970215,3.9158));
#1959=CARTESIAN_POINT('',(-0.835,0.835,3.7158));
#1960=CARTESIAN_POINT('Origin',(0.,0.,3.9158));
#1961=CARTESIAN_POINT('Origin',(0.,0.,3.9158));
#1962=CARTESIAN_POINT('Origin',(0.,0.,3.7158));
#1963=CARTESIAN_POINT('Origin',(0.,0.,3.9158));
#1964=CARTESIAN_POINT('',(1.16,1.42059028701093E-16,3.9158));
#1965=CARTESIAN_POINT('Origin',(0.,0.,3.9158));
#1966=CARTESIAN_POINT('',(1.16,1.38777878078145E-16,3.7158));
#1967=CARTESIAN_POINT('',(1.16,-1.42059028701093E-16,3.9158));
#1968=CARTESIAN_POINT('Origin',(0.,0.,3.7158));
#1969=CARTESIAN_POINT('Origin',(0.,0.,3.7158));
#1970=CARTESIAN_POINT('Origin',(0.,0.,3.9158));
#1971=CARTESIAN_POINT('',(-1.415,1.415,3.9158));
#1972=CARTESIAN_POINT('',(1.415,1.415,3.9158));
#1973=CARTESIAN_POINT('',(-1.415,1.415,3.9158));
#1974=CARTESIAN_POINT('',(-1.415,-1.415,3.9158));
#1975=CARTESIAN_POINT('',(-1.415,-1.415,3.9158));
#1976=CARTESIAN_POINT('',(1.415,-1.415,3.9158));
#1977=CARTESIAN_POINT('',(1.415,-1.415,3.9158));
#1978=CARTESIAN_POINT('',(1.415,1.415,3.9158));
#1979=CARTESIAN_POINT('Origin',(-1.415,1.415,3.9158));
#1980=CARTESIAN_POINT('',(-1.415,1.415,0.785));
#1981=CARTESIAN_POINT('',(1.415,1.415,0.785));
#1982=CARTESIAN_POINT('',(-0.7075,1.415,0.785));
#1983=CARTESIAN_POINT('',(-1.415,1.415,3.9158));
#1984=CARTESIAN_POINT('',(1.415,1.415,3.9158));
#1985=CARTESIAN_POINT('Origin',(-1.415,-1.415,3.9158));
#1986=CARTESIAN_POINT('',(-1.415,-1.415,0.785));
#1987=CARTESIAN_POINT('',(-1.415,-0.7075,0.785));
#1988=CARTESIAN_POINT('',(-1.415,-1.415,3.9158));
#1989=CARTESIAN_POINT('Origin',(1.415,-1.415,3.9158));
#1990=CARTESIAN_POINT('',(1.415,-1.415,0.785));
#1991=CARTESIAN_POINT('',(0.7075,-1.415,0.785));
#1992=CARTESIAN_POINT('',(1.415,-1.415,3.9158));
#1993=CARTESIAN_POINT('Origin',(1.415,1.415,3.9158));
#1994=CARTESIAN_POINT('',(1.415,0.7075,0.785));
#1995=CARTESIAN_POINT('Origin',(0.,0.,3.9158));
#1996=CARTESIAN_POINT('Origin',(-0.779999999999999,-0.499999999999999,0.125));
#1997=CARTESIAN_POINT('',(-0.904999999999999,-0.499999999999999,0.125));
#1998=CARTESIAN_POINT('Origin',(-0.779999999999999,-0.499999999999999,0.125));
#1999=CARTESIAN_POINT('',(-0.779999999999999,-0.499999999999999,3.46944695195361E-17));
#2000=CARTESIAN_POINT('Origin',(-0.779999999999999,-0.499999999999999,0.125));
#2001=CARTESIAN_POINT('Origin',(-0.779999999999999,-0.499999999999999,0.13));
#2002=CARTESIAN_POINT('',(-0.904999999999999,-0.499999999999999,0.13));
#2003=CARTESIAN_POINT('',(-0.904999999999999,-0.499999999999999,0.13));
#2004=CARTESIAN_POINT('Origin',(-0.779999999999999,-0.499999999999999,0.13));
#2005=CARTESIAN_POINT('Origin',(0.260000000000002,0.500000000000001,0.125));
#2006=CARTESIAN_POINT('',(0.135000000000002,0.500000000000001,0.125));
#2007=CARTESIAN_POINT('Origin',(0.260000000000002,0.500000000000001,0.125));
#2008=CARTESIAN_POINT('',(0.260000000000002,0.500000000000001,0.));
#2009=CARTESIAN_POINT('Origin',(0.260000000000002,0.500000000000001,0.125));
#2010=CARTESIAN_POINT('Origin',(0.260000000000002,0.500000000000001,0.13));
#2011=CARTESIAN_POINT('',(0.135000000000002,0.500000000000001,0.13));
#2012=CARTESIAN_POINT('',(0.135000000000002,0.500000000000001,0.13));
#2013=CARTESIAN_POINT('Origin',(0.260000000000002,0.500000000000001,0.13));
#2014=CARTESIAN_POINT('Origin',(0.260000000000002,1.,0.125));
#2015=CARTESIAN_POINT('',(0.135000000000002,1.,0.125));
#2016=CARTESIAN_POINT('Origin',(0.260000000000002,1.,0.125));
#2017=CARTESIAN_POINT('',(0.260000000000002,1.,0.));
#2018=CARTESIAN_POINT('Origin',(0.260000000000002,1.,0.125));
#2019=CARTESIAN_POINT('Origin',(0.260000000000002,1.,0.13));
#2020=CARTESIAN_POINT('',(0.135000000000002,1.,0.13));
#2021=CARTESIAN_POINT('',(0.135000000000002,1.,0.13));
#2022=CARTESIAN_POINT('Origin',(0.260000000000002,1.,0.13));
#2023=CARTESIAN_POINT('Origin',(0.780000000000002,0.500000000000001,0.125));
#2024=CARTESIAN_POINT('',(0.655000000000002,0.500000000000001,0.125));
#2025=CARTESIAN_POINT('Origin',(0.780000000000002,0.500000000000001,0.125));
#2026=CARTESIAN_POINT('',(0.780000000000002,0.500000000000001,3.46944695195361E-17));
#2027=CARTESIAN_POINT('Origin',(0.780000000000002,0.500000000000001,0.125));
#2028=CARTESIAN_POINT('Origin',(0.780000000000002,0.500000000000001,0.13));
#2029=CARTESIAN_POINT('',(0.655000000000002,0.500000000000001,0.13));
#2030=CARTESIAN_POINT('',(0.655000000000002,0.500000000000001,0.13));
#2031=CARTESIAN_POINT('Origin',(0.780000000000002,0.500000000000001,0.13));
#2032=CARTESIAN_POINT('Origin',(0.780000000000002,1.,0.125));
#2033=CARTESIAN_POINT('',(0.655000000000002,1.,0.125));
#2034=CARTESIAN_POINT('Origin',(0.780000000000002,1.,0.125));
#2035=CARTESIAN_POINT('',(0.780000000000002,1.,3.46944695195361E-17));
#2036=CARTESIAN_POINT('Origin',(0.780000000000002,1.,0.125));
#2037=CARTESIAN_POINT('Origin',(0.780000000000002,1.,0.13));
#2038=CARTESIAN_POINT('',(0.655000000000002,1.,0.13));
#2039=CARTESIAN_POINT('',(0.655000000000002,1.,0.13));
#2040=CARTESIAN_POINT('Origin',(0.780000000000002,1.,0.13));
#2041=CARTESIAN_POINT('Origin',(-0.259999999999999,-0.999999999999999,0.125));
#2042=CARTESIAN_POINT('',(-0.384999999999999,-0.999999999999999,0.125));
#2043=CARTESIAN_POINT('Origin',(-0.259999999999999,-0.999999999999999,0.125));
#2044=CARTESIAN_POINT('',(-0.259999999999999,-0.999999999999999,3.46944695195361E-17));
#2045=CARTESIAN_POINT('Origin',(-0.259999999999999,-0.999999999999999,0.125));
#2046=CARTESIAN_POINT('Origin',(-0.259999999999999,-0.999999999999999,0.13));
#2047=CARTESIAN_POINT('',(-0.384999999999999,-0.999999999999999,0.13));
#2048=CARTESIAN_POINT('',(-0.384999999999999,-0.999999999999999,0.13));
#2049=CARTESIAN_POINT('Origin',(-0.259999999999999,-0.999999999999999,0.13));
#2050=CARTESIAN_POINT('Origin',(-1.3,1.11022302462516E-15,0.125));
#2051=CARTESIAN_POINT('',(-1.425,1.1255311096145E-15,0.125));
#2052=CARTESIAN_POINT('Origin',(-1.3,1.11022302462516E-15,0.125));
#2053=CARTESIAN_POINT('',(-1.3,1.11022302462516E-15,-1.04083408558608E-16));
#2054=CARTESIAN_POINT('Origin',(-1.3,1.11022302462516E-15,0.125));
#2055=CARTESIAN_POINT('Origin',(-1.3,1.11022302462516E-15,0.13));
#2056=CARTESIAN_POINT('',(-1.425,1.09491493963581E-15,0.13));
#2057=CARTESIAN_POINT('',(-1.425,1.1255311096145E-15,0.13));
#2058=CARTESIAN_POINT('Origin',(-1.3,1.11022302462516E-15,0.13));
#2059=CARTESIAN_POINT('Origin',(-1.3,0.500000000000001,0.125));
#2060=CARTESIAN_POINT('',(-1.425,0.500000000000001,0.125));
#2061=CARTESIAN_POINT('Origin',(-1.3,0.500000000000001,0.125));
#2062=CARTESIAN_POINT('',(-1.3,0.500000000000001,-1.04083408558608E-16));
#2063=CARTESIAN_POINT('Origin',(-1.3,0.500000000000001,0.125));
#2064=CARTESIAN_POINT('Origin',(-1.3,0.500000000000001,0.13));
#2065=CARTESIAN_POINT('',(-1.425,0.500000000000001,0.13));
#2066=CARTESIAN_POINT('',(-1.425,0.500000000000001,0.13));
#2067=CARTESIAN_POINT('Origin',(-1.3,0.500000000000001,0.13));
#2068=CARTESIAN_POINT('Origin',(1.3,1.11022302462516E-15,0.125));
#2069=CARTESIAN_POINT('',(1.175,1.1255311096145E-15,0.125));
#2070=CARTESIAN_POINT('Origin',(1.3,1.11022302462516E-15,0.125));
#2071=CARTESIAN_POINT('',(1.3,1.11022302462516E-15,3.46944695195361E-17));
#2072=CARTESIAN_POINT('Origin',(1.3,1.11022302462516E-15,0.125));
#2073=CARTESIAN_POINT('Origin',(1.3,1.11022302462516E-15,0.13));
#2074=CARTESIAN_POINT('',(1.175,1.09491493963581E-15,0.13));
#2075=CARTESIAN_POINT('',(1.175,1.1255311096145E-15,0.13));
#2076=CARTESIAN_POINT('Origin',(1.3,1.11022302462516E-15,0.13));
#2077=CARTESIAN_POINT('Origin',(-1.3,-0.999999999999999,0.125));
#2078=CARTESIAN_POINT('',(-1.425,-0.999999999999999,0.125));
#2079=CARTESIAN_POINT('Origin',(-1.3,-0.999999999999999,0.125));
#2080=CARTESIAN_POINT('',(-1.3,-0.999999999999999,-1.04083408558608E-16));
#2081=CARTESIAN_POINT('Origin',(-1.3,-0.999999999999999,0.125));
#2082=CARTESIAN_POINT('Origin',(-1.3,-0.999999999999999,0.13));
#2083=CARTESIAN_POINT('',(-1.425,-0.999999999999999,0.13));
#2084=CARTESIAN_POINT('',(-1.425,-0.999999999999999,0.13));
#2085=CARTESIAN_POINT('Origin',(-1.3,-0.999999999999999,0.13));
#2086=CARTESIAN_POINT('Origin',(-0.779999999999999,-0.999999999999999,0.125));
#2087=CARTESIAN_POINT('',(-0.904999999999999,-0.999999999999999,0.125));
#2088=CARTESIAN_POINT('Origin',(-0.779999999999999,-0.999999999999999,0.125));
#2089=CARTESIAN_POINT('',(-0.779999999999999,-0.999999999999999,3.46944695195361E-17));
#2090=CARTESIAN_POINT('Origin',(-0.779999999999999,-0.999999999999999,0.125));
#2091=CARTESIAN_POINT('Origin',(-0.779999999999999,-0.999999999999999,0.13));
#2092=CARTESIAN_POINT('',(-0.904999999999999,-0.999999999999999,0.13));
#2093=CARTESIAN_POINT('',(-0.904999999999999,-0.999999999999999,0.13));
#2094=CARTESIAN_POINT('Origin',(-0.779999999999999,-0.999999999999999,0.13));
#2095=CARTESIAN_POINT('Origin',(1.3,-0.999999999999999,0.125));
#2096=CARTESIAN_POINT('',(1.175,-0.999999999999999,0.125));
#2097=CARTESIAN_POINT('Origin',(1.3,-0.999999999999999,0.125));
#2098=CARTESIAN_POINT('',(1.3,-0.999999999999999,3.46944695195361E-17));
#2099=CARTESIAN_POINT('Origin',(1.3,-0.999999999999999,0.125));
#2100=CARTESIAN_POINT('Origin',(1.3,-0.999999999999999,0.13));
#2101=CARTESIAN_POINT('',(1.175,-0.999999999999999,0.13));
#2102=CARTESIAN_POINT('',(1.175,-0.999999999999999,0.13));
#2103=CARTESIAN_POINT('Origin',(1.3,-0.999999999999999,0.13));
#2104=CARTESIAN_POINT('Origin',(0.260000000000002,-0.499999999999999,0.125));
#2105=CARTESIAN_POINT('',(0.135000000000002,-0.499999999999999,0.125));
#2106=CARTESIAN_POINT('Origin',(0.260000000000002,-0.499999999999999,0.125));
#2107=CARTESIAN_POINT('',(0.260000000000002,-0.499999999999999,0.));
#2108=CARTESIAN_POINT('Origin',(0.260000000000002,-0.499999999999999,0.125));
#2109=CARTESIAN_POINT('Origin',(0.260000000000002,-0.499999999999999,0.13));
#2110=CARTESIAN_POINT('',(0.135000000000002,-0.499999999999999,0.13));
#2111=CARTESIAN_POINT('',(0.135000000000002,-0.499999999999999,0.13));
#2112=CARTESIAN_POINT('Origin',(0.260000000000002,-0.499999999999999,0.13));
#2113=CARTESIAN_POINT('Origin',(-0.779999999999999,1.,0.125));
#2114=CARTESIAN_POINT('',(-0.904999999999999,1.,0.125));
#2115=CARTESIAN_POINT('Origin',(-0.779999999999999,1.,0.125));
#2116=CARTESIAN_POINT('',(-0.779999999999999,1.,3.46944695195361E-17));
#2117=CARTESIAN_POINT('Origin',(-0.779999999999999,1.,0.125));
#2118=CARTESIAN_POINT('Origin',(-0.779999999999999,1.,0.13));
#2119=CARTESIAN_POINT('',(-0.904999999999999,1.,0.13));
#2120=CARTESIAN_POINT('',(-0.904999999999999,1.,0.13));
#2121=CARTESIAN_POINT('Origin',(-0.779999999999999,1.,0.13));
#2122=CARTESIAN_POINT('Origin',(0.260000000000002,1.11022302462516E-15,
0.125));
#2123=CARTESIAN_POINT('',(0.135000000000002,1.1255311096145E-15,0.125));
#2124=CARTESIAN_POINT('Origin',(0.260000000000002,1.11022302462516E-15,
0.125));
#2125=CARTESIAN_POINT('',(0.260000000000002,1.11022302462516E-15,0.));
#2126=CARTESIAN_POINT('Origin',(0.260000000000002,1.11022302462516E-15,
0.125));
#2127=CARTESIAN_POINT('Origin',(0.260000000000002,1.11022302462516E-15,
0.13));
#2128=CARTESIAN_POINT('',(0.135000000000002,1.09491493963581E-15,0.13));
#2129=CARTESIAN_POINT('',(0.135000000000002,1.1255311096145E-15,0.13));
#2130=CARTESIAN_POINT('Origin',(0.260000000000002,1.11022302462516E-15,
0.13));
#2131=CARTESIAN_POINT('Origin',(-0.259999999999999,1.,0.125));
#2132=CARTESIAN_POINT('',(-0.384999999999999,1.,0.125));
#2133=CARTESIAN_POINT('Origin',(-0.259999999999999,1.,0.125));
#2134=CARTESIAN_POINT('',(-0.259999999999999,1.,3.46944695195361E-17));
#2135=CARTESIAN_POINT('Origin',(-0.259999999999999,1.,0.125));
#2136=CARTESIAN_POINT('Origin',(-0.259999999999999,1.,0.13));
#2137=CARTESIAN_POINT('',(-0.384999999999999,1.,0.13));
#2138=CARTESIAN_POINT('',(-0.384999999999999,1.,0.13));
#2139=CARTESIAN_POINT('Origin',(-0.259999999999999,1.,0.13));
#2140=CARTESIAN_POINT('Origin',(-0.259999999999999,-0.499999999999999,0.125));
#2141=CARTESIAN_POINT('',(-0.384999999999999,-0.499999999999999,0.125));
#2142=CARTESIAN_POINT('Origin',(-0.259999999999999,-0.499999999999999,0.125));
#2143=CARTESIAN_POINT('',(-0.259999999999999,-0.499999999999999,3.46944695195361E-17));
#2144=CARTESIAN_POINT('Origin',(-0.259999999999999,-0.499999999999999,0.125));
#2145=CARTESIAN_POINT('Origin',(-0.259999999999999,-0.499999999999999,0.13));
#2146=CARTESIAN_POINT('',(-0.384999999999999,-0.499999999999999,0.13));
#2147=CARTESIAN_POINT('',(-0.384999999999999,-0.499999999999999,0.13));
#2148=CARTESIAN_POINT('Origin',(-0.259999999999999,-0.499999999999999,0.13));
#2149=CARTESIAN_POINT('Origin',(-0.259999999999999,0.500000000000001,0.125));
#2150=CARTESIAN_POINT('',(-0.384999999999999,0.500000000000001,0.125));
#2151=CARTESIAN_POINT('Origin',(-0.259999999999999,0.500000000000001,0.125));
#2152=CARTESIAN_POINT('',(-0.259999999999999,0.500000000000001,3.46944695195361E-17));
#2153=CARTESIAN_POINT('Origin',(-0.259999999999999,0.500000000000001,0.125));
#2154=CARTESIAN_POINT('Origin',(-0.259999999999999,0.500000000000001,0.13));
#2155=CARTESIAN_POINT('',(-0.384999999999999,0.500000000000001,0.13));
#2156=CARTESIAN_POINT('',(-0.384999999999999,0.500000000000001,0.13));
#2157=CARTESIAN_POINT('Origin',(-0.259999999999999,0.500000000000001,0.13));
#2158=CARTESIAN_POINT('Origin',(0.780000000000002,1.11022302462516E-15,
0.125));
#2159=CARTESIAN_POINT('',(0.655000000000002,1.1255311096145E-15,0.125));
#2160=CARTESIAN_POINT('Origin',(0.780000000000002,1.11022302462516E-15,
0.125));
#2161=CARTESIAN_POINT('',(0.780000000000002,1.11022302462516E-15,3.46944695195361E-17));
#2162=CARTESIAN_POINT('Origin',(0.780000000000002,1.11022302462516E-15,
0.125));
#2163=CARTESIAN_POINT('Origin',(0.780000000000002,1.11022302462516E-15,
0.13));
#2164=CARTESIAN_POINT('',(0.655000000000002,1.09491493963581E-15,0.13));
#2165=CARTESIAN_POINT('',(0.655000000000002,1.1255311096145E-15,0.13));
#2166=CARTESIAN_POINT('Origin',(0.780000000000002,1.11022302462516E-15,
0.13));
#2167=CARTESIAN_POINT('Origin',(-0.779999999999999,0.500000000000001,0.125));
#2168=CARTESIAN_POINT('',(-0.904999999999999,0.500000000000001,0.125));
#2169=CARTESIAN_POINT('Origin',(-0.779999999999999,0.500000000000001,0.125));
#2170=CARTESIAN_POINT('',(-0.779999999999999,0.500000000000001,3.46944695195361E-17));
#2171=CARTESIAN_POINT('Origin',(-0.779999999999999,0.500000000000001,0.125));
#2172=CARTESIAN_POINT('Origin',(-0.779999999999999,0.500000000000001,0.13));
#2173=CARTESIAN_POINT('',(-0.904999999999999,0.500000000000001,0.13));
#2174=CARTESIAN_POINT('',(-0.904999999999999,0.500000000000001,0.13));
#2175=CARTESIAN_POINT('Origin',(-0.779999999999999,0.500000000000001,0.13));
#2176=CARTESIAN_POINT('Origin',(-1.3,-0.499999999999999,0.125));
#2177=CARTESIAN_POINT('',(-1.425,-0.499999999999999,0.125));
#2178=CARTESIAN_POINT('Origin',(-1.3,-0.499999999999999,0.125));
#2179=CARTESIAN_POINT('',(-1.3,-0.499999999999999,-1.04083408558608E-16));
#2180=CARTESIAN_POINT('Origin',(-1.3,-0.499999999999999,0.125));
#2181=CARTESIAN_POINT('Origin',(-1.3,-0.499999999999999,0.13));
#2182=CARTESIAN_POINT('',(-1.425,-0.499999999999999,0.13));
#2183=CARTESIAN_POINT('',(-1.425,-0.499999999999999,0.13));
#2184=CARTESIAN_POINT('Origin',(-1.3,-0.499999999999999,0.13));
#2185=CARTESIAN_POINT('Origin',(1.3,-0.499999999999999,0.125));
#2186=CARTESIAN_POINT('',(1.175,-0.499999999999999,0.125));
#2187=CARTESIAN_POINT('Origin',(1.3,-0.499999999999999,0.125));
#2188=CARTESIAN_POINT('',(1.3,-0.499999999999999,3.46944695195361E-17));
#2189=CARTESIAN_POINT('Origin',(1.3,-0.499999999999999,0.125));
#2190=CARTESIAN_POINT('Origin',(1.3,-0.499999999999999,0.13));
#2191=CARTESIAN_POINT('',(1.175,-0.499999999999999,0.13));
#2192=CARTESIAN_POINT('',(1.175,-0.499999999999999,0.13));
#2193=CARTESIAN_POINT('Origin',(1.3,-0.499999999999999,0.13));
#2194=CARTESIAN_POINT('Origin',(1.3,0.500000000000001,0.125));
#2195=CARTESIAN_POINT('',(1.175,0.500000000000001,0.125));
#2196=CARTESIAN_POINT('Origin',(1.3,0.500000000000001,0.125));
#2197=CARTESIAN_POINT('',(1.3,0.500000000000001,3.46944695195361E-17));
#2198=CARTESIAN_POINT('Origin',(1.3,0.500000000000001,0.125));
#2199=CARTESIAN_POINT('Origin',(1.3,0.500000000000001,0.13));
#2200=CARTESIAN_POINT('',(1.175,0.500000000000001,0.13));
#2201=CARTESIAN_POINT('',(1.175,0.500000000000001,0.13));
#2202=CARTESIAN_POINT('Origin',(1.3,0.500000000000001,0.13));
#2203=CARTESIAN_POINT('Origin',(-1.3,1.,0.125));
#2204=CARTESIAN_POINT('',(-1.425,1.,0.125));
#2205=CARTESIAN_POINT('Origin',(-1.3,1.,0.125));
#2206=CARTESIAN_POINT('',(-1.3,1.,-1.04083408558608E-16));
#2207=CARTESIAN_POINT('Origin',(-1.3,1.,0.125));
#2208=CARTESIAN_POINT('Origin',(-1.3,1.,0.13));
#2209=CARTESIAN_POINT('',(-1.425,1.,0.13));
#2210=CARTESIAN_POINT('',(-1.425,1.,0.13));
#2211=CARTESIAN_POINT('Origin',(-1.3,1.,0.13));
#2212=CARTESIAN_POINT('Origin',(0.260000000000002,-0.999999999999999,0.125));
#2213=CARTESIAN_POINT('',(0.135000000000002,-0.999999999999999,0.125));
#2214=CARTESIAN_POINT('Origin',(0.260000000000002,-0.999999999999999,0.125));
#2215=CARTESIAN_POINT('',(0.260000000000002,-0.999999999999999,0.));
#2216=CARTESIAN_POINT('Origin',(0.260000000000002,-0.999999999999999,0.125));
#2217=CARTESIAN_POINT('Origin',(0.260000000000002,-0.999999999999999,0.13));
#2218=CARTESIAN_POINT('',(0.135000000000002,-0.999999999999999,0.13));
#2219=CARTESIAN_POINT('',(0.135000000000002,-0.999999999999999,0.13));
#2220=CARTESIAN_POINT('Origin',(0.260000000000002,-0.999999999999999,0.13));
#2221=CARTESIAN_POINT('Origin',(-0.779999999999999,1.11022302462516E-15,
0.125));
#2222=CARTESIAN_POINT('',(-0.904999999999999,1.1255311096145E-15,0.125));
#2223=CARTESIAN_POINT('Origin',(-0.779999999999999,1.11022302462516E-15,
0.125));
#2224=CARTESIAN_POINT('',(-0.779999999999999,1.11022302462516E-15,3.46944695195361E-17));
#2225=CARTESIAN_POINT('Origin',(-0.779999999999999,1.11022302462516E-15,
0.125));
#2226=CARTESIAN_POINT('Origin',(-0.779999999999999,1.11022302462516E-15,
0.13));
#2227=CARTESIAN_POINT('',(-0.904999999999999,1.09491493963581E-15,0.13));
#2228=CARTESIAN_POINT('',(-0.904999999999999,1.1255311096145E-15,0.13));
#2229=CARTESIAN_POINT('Origin',(-0.779999999999999,1.11022302462516E-15,
0.13));
#2230=CARTESIAN_POINT('Origin',(0.780000000000002,-0.999999999999999,0.125));
#2231=CARTESIAN_POINT('',(0.655000000000002,-0.999999999999999,0.125));
#2232=CARTESIAN_POINT('Origin',(0.780000000000002,-0.999999999999999,0.125));
#2233=CARTESIAN_POINT('',(0.780000000000002,-0.999999999999999,3.46944695195361E-17));
#2234=CARTESIAN_POINT('Origin',(0.780000000000002,-0.999999999999999,0.125));
#2235=CARTESIAN_POINT('Origin',(0.780000000000002,-0.999999999999999,0.13));
#2236=CARTESIAN_POINT('',(0.655000000000002,-0.999999999999999,0.13));
#2237=CARTESIAN_POINT('',(0.655000000000002,-0.999999999999999,0.13));
#2238=CARTESIAN_POINT('Origin',(0.780000000000002,-0.999999999999999,0.13));
#2239=CARTESIAN_POINT('Origin',(-0.259999999999999,1.11022302462516E-15,
0.125));
#2240=CARTESIAN_POINT('',(-0.384999999999999,1.1255311096145E-15,0.125));
#2241=CARTESIAN_POINT('Origin',(-0.259999999999999,1.11022302462516E-15,
0.125));
#2242=CARTESIAN_POINT('',(-0.259999999999999,1.11022302462516E-15,3.46944695195361E-17));
#2243=CARTESIAN_POINT('Origin',(-0.259999999999999,1.11022302462516E-15,
0.125));
#2244=CARTESIAN_POINT('Origin',(-0.259999999999999,1.11022302462516E-15,
0.13));
#2245=CARTESIAN_POINT('',(-0.384999999999999,1.09491493963581E-15,0.13));
#2246=CARTESIAN_POINT('',(-0.384999999999999,1.1255311096145E-15,0.13));
#2247=CARTESIAN_POINT('Origin',(-0.259999999999999,1.11022302462516E-15,
0.13));
#2248=CARTESIAN_POINT('Origin',(0.780000000000002,-0.499999999999999,0.125));
#2249=CARTESIAN_POINT('',(0.655000000000002,-0.499999999999999,0.125));
#2250=CARTESIAN_POINT('Origin',(0.780000000000002,-0.499999999999999,0.125));
#2251=CARTESIAN_POINT('',(0.780000000000002,-0.499999999999999,3.46944695195361E-17));
#2252=CARTESIAN_POINT('Origin',(0.780000000000002,-0.499999999999999,0.125));
#2253=CARTESIAN_POINT('Origin',(0.780000000000002,-0.499999999999999,0.13));
#2254=CARTESIAN_POINT('',(0.655000000000002,-0.499999999999999,0.13));
#2255=CARTESIAN_POINT('',(0.655000000000002,-0.499999999999999,0.13));
#2256=CARTESIAN_POINT('Origin',(0.780000000000002,-0.499999999999999,0.13));
#2257=CARTESIAN_POINT('Origin',(-1.6125,-1.6125,0.13));
#2258=CARTESIAN_POINT('',(-1.6125,-1.6125,0.13));
#2259=CARTESIAN_POINT('',(1.6125,-1.6125,0.13));
#2260=CARTESIAN_POINT('',(-1.6125,-1.6125,0.13));
#2261=CARTESIAN_POINT('',(1.6125,-1.6125,0.785));
#2262=CARTESIAN_POINT('',(1.6125,-1.6125,0.13));
#2263=CARTESIAN_POINT('',(-1.6125,-1.6125,0.785));
#2264=CARTESIAN_POINT('',(-1.6125,-1.6125,0.785));
#2265=CARTESIAN_POINT('',(-1.6125,-1.6125,0.13));
#2266=CARTESIAN_POINT('Origin',(-1.6125,1.6125,0.13));
#2267=CARTESIAN_POINT('',(-1.6125,1.6125,0.13));
#2268=CARTESIAN_POINT('',(-1.6125,1.6125,0.13));
#2269=CARTESIAN_POINT('',(-1.6125,1.6125,0.785));
#2270=CARTESIAN_POINT('',(-1.6125,1.6125,0.785));
#2271=CARTESIAN_POINT('',(-1.6125,1.6125,0.13));
#2272=CARTESIAN_POINT('Origin',(1.6125,1.6125,0.13));
#2273=CARTESIAN_POINT('',(1.6125,1.6125,0.13));
#2274=CARTESIAN_POINT('',(1.6125,1.6125,0.13));
#2275=CARTESIAN_POINT('',(1.6125,1.6125,0.785));
#2276=CARTESIAN_POINT('',(1.6125,1.6125,0.785));
#2277=CARTESIAN_POINT('',(1.6125,1.6125,0.13));
#2278=CARTESIAN_POINT('Origin',(1.6125,-1.6125,0.13));
#2279=CARTESIAN_POINT('',(1.6125,-1.6125,0.13));
#2280=CARTESIAN_POINT('',(1.6125,-1.6125,0.785));
#2281=CARTESIAN_POINT('Origin',(0.,0.,0.785));
#2282=CARTESIAN_POINT('Origin',(0.,0.,0.13));
#2283=UNCERTAINTY_MEASURE_WITH_UNIT(LENGTH_MEASURE(0.01),#2287,
'DISTANCE_ACCURACY_VALUE',
'Maximum model space distance between geometric entities at asserted c
onnectivities');
#2284=UNCERTAINTY_MEASURE_WITH_UNIT(LENGTH_MEASURE(0.01),#2287,
'DISTANCE_ACCURACY_VALUE',
'Maximum model space distance between geometric entities at asserted c
onnectivities');
#2285=(
GEOMETRIC_REPRESENTATION_CONTEXT(3)
GLOBAL_UNCERTAINTY_ASSIGNED_CONTEXT((#2283))
GLOBAL_UNIT_ASSIGNED_CONTEXT((#2287,#2289,#2290))
REPRESENTATION_CONTEXT('','3D')
);
#2286=(
GEOMETRIC_REPRESENTATION_CONTEXT(3)
GLOBAL_UNCERTAINTY_ASSIGNED_CONTEXT((#2284))
GLOBAL_UNIT_ASSIGNED_CONTEXT((#2287,#2289,#2290))
REPRESENTATION_CONTEXT('','3D')
);
#2287=(
LENGTH_UNIT()
NAMED_UNIT(*)
SI_UNIT(.MILLI.,.METRE.)
);
#2288=(
LENGTH_UNIT()
NAMED_UNIT(*)
SI_UNIT($,.METRE.)
);
#2289=(
NAMED_UNIT(*)
PLANE_ANGLE_UNIT()
SI_UNIT($,.RADIAN.)
);
#2290=(
NAMED_UNIT(*)
SI_UNIT($,.STERADIAN.)
SOLID_ANGLE_UNIT()
);
#2291=SHAPE_DEFINITION_REPRESENTATION(#2292,#2293);
#2292=PRODUCT_DEFINITION_SHAPE('',$,#2295);
#2293=SHAPE_REPRESENTATION('',(#1310),#2285);
#2294=PRODUCT_DEFINITION_CONTEXT('part definition',#2299,'design');
#2295=PRODUCT_DEFINITION('(Unsaved)','(Unsaved)',#2296,#2294);
#2296=PRODUCT_DEFINITION_FORMATION('',$,#2301);
#2297=PRODUCT_RELATED_PRODUCT_CATEGORY('(Unsaved)','(Unsaved)',(#2301));
#2298=APPLICATION_PROTOCOL_DEFINITION('international standard',
'automotive_design',2009,#2299);
#2299=APPLICATION_CONTEXT(
'Core Data for Automotive Mechanical Design Process');
#2300=PRODUCT_CONTEXT('part definition',#2299,'mechanical');
#2301=PRODUCT('(Unsaved)','(Unsaved)',$,(#2300));
#2302=PRESENTATION_STYLE_ASSIGNMENT((#2306));
#2303=PRESENTATION_STYLE_ASSIGNMENT((#2307));
#2304=PRESENTATION_STYLE_ASSIGNMENT((#2308));
#2305=PRESENTATION_STYLE_ASSIGNMENT((#2309));
#2306=SURFACE_STYLE_USAGE(.BOTH.,#2310);
#2307=SURFACE_STYLE_USAGE(.BOTH.,#2311);
#2308=SURFACE_STYLE_USAGE(.BOTH.,#2312);
#2309=SURFACE_STYLE_USAGE(.BOTH.,#2313);
#2310=SURFACE_SIDE_STYLE('',(#2314));
#2311=SURFACE_SIDE_STYLE('',(#2315));
#2312=SURFACE_SIDE_STYLE('',(#2316));
#2313=SURFACE_SIDE_STYLE('',(#2317));
#2314=SURFACE_STYLE_FILL_AREA(#2318);
#2315=SURFACE_STYLE_FILL_AREA(#2319);
#2316=SURFACE_STYLE_FILL_AREA(#2320);
#2317=SURFACE_STYLE_FILL_AREA(#2321);
#2318=FILL_AREA_STYLE('Steel - Satin',(#2322));
#2319=FILL_AREA_STYLE('ABS (Grey)',(#2323));
#2320=FILL_AREA_STYLE('Plastic - Translucent Matte (Blue)',(#2324));
#2321=FILL_AREA_STYLE('Lead - Satin',(#2325));
#2322=FILL_AREA_STYLE_COLOUR('Steel - Satin',#2326);
#2323=FILL_AREA_STYLE_COLOUR('ABS (Grey)',#2327);
#2324=FILL_AREA_STYLE_COLOUR('Plastic - Translucent Matte (Blue)',#2328);
#2325=FILL_AREA_STYLE_COLOUR('Lead - Satin',#2329);
#2326=COLOUR_RGB('Steel - Satin',0.627450980392157,0.627450980392157,0.627450980392157);
#2327=COLOUR_RGB('ABS (Grey)',0.0705882352941176,0.0705882352941176,0.0705882352941176);
#2328=COLOUR_RGB('Plastic - Translucent Matte (Blue)',0.,0.0196078431372549,
0.152941176470588);
#2329=COLOUR_RGB('Lead - Satin',0.815686274509804,0.815686274509804,0.815686274509804);
ENDSEC;
END-ISO-10303-21;
